$MeshFormat
4.1 0 8
$EndMeshFormat
$PhysicalNames
4
1 3 "Air_Infinity"
1 4 "HTS_Boundary"
2 1 "HTS"
2 2 "Air"
$EndPhysicalNames
$Entities
13 12 3 0
9 0 0 0 0 
10 10 0 0 0 
11 0 10 0 0 
12 0 -10 0 0 
13 -10 0 0 0 
14 -2 0.02 0 0 
15 -2 -0.02 0 0 
16 -0.1 -0.02 0 0 
17 -0.1 0.02 0 0 
18 0.1 -0.02 0 0 
19 2 -0.02 0 0 
20 2 0.02 0 0 
21 0.1 0.02 0 0 
1 -9.999999850407448e-08 -1.000000011686097e-07 -1e-07 10.0000001 10.0000001 1e-07 0 2 10 -11 
2 -1.000000002804313e-07 -10.0000001 -1e-07 10.0000001 9.999999850407448e-08 1e-07 0 2 12 -10 
3 -10.0000001 -9.999999761589606e-08 -1e-07 1.000000020567882e-07 10.0000001 1e-07 0 2 11 -13 
4 -10.0000001 -10.0000001 -1e-07 9.99999993922529e-08 1.000000002804313e-07 1e-07 0 2 13 -12 
5 -2.0000801004 -0.0200801004 -8.010040000000001e-05 -1.9999198996 0.0200801004 8.010040000000001e-05 1 4 2 14 -15 
6 -2.0009501001 -0.0209501001 -0.0009501000999999999 -0.09904989990000002 -0.0190498999 0.0009501000999999999 1 4 2 15 -16 
7 -0.1000801004 -0.0200801004 -8.010040000000001e-05 -0.0999198996 0.0200801004 8.010040000000001e-05 1 4 2 17 -16 
8 -2.0009501001 0.0190498999 -0.0009501000999999999 -0.09904989990000002 0.0209501001 0.0009501000999999999 1 4 2 17 -14 
9 0.09904989990000002 -0.0209501001 -0.0009501000999999999 2.0009501001 -0.0190498999 0.0009501000999999999 2 3 4 2 18 -19 
10 1.9999198996 -0.0200801004 -8.010040000000001e-05 2.0000801004 0.0200801004 8.010040000000001e-05 2 3 4 2 19 -20 
11 0.09904989990000002 0.0190498999 -0.0009501000999999999 2.0009501001 0.0209501001 0.0009501000999999999 2 3 4 2 20 -21 
12 0.0999198996 -0.0200801004 -8.010040000000001e-05 0.1000801004 0.0200801004 8.010040000000001e-05 2 3 4 2 18 -21 
15 -2.0000001 -0.0200001 -1e-07 -0.09999990000000003 0.0200001 1e-07 1 1 4 5 6 -7 8 
16 0.09999990000000003 -0.0200001 -1e-07 2.0000001 0.0200001 1e-07 1 1 4 -12 9 10 11 
17 -10.0000001 -10.0000001 -1e-07 10.0000001 10.0000001 1e-07 1 2 12 1 3 4 2 -5 -8 7 -6 -9 12 -11 -10 
$EndEntities
$Nodes
27 7854 1 7854
0 10 0 1
1
10 0 0
0 11 0 1
2
0 10 0
0 12 0 1
3
0 -10 0
0 13 0 1
4
-10 0 0
0 14 0 1
5
-2 0.02 0
0 15 0 1
6
-2 -0.02 0
0 16 0 1
7
-0.1 -0.02 0
0 17 0 1
8
-0.1 0.02 0
0 18 0 1
9
0.1 -0.02 0
0 19 0 1
10
2 -0.02 0
0 20 0 1
11
2 0.02 0
0 21 0 1
12
0.1 0.02 0
1 1 0 31
13
14
15
16
17
18
19
20
21
22
23
24
25
26
27
28
29
30
31
32
33
34
35
36
37
38
39
40
41
42
43
9.987954562051724 0.4906767432741772 0
9.95184726672197 0.9801714032956059 0
9.891765099647809 1.467304744553616 0
9.807852804032304 1.950903220161284 0
9.700312531945439 2.429801799032638 0
9.56940335732209 2.902846772544621 0
9.415440651830208 3.368898533922201 0
9.238795325112868 3.826834323650897 0
9.039892931234434 4.275550934302818 0
8.819212643483551 4.713967368259977 0
8.577286100002722 5.141027441932216 0
8.314696123025454 5.55570233019602 0
8.03207531480645 5.956993044924332 0
7.730104533627371 6.343932841636453 0
7.409511253549591 6.715589548470184 0
7.071067811865477 7.071067811865475 0
6.715589548470186 7.409511253549589 0
6.343932841636459 7.730104533627367 0
5.956993044924332 8.03207531480645 0
5.555702330196022 8.314696123025453 0
5.141027441932218 8.57728610000272 0
4.713967368259978 8.819212643483549 0
4.275550934302824 9.039892931234432 0
3.826834323650903 9.238795325112864 0
3.3688985339222 9.415440651830208 0
2.902846772544625 9.569403357322088 0
2.429801799032641 9.700312531945439 0
1.950903220161287 9.807852804032303 0
1.467304744553623 9.891765099647809 0
0.9801714032956045 9.95184726672197 0
0.4906767432741803 9.987954562051724 0
1 2 0 31
44
45
46
47
48
49
50
51
52
53
54
55
56
57
58
59
60
61
62
63
64
65
66
67
68
69
70
71
72
73
74
0.4906767432741779 -9.987954562051724 0
0.980171403295602 -9.95184726672197 0
1.467304744553614 -9.891765099647809 0
1.950903220161278 -9.807852804032306 0
2.429801799032632 -9.700312531945443 0
2.902846772544616 -9.569403357322091 0
3.368898533922191 -9.415440651830211 0
3.826834323650889 -9.238795325112871 0
4.275550934302811 -9.039892931234437 0
4.713967368259965 -8.819212643483556 0
5.141027441932204 -8.577286100002727 0
5.555702330196008 -8.314696123025461 0
5.956993044924319 -8.032075314806459 0
6.343932841636439 -7.730104533627382 0
6.715589548470168 -7.409511253549605 0
7.07106781186546 -7.071067811865491 0
7.409511253549578 -6.715589548470199 0
7.730104533627356 -6.343932841636471 0
8.032075314806438 -5.956993044924349 0
8.314696123025444 -5.555702330196036 0
8.577286100002711 -5.141027441932233 0
8.819212643483546 -4.713967368259986 0
9.039892931234428 -4.275550934302832 0
9.238795325112864 -3.826834323650907 0
9.415440651830204 -3.368898533922212 0
9.569403357322086 -2.902846772544632 0
9.700312531945439 -2.429801799032645 0
9.807852804032304 -1.950903220161286 0
9.891765099647809 -1.467304744553622 0
9.951847266721968 -0.9801714032956083 0
9.987954562051724 -0.4906767432741841 0
1 3 0 31
75
76
77
78
79
80
81
82
83
84
85
86
87
88
89
90
91
92
93
94
95
96
97
98
99
100
101
102
103
104
105
-0.4906767432741766 9.987954562051724 0
-0.9801714032956009 9.95184726672197 0
-1.467304744553619 9.891765099647809 0
-1.950903220161283 9.807852804032304 0
-2.429801799032638 9.700312531945439 0
-2.902846772544621 9.56940335732209 0
-3.368898533922196 9.41544065183021 0
-3.8268343236509 9.238795325112866 0
-4.275550934302822 9.039892931234434 0
-4.713967368259976 8.819212643483551 0
-5.141027441932216 8.577286100002722 0
-5.555702330196018 8.314696123025454 0
-5.956993044924329 8.032075314806452 0
-6.343932841636456 7.730104533627369 0
-6.715589548470184 7.409511253549591 0
-7.071067811865474 7.071067811865477 0
-7.409511253549589 6.715589548470186 0
-7.730104533627367 6.343932841636459 0
-8.03207531480645 5.956993044924332 0
-8.314696123025453 5.555702330196022 0
-8.57728610000272 5.141027441932219 0
-8.819212643483548 4.713967368259979 0
-9.039892931234432 4.275550934302825 0
-9.238795325112864 3.826834323650904 0
-9.415440651830208 3.3688985339222 0
-9.569403357322088 2.902846772544625 0
-9.700312531945439 2.429801799032642 0
-9.807852804032303 1.950903220161287 0
-9.891765099647809 1.467304744553624 0
-9.95184726672197 0.980171403295605 0
-9.987954562051724 0.4906767432741809 0
1 4 0 31
106
107
108
109
110
111
112
113
114
115
116
117
118
119
120
121
122
123
124
125
126
127
128
129
130
131
132
133
134
135
136
-9.987954562051724 -0.4906767432741789 0
-9.95184726672197 -0.9801714032956035 0
-9.891765099647809 -1.467304744553614 0
-9.807852804032306 -1.950903220161278 0
-9.700312531945441 -2.429801799032633 0
-9.569403357322091 -2.902846772544617 0
-9.41544065183021 -3.368898533922193 0
-9.238795325112871 -3.82683432365089 0
-9.039892931234437 -4.275550934302811 0
-8.819212643483556 -4.713967368259965 0
-8.577286100002727 -5.141027441932207 0
-8.31469612302546 -5.555702330196009 0
-8.032075314806459 -5.956993044924321 0
-7.730104533627379 -6.343932841636443 0
-7.409511253549602 -6.715589548470172 0
-7.071067811865488 -7.071067811865462 0
-6.7155895484702 -7.409511253549576 0
-6.34393284163647 -7.730104533627356 0
-5.956993044924347 -8.032075314806439 0
-5.555702330196035 -8.314696123025444 0
-5.14102744193223 -8.577286100002713 0
-4.713967368259987 -8.819212643483544 0
-4.275550934302832 -9.039892931234428 0
-3.826834323650909 -9.238795325112862 0
-3.368898533922211 -9.415440651830204 0
-2.902846772544634 -9.569403357322086 0
-2.429801799032644 -9.700312531945439 0
-1.950903220161287 -9.807852804032303 0
-1.467304744553622 -9.891765099647809 0
-0.9801714032956077 -9.951847266721968 0
-0.4906767432741813 -9.987954562051724 0
1 5 0 3
137
138
139
-2 0.01000000000000001 0
-2 3.469446951953614e-18 0
-2 -0.009999999999999998 0
1 6 0 189
140
141
142
143
144
145
146
147
148
149
150
151
152
153
154
155
156
157
158
159
160
161
162
163
164
165
166
167
168
169
170
171
172
173
174
175
176
177
178
179
180
181
182
183
184
185
186
187
188
189
190
191
192
193
194
195
196
197
198
199
200
201
202
203
204
205
206
207
208
209
210
211
212
213
214
215
216
217
218
219
220
221
222
223
224
225
226
227
228
229
230
231
232
233
234
235
236
237
238
239
240
241
242
243
244
245
246
247
248
249
250
251
252
253
254
255
256
257
258
259
260
261
262
263
264
265
266
267
268
269
270
271
272
273
274
275
276
277
278
279
280
281
282
283
284
285
286
287
288
289
290
291
292
293
294
295
296
297
298
299
300
301
302
303
304
305
306
307
308
309
310
311
312
313
314
315
316
317
318
319
320
321
322
323
324
325
326
327
328
-1.99 -0.02 0
-1.98 -0.02 0
-1.97 -0.02 0
-1.96 -0.02 0
-1.95 -0.02 0
-1.94 -0.02 0
-1.93 -0.02 0
-1.92 -0.02 0
-1.91 -0.02 0
-1.9 -0.02 0
-1.89 -0.02 0
-1.88 -0.02 0
-1.87 -0.02 0
-1.86 -0.02 0
-1.85 -0.02 0
-1.84 -0.02 0
-1.83 -0.02 0
-1.82 -0.02 0
-1.81 -0.02 0
-1.8 -0.02 0
-1.79 -0.02 0
-1.78 -0.02 0
-1.77 -0.02 0
-1.76 -0.02 0
-1.75 -0.02 0
-1.74 -0.02 0
-1.73 -0.02 0
-1.72 -0.02 0
-1.71 -0.02 0
-1.7 -0.02 0
-1.69 -0.02 0
-1.68 -0.02 0
-1.67 -0.02 0
-1.660000000000001 -0.02 0
-1.650000000000001 -0.02 0
-1.640000000000001 -0.02 0
-1.630000000000001 -0.02 0
-1.620000000000001 -0.02 0
-1.610000000000001 -0.02 0
-1.600000000000001 -0.02 0
-1.590000000000001 -0.02 0
-1.580000000000001 -0.02 0
-1.570000000000001 -0.02 0
-1.560000000000001 -0.02 0
-1.550000000000001 -0.02 0
-1.540000000000001 -0.02 0
-1.530000000000001 -0.02 0
-1.520000000000001 -0.02 0
-1.510000000000001 -0.02 0
-1.500000000000001 -0.02 0
-1.490000000000001 -0.02 0
-1.480000000000001 -0.02 0
-1.470000000000001 -0.02 0
-1.460000000000001 -0.02 0
-1.450000000000001 -0.02 0
-1.440000000000001 -0.02 0
-1.430000000000001 -0.02 0
-1.420000000000001 -0.02 0
-1.410000000000001 -0.02 0
-1.400000000000001 -0.02 0
-1.390000000000001 -0.02 0
-1.380000000000001 -0.02 0
-1.370000000000001 -0.02 0
-1.360000000000001 -0.02 0
-1.350000000000001 -0.02 0
-1.340000000000001 -0.02 0
-1.330000000000001 -0.02 0
-1.320000000000001 -0.02 0
-1.310000000000001 -0.02 0
-1.300000000000001 -0.02 0
-1.290000000000001 -0.02 0
-1.280000000000001 -0.02 0
-1.270000000000001 -0.02 0
-1.260000000000001 -0.02 0
-1.250000000000001 -0.02 0
-1.240000000000002 -0.02 0
-1.230000000000001 -0.02 0
-1.220000000000002 -0.02 0
-1.210000000000001 -0.02 0
-1.200000000000002 -0.02 0
-1.190000000000001 -0.02 0
-1.180000000000001 -0.02 0
-1.170000000000001 -0.02 0
-1.160000000000001 -0.02 0
-1.150000000000002 -0.02 0
-1.140000000000001 -0.02 0
-1.130000000000001 -0.02 0
-1.120000000000001 -0.02 0
-1.110000000000001 -0.02 0
-1.100000000000001 -0.02 0
-1.090000000000002 -0.02 0
-1.080000000000002 -0.02 0
-1.070000000000002 -0.02 0
-1.060000000000002 -0.02 0
-1.050000000000002 -0.02 0
-1.040000000000002 -0.02 0
-1.030000000000002 -0.02 0
-1.020000000000002 -0.02 0
-1.010000000000002 -0.02 0
-1.000000000000002 -0.02 0
-0.9900000000000015 -0.02 0
-0.9800000000000018 -0.02 0
-0.9700000000000017 -0.02 0
-0.9600000000000017 -0.02 0
-0.9500000000000017 -0.02 0
-0.9400000000000017 -0.02 0
-0.9300000000000017 -0.02 0
-0.9200000000000015 -0.02 0
-0.9100000000000015 -0.02 0
-0.9000000000000015 -0.02 0
-0.8900000000000015 -0.02 0
-0.8800000000000014 -0.02 0
-0.8700000000000017 -0.02 0
-0.8600000000000017 -0.02 0
-0.8500000000000016 -0.02 0
-0.8400000000000016 -0.02 0
-0.8300000000000016 -0.02 0
-0.8200000000000016 -0.02 0
-0.8100000000000016 -0.02 0
-0.8000000000000016 -0.02 0
-0.7900000000000016 -0.02 0
-0.7800000000000016 -0.02 0
-0.7700000000000016 -0.02 0
-0.7600000000000016 -0.02 0
-0.7500000000000016 -0.02 0
-0.7400000000000015 -0.02 0
-0.7300000000000015 -0.02 0
-0.7200000000000015 -0.02 0
-0.7100000000000015 -0.02 0
-0.7000000000000015 -0.02 0
-0.6900000000000015 -0.02 0
-0.6800000000000015 -0.02 0
-0.6700000000000015 -0.02 0
-0.6600000000000015 -0.02 0
-0.6500000000000012 -0.02 0
-0.6400000000000012 -0.02 0
-0.6300000000000012 -0.02 0
-0.6200000000000012 -0.02 0
-0.6100000000000014 -0.02 0
-0.6000000000000014 -0.02 0
-0.5900000000000014 -0.02 0
-0.5800000000000014 -0.02 0
-0.5700000000000014 -0.02 0
-0.5600000000000012 -0.02 0
-0.5500000000000012 -0.02 0
-0.5400000000000011 -0.02 0
-0.5300000000000011 -0.02 0
-0.5200000000000011 -0.02 0
-0.5100000000000011 -0.02 0
-0.5000000000000011 -0.02 0
-0.4900000000000009 -0.02 0
-0.4800000000000009 -0.02 0
-0.4700000000000009 -0.02 0
-0.4600000000000009 -0.02 0
-0.4500000000000008 -0.02 0
-0.4400000000000008 -0.02 0
-0.4300000000000008 -0.02 0
-0.4200000000000008 -0.02 0
-0.4100000000000006 -0.02 0
-0.400000000000001 -0.02 0
-0.390000000000001 -0.02 0
-0.3800000000000008 -0.02 0
-0.3700000000000008 -0.02 0
-0.3600000000000008 -0.02 0
-0.3500000000000008 -0.02 0
-0.3400000000000007 -0.02 0
-0.3300000000000007 -0.02 0
-0.3200000000000007 -0.02 0
-0.3100000000000005 -0.02 0
-0.3000000000000005 -0.02 0
-0.2900000000000005 -0.02 0
-0.2800000000000005 -0.02 0
-0.2700000000000005 -0.02 0
-0.2600000000000005 -0.02 0
-0.2500000000000004 -0.02 0
-0.2400000000000004 -0.02 0
-0.2300000000000004 -0.02 0
-0.2200000000000002 -0.02 0
-0.2100000000000002 -0.02 0
-0.2000000000000002 -0.02 0
-0.1900000000000002 -0.02 0
-0.1800000000000004 -0.02 0
-0.1700000000000004 -0.02 0
-0.1600000000000004 -0.02 0
-0.1500000000000004 -0.02 0
-0.1400000000000003 -0.02 0
-0.1300000000000001 -0.02 0
-0.1200000000000001 -0.02 0
-0.1100000000000001 -0.02 0
1 7 0 3
329
330
331
-0.1 0.01000000000000001 0
-0.1 3.469446951953614e-18 0
-0.1 -0.009999999999999998 0
1 8 0 189
332
333
334
335
336
337
338
339
340
341
342
343
344
345
346
347
348
349
350
351
352
353
354
355
356
357
358
359
360
361
362
363
364
365
366
367
368
369
370
371
372
373
374
375
376
377
378
379
380
381
382
383
384
385
386
387
388
389
390
391
392
393
394
395
396
397
398
399
400
401
402
403
404
405
406
407
408
409
410
411
412
413
414
415
416
417
418
419
420
421
422
423
424
425
426
427
428
429
430
431
432
433
434
435
436
437
438
439
440
441
442
443
444
445
446
447
448
449
450
451
452
453
454
455
456
457
458
459
460
461
462
463
464
465
466
467
468
469
470
471
472
473
474
475
476
477
478
479
480
481
482
483
484
485
486
487
488
489
490
491
492
493
494
495
496
497
498
499
500
501
502
503
504
505
506
507
508
509
510
511
512
513
514
515
516
517
518
519
520
-0.1099999999999999 0.02 0
-0.1200000000000001 0.02 0
-0.1299999999999999 0.02 0
-0.1400000000000001 0.02 0
-0.1499999999999999 0.02 0
-0.1600000000000001 0.02 0
-0.1699999999999999 0.02 0
-0.1800000000000002 0.02 0
-0.1899999999999999 0.02 0
-0.2000000000000002 0.02 0
-0.21 0.02 0
-0.2200000000000002 0.02 0
-0.23 0.02 0
-0.2400000000000002 0.02 0
-0.25 0.02 0
-0.2600000000000002 0.02 0
-0.27 0.02 0
-0.2799999999999998 0.02 0
-0.29 0.02 0
-0.2999999999999998 0.02 0
-0.3100000000000001 0.02 0
-0.3199999999999998 0.02 0
-0.3300000000000001 0.02 0
-0.3399999999999999 0.02 0
-0.3500000000000001 0.02 0
-0.3599999999999999 0.02 0
-0.3700000000000001 0.02 0
-0.3799999999999999 0.02 0
-0.3899999999999997 0.02 0
-0.3999999999999999 0.02 0
-0.4099999999999997 0.02 0
-0.4199999999999999 0.02 0
-0.4299999999999997 0.02 0
-0.4399999999999999 0.02 0
-0.4499999999999997 0.02 0
-0.46 0.02 0
-0.4699999999999998 0.02 0
-0.48 0.02 0
-0.4899999999999998 0.02 0
-0.4999999999999996 0.02 0
-0.5099999999999998 0.02 0
-0.5199999999999996 0.02 0
-0.5299999999999998 0.02 0
-0.5399999999999996 0.02 0
-0.5499999999999998 0.02 0
-0.5599999999999996 0.02 0
-0.5699999999999998 0.02 0
-0.5799999999999996 0.02 0
-0.5899999999999994 0.02 0
-0.5999999999999996 0.02 0
-0.6099999999999994 0.02 0
-0.6199999999999997 0.02 0
-0.6299999999999994 0.02 0
-0.6399999999999992 0.02 0
-0.6499999999999995 0.02 0
-0.6599999999999993 0.02 0
-0.6699999999999995 0.02 0
-0.6799999999999993 0.02 0
-0.6899999999999995 0.02 0
-0.6999999999999993 0.02 0
-0.7099999999999991 0.02 0
-0.7199999999999993 0.02 0
-0.7299999999999991 0.02 0
-0.7399999999999993 0.02 0
-0.7499999999999991 0.02 0
-0.7599999999999989 0.02 0
-0.7699999999999991 0.02 0
-0.7799999999999989 0.02 0
-0.7899999999999991 0.02 0
-0.7999999999999989 0.02 0
-0.8099999999999992 0.02 0
-0.819999999999999 0.02 0
-0.8299999999999992 0.02 0
-0.839999999999999 0.02 0
-0.8499999999999988 0.02 0
-0.859999999999999 0.02 0
-0.8699999999999988 0.02 0
-0.879999999999999 0.02 0
-0.8899999999999988 0.02 0
-0.899999999999999 0.02 0
-0.9099999999999988 0.02 0
-0.9199999999999986 0.02 0
-0.9299999999999988 0.02 0
-0.9399999999999986 0.02 0
-0.9499999999999988 0.02 0
-0.9599999999999986 0.02 0
-0.9699999999999989 0.02 0
-0.9799999999999986 0.02 0
-0.9899999999999984 0.02 0
-0.9999999999999987 0.02 0
-1.009999999999998 0.02 0
-1.019999999999999 0.02 0
-1.029999999999998 0.02 0
-1.039999999999999 0.02 0
-1.049999999999998 0.02 0
-1.059999999999999 0.02 0
-1.069999999999999 0.02 0
-1.079999999999998 0.02 0
-1.089999999999999 0.02 0
-1.099999999999998 0.02 0
-1.109999999999999 0.02 0
-1.119999999999998 0.02 0
-1.129999999999999 0.02 0
-1.139999999999998 0.02 0
-1.149999999999998 0.02 0
-1.159999999999998 0.02 0
-1.169999999999998 0.02 0
-1.179999999999998 0.02 0
-1.189999999999998 0.02 0
-1.199999999999998 0.02 0
-1.209999999999998 0.02 0
-1.219999999999998 0.02 0
-1.229999999999998 0.02 0
-1.239999999999998 0.02 0
-1.249999999999998 0.02 0
-1.259999999999998 0.02 0
-1.269999999999998 0.02 0
-1.279999999999998 0.02 0
-1.289999999999998 0.02 0
-1.299999999999998 0.02 0
-1.309999999999998 0.02 0
-1.319999999999998 0.02 0
-1.329999999999998 0.02 0
-1.339999999999998 0.02 0
-1.349999999999998 0.02 0
-1.359999999999998 0.02 0
-1.369999999999998 0.02 0
-1.379999999999998 0.02 0
-1.389999999999997 0.02 0
-1.399999999999998 0.02 0
-1.409999999999998 0.02 0
-1.419999999999998 0.02 0
-1.429999999999998 0.02 0
-1.439999999999998 0.02 0
-1.449999999999998 0.02 0
-1.459999999999998 0.02 0
-1.469999999999998 0.02 0
-1.479999999999998 0.02 0
-1.489999999999998 0.02 0
-1.499999999999998 0.02 0
-1.509999999999998 0.02 0
-1.519999999999998 0.02 0
-1.529999999999998 0.02 0
-1.539999999999998 0.02 0
-1.549999999999998 0.02 0
-1.559999999999998 0.02 0
-1.569999999999999 0.02 0
-1.579999999999998 0.02 0
-1.589999999999999 0.02 0
-1.599999999999999 0.02 0
-1.609999999999999 0.02 0
-1.619999999999999 0.02 0
-1.629999999999999 0.02 0
-1.639999999999999 0.02 0
-1.649999999999999 0.02 0
-1.659999999999999 0.02 0
-1.669999999999999 0.02 0
-1.679999999999999 0.02 0
-1.689999999999999 0.02 0
-1.699999999999999 0.02 0
-1.709999999999999 0.02 0
-1.719999999999999 0.02 0
-1.729999999999999 0.02 0
-1.739999999999999 0.02 0
-1.749999999999999 0.02 0
-1.759999999999999 0.02 0
-1.769999999999999 0.02 0
-1.779999999999999 0.02 0
-1.789999999999999 0.02 0
-1.799999999999999 0.02 0
-1.809999999999999 0.02 0
-1.819999999999999 0.02 0
-1.829999999999999 0.02 0
-1.839999999999999 0.02 0
-1.849999999999999 0.02 0
-1.859999999999999 0.02 0
-1.87 0.02 0
-1.879999999999999 0.02 0
-1.89 0.02 0
-1.899999999999999 0.02 0
-1.91 0.02 0
-1.919999999999999 0.02 0
-1.93 0.02 0
-1.94 0.02 0
-1.95 0.02 0
-1.96 0.02 0
-1.97 0.02 0
-1.98 0.02 0
-1.99 0.02 0
1 9 0 189
521
522
523
524
525
526
527
528
529
530
531
532
533
534
535
536
537
538
539
540
541
542
543
544
545
546
547
548
549
550
551
552
553
554
555
556
557
558
559
560
561
562
563
564
565
566
567
568
569
570
571
572
573
574
575
576
577
578
579
580
581
582
583
584
585
586
587
588
589
590
591
592
593
594
595
596
597
598
599
600
601
602
603
604
605
606
607
608
609
610
611
612
613
614
615
616
617
618
619
620
621
622
623
624
625
626
627
628
629
630
631
632
633
634
635
636
637
638
639
640
641
642
643
644
645
646
647
648
649
650
651
652
653
654
655
656
657
658
659
660
661
662
663
664
665
666
667
668
669
670
671
672
673
674
675
676
677
678
679
680
681
682
683
684
685
686
687
688
689
690
691
692
693
694
695
696
697
698
699
700
701
702
703
704
705
706
707
708
709
0.1099999999999999 -0.02 0
0.1200000000000001 -0.02 0
0.1299999999999999 -0.02 0
0.1400000000000001 -0.02 0
0.1499999999999999 -0.02 0
0.1600000000000001 -0.02 0
0.1699999999999999 -0.02 0
0.1800000000000002 -0.02 0
0.1899999999999999 -0.02 0
0.2000000000000002 -0.02 0
0.21 -0.02 0
0.2200000000000002 -0.02 0
0.23 -0.02 0
0.2400000000000002 -0.02 0
0.25 -0.02 0
0.2600000000000002 -0.02 0
0.27 -0.02 0
0.2799999999999998 -0.02 0
0.29 -0.02 0
0.2999999999999998 -0.02 0
0.3100000000000001 -0.02 0
0.3199999999999998 -0.02 0
0.3300000000000001 -0.02 0
0.3399999999999999 -0.02 0
0.3500000000000001 -0.02 0
0.3599999999999999 -0.02 0
0.3700000000000001 -0.02 0
0.3799999999999999 -0.02 0
0.3899999999999997 -0.02 0
0.3999999999999999 -0.02 0
0.4099999999999997 -0.02 0
0.4199999999999999 -0.02 0
0.4299999999999997 -0.02 0
0.4399999999999999 -0.02 0
0.4499999999999997 -0.02 0
0.46 -0.02 0
0.4699999999999998 -0.02 0
0.48 -0.02 0
0.4899999999999998 -0.02 0
0.4999999999999996 -0.02 0
0.5099999999999998 -0.02 0
0.5199999999999996 -0.02 0
0.5299999999999998 -0.02 0
0.5399999999999996 -0.02 0
0.5499999999999998 -0.02 0
0.5599999999999996 -0.02 0
0.5699999999999998 -0.02 0
0.5799999999999996 -0.02 0
0.5899999999999994 -0.02 0
0.5999999999999996 -0.02 0
0.6099999999999994 -0.02 0
0.6199999999999997 -0.02 0
0.6299999999999994 -0.02 0
0.6399999999999992 -0.02 0
0.6499999999999995 -0.02 0
0.6599999999999993 -0.02 0
0.6699999999999995 -0.02 0
0.6799999999999993 -0.02 0
0.6899999999999995 -0.02 0
0.6999999999999993 -0.02 0
0.7099999999999991 -0.02 0
0.7199999999999993 -0.02 0
0.7299999999999991 -0.02 0
0.7399999999999993 -0.02 0
0.7499999999999991 -0.02 0
0.7599999999999989 -0.02 0
0.7699999999999991 -0.02 0
0.7799999999999989 -0.02 0
0.7899999999999991 -0.02 0
0.7999999999999989 -0.02 0
0.8099999999999992 -0.02 0
0.819999999999999 -0.02 0
0.8299999999999992 -0.02 0
0.839999999999999 -0.02 0
0.8499999999999988 -0.02 0
0.859999999999999 -0.02 0
0.8699999999999988 -0.02 0
0.879999999999999 -0.02 0
0.8899999999999988 -0.02 0
0.899999999999999 -0.02 0
0.9099999999999988 -0.02 0
0.9199999999999986 -0.02 0
0.9299999999999988 -0.02 0
0.9399999999999986 -0.02 0
0.9499999999999988 -0.02 0
0.9599999999999986 -0.02 0
0.9699999999999989 -0.02 0
0.9799999999999986 -0.02 0
0.9899999999999984 -0.02 0
0.9999999999999987 -0.02 0
1.009999999999998 -0.02 0
1.019999999999999 -0.02 0
1.029999999999998 -0.02 0
1.039999999999999 -0.02 0
1.049999999999998 -0.02 0
1.059999999999999 -0.02 0
1.069999999999999 -0.02 0
1.079999999999998 -0.02 0
1.089999999999999 -0.02 0
1.099999999999998 -0.02 0
1.109999999999999 -0.02 0
1.119999999999998 -0.02 0
1.129999999999999 -0.02 0
1.139999999999998 -0.02 0
1.149999999999998 -0.02 0
1.159999999999998 -0.02 0
1.169999999999998 -0.02 0
1.179999999999998 -0.02 0
1.189999999999998 -0.02 0
1.199999999999998 -0.02 0
1.209999999999998 -0.02 0
1.219999999999998 -0.02 0
1.229999999999998 -0.02 0
1.239999999999998 -0.02 0
1.249999999999998 -0.02 0
1.259999999999998 -0.02 0
1.269999999999998 -0.02 0
1.279999999999998 -0.02 0
1.289999999999998 -0.02 0
1.299999999999998 -0.02 0
1.309999999999998 -0.02 0
1.319999999999998 -0.02 0
1.329999999999998 -0.02 0
1.339999999999998 -0.02 0
1.349999999999998 -0.02 0
1.359999999999998 -0.02 0
1.369999999999998 -0.02 0
1.379999999999998 -0.02 0
1.389999999999997 -0.02 0
1.399999999999998 -0.02 0
1.409999999999998 -0.02 0
1.419999999999998 -0.02 0
1.429999999999998 -0.02 0
1.439999999999998 -0.02 0
1.449999999999998 -0.02 0
1.459999999999998 -0.02 0
1.469999999999998 -0.02 0
1.479999999999998 -0.02 0
1.489999999999998 -0.02 0
1.499999999999998 -0.02 0
1.509999999999998 -0.02 0
1.519999999999998 -0.02 0
1.529999999999998 -0.02 0
1.539999999999998 -0.02 0
1.549999999999998 -0.02 0
1.559999999999998 -0.02 0
1.569999999999999 -0.02 0
1.579999999999998 -0.02 0
1.589999999999999 -0.02 0
1.599999999999999 -0.02 0
1.609999999999999 -0.02 0
1.619999999999999 -0.02 0
1.629999999999999 -0.02 0
1.639999999999999 -0.02 0
1.649999999999999 -0.02 0
1.659999999999999 -0.02 0
1.669999999999999 -0.02 0
1.679999999999999 -0.02 0
1.689999999999999 -0.02 0
1.699999999999999 -0.02 0
1.709999999999999 -0.02 0
1.719999999999999 -0.02 0
1.729999999999999 -0.02 0
1.739999999999999 -0.02 0
1.749999999999999 -0.02 0
1.759999999999999 -0.02 0
1.769999999999999 -0.02 0
1.779999999999999 -0.02 0
1.789999999999999 -0.02 0
1.799999999999999 -0.02 0
1.809999999999999 -0.02 0
1.819999999999999 -0.02 0
1.829999999999999 -0.02 0
1.839999999999999 -0.02 0
1.849999999999999 -0.02 0
1.859999999999999 -0.02 0
1.87 -0.02 0
1.879999999999999 -0.02 0
1.89 -0.02 0
1.899999999999999 -0.02 0
1.91 -0.02 0
1.919999999999999 -0.02 0
1.93 -0.02 0
1.94 -0.02 0
1.95 -0.02 0
1.96 -0.02 0
1.97 -0.02 0
1.98 -0.02 0
1.99 -0.02 0
1 10 0 3
710
711
712
2 -0.01000000000000001 0
2 -3.469446951953614e-18 0
2 0.009999999999999998 0
1 11 0 189
713
714
715
716
717
718
719
720
721
722
723
724
725
726
727
728
729
730
731
732
733
734
735
736
737
738
739
740
741
742
743
744
745
746
747
748
749
750
751
752
753
754
755
756
757
758
759
760
761
762
763
764
765
766
767
768
769
770
771
772
773
774
775
776
777
778
779
780
781
782
783
784
785
786
787
788
789
790
791
792
793
794
795
796
797
798
799
800
801
802
803
804
805
806
807
808
809
810
811
812
813
814
815
816
817
818
819
820
821
822
823
824
825
826
827
828
829
830
831
832
833
834
835
836
837
838
839
840
841
842
843
844
845
846
847
848
849
850
851
852
853
854
855
856
857
858
859
860
861
862
863
864
865
866
867
868
869
870
871
872
873
874
875
876
877
878
879
880
881
882
883
884
885
886
887
888
889
890
891
892
893
894
895
896
897
898
899
900
901
1.99 0.02 0
1.98 0.02 0
1.97 0.02 0
1.96 0.02 0
1.95 0.02 0
1.94 0.02 0
1.93 0.02 0
1.92 0.02 0
1.91 0.02 0
1.9 0.02 0
1.89 0.02 0
1.88 0.02 0
1.87 0.02 0
1.86 0.02 0
1.85 0.02 0
1.84 0.02 0
1.83 0.02 0
1.82 0.02 0
1.81 0.02 0
1.8 0.02 0
1.79 0.02 0
1.78 0.02 0
1.77 0.02 0
1.76 0.02 0
1.75 0.02 0
1.74 0.02 0
1.73 0.02 0
1.72 0.02 0
1.71 0.02 0
1.7 0.02 0
1.69 0.02 0
1.68 0.02 0
1.67 0.02 0
1.660000000000001 0.02 0
1.650000000000001 0.02 0
1.640000000000001 0.02 0
1.630000000000001 0.02 0
1.620000000000001 0.02 0
1.610000000000001 0.02 0
1.600000000000001 0.02 0
1.590000000000001 0.02 0
1.580000000000001 0.02 0
1.570000000000001 0.02 0
1.560000000000001 0.02 0
1.550000000000001 0.02 0
1.540000000000001 0.02 0
1.530000000000001 0.02 0
1.520000000000001 0.02 0
1.510000000000001 0.02 0
1.500000000000001 0.02 0
1.490000000000001 0.02 0
1.480000000000001 0.02 0
1.470000000000001 0.02 0
1.460000000000001 0.02 0
1.450000000000001 0.02 0
1.440000000000001 0.02 0
1.430000000000001 0.02 0
1.420000000000001 0.02 0
1.410000000000001 0.02 0
1.400000000000001 0.02 0
1.390000000000001 0.02 0
1.380000000000001 0.02 0
1.370000000000001 0.02 0
1.360000000000001 0.02 0
1.350000000000001 0.02 0
1.340000000000001 0.02 0
1.330000000000001 0.02 0
1.320000000000001 0.02 0
1.310000000000001 0.02 0
1.300000000000001 0.02 0
1.290000000000001 0.02 0
1.280000000000001 0.02 0
1.270000000000001 0.02 0
1.260000000000001 0.02 0
1.250000000000001 0.02 0
1.240000000000002 0.02 0
1.230000000000001 0.02 0
1.220000000000002 0.02 0
1.210000000000001 0.02 0
1.200000000000002 0.02 0
1.190000000000001 0.02 0
1.180000000000001 0.02 0
1.170000000000001 0.02 0
1.160000000000001 0.02 0
1.150000000000002 0.02 0
1.140000000000001 0.02 0
1.130000000000001 0.02 0
1.120000000000001 0.02 0
1.110000000000001 0.02 0
1.100000000000001 0.02 0
1.090000000000002 0.02 0
1.080000000000002 0.02 0
1.070000000000002 0.02 0
1.060000000000002 0.02 0
1.050000000000002 0.02 0
1.040000000000002 0.02 0
1.030000000000002 0.02 0
1.020000000000002 0.02 0
1.010000000000002 0.02 0
1.000000000000002 0.02 0
0.9900000000000015 0.02 0
0.9800000000000018 0.02 0
0.9700000000000017 0.02 0
0.9600000000000017 0.02 0
0.9500000000000017 0.02 0
0.9400000000000017 0.02 0
0.9300000000000017 0.02 0
0.9200000000000015 0.02 0
0.9100000000000015 0.02 0
0.9000000000000015 0.02 0
0.8900000000000015 0.02 0
0.8800000000000014 0.02 0
0.8700000000000017 0.02 0
0.8600000000000017 0.02 0
0.8500000000000016 0.02 0
0.8400000000000016 0.02 0
0.8300000000000016 0.02 0
0.8200000000000016 0.02 0
0.8100000000000016 0.02 0
0.8000000000000016 0.02 0
0.7900000000000016 0.02 0
0.7800000000000016 0.02 0
0.7700000000000016 0.02 0
0.7600000000000016 0.02 0
0.7500000000000016 0.02 0
0.7400000000000015 0.02 0
0.7300000000000015 0.02 0
0.7200000000000015 0.02 0
0.7100000000000015 0.02 0
0.7000000000000015 0.02 0
0.6900000000000015 0.02 0
0.6800000000000015 0.02 0
0.6700000000000015 0.02 0
0.6600000000000015 0.02 0
0.6500000000000012 0.02 0
0.6400000000000012 0.02 0
0.6300000000000012 0.02 0
0.6200000000000012 0.02 0
0.6100000000000014 0.02 0
0.6000000000000014 0.02 0
0.5900000000000014 0.02 0
0.5800000000000014 0.02 0
0.5700000000000014 0.02 0
0.5600000000000012 0.02 0
0.5500000000000012 0.02 0
0.5400000000000011 0.02 0
0.5300000000000011 0.02 0
0.5200000000000011 0.02 0
0.5100000000000011 0.02 0
0.5000000000000011 0.02 0
0.4900000000000009 0.02 0
0.4800000000000009 0.02 0
0.4700000000000009 0.02 0
0.4600000000000009 0.02 0
0.4500000000000008 0.02 0
0.4400000000000008 0.02 0
0.4300000000000008 0.02 0
0.4200000000000008 0.02 0
0.4100000000000006 0.02 0
0.400000000000001 0.02 0
0.390000000000001 0.02 0
0.3800000000000008 0.02 0
0.3700000000000008 0.02 0
0.3600000000000008 0.02 0
0.3500000000000008 0.02 0
0.3400000000000007 0.02 0
0.3300000000000007 0.02 0
0.3200000000000007 0.02 0
0.3100000000000005 0.02 0
0.3000000000000005 0.02 0
0.2900000000000005 0.02 0
0.2800000000000005 0.02 0
0.2700000000000005 0.02 0
0.2600000000000005 0.02 0
0.2500000000000004 0.02 0
0.2400000000000004 0.02 0
0.2300000000000004 0.02 0
0.2200000000000002 0.02 0
0.2100000000000002 0.02 0
0.2000000000000002 0.02 0
0.1900000000000002 0.02 0
0.1800000000000004 0.02 0
0.1700000000000004 0.02 0
0.1600000000000004 0.02 0
0.1500000000000004 0.02 0
0.1400000000000003 0.02 0
0.1300000000000001 0.02 0
0.1200000000000001 0.02 0
0.1100000000000001 0.02 0
1 12 0 3
902
903
904
0.1 -0.01000000000000001 0
0.1 -3.469446951953614e-18 0
0.1 0.009999999999999998 0
2 15 0 797
905
906
907
908
909
910
911
912
913
914
915
916
917
918
919
920
921
922
923
924
925
926
927
928
929
930
931
932
933
934
935
936
937
938
939
940
941
942
943
944
945
946
947
948
949
950
951
952
953
954
955
956
957
958
959
960
961
962
963
964
965
966
967
968
969
970
971
972
973
974
975
976
977
978
979
980
981
982
983
984
985
986
987
988
989
990
991
992
993
994
995
996
997
998
999
1000
1001
1002
1003
1004
1005
1006
1007
1008
1009
1010
1011
1012
1013
1014
1015
1016
1017
1018
1019
1020
1021
1022
1023
1024
1025
1026
1027
1028
1029
1030
1031
1032
1033
1034
1035
1036
1037
1038
1039
1040
1041
1042
1043
1044
1045
1046
1047
1048
1049
1050
1051
1052
1053
1054
1055
1056
1057
1058
1059
1060
1061
1062
1063
1064
1065
1066
1067
1068
1069
1070
1071
1072
1073
1074
1075
1076
1077
1078
1079
1080
1081
1082
1083
1084
1085
1086
1087
1088
1089
1090
1091
1092
1093
1094
1095
1096
1097
1098
1099
1100
1101
1102
1103
1104
1105
1106
1107
1108
1109
1110
1111
1112
1113
1114
1115
1116
1117
1118
1119
1120
1121
1122
1123
1124
1125
1126
1127
1128
1129
1130
1131
1132
1133
1134
1135
1136
1137
1138
1139
1140
1141
1142
1143
1144
1145
1146
1147
1148
1149
1150
1151
1152
1153
1154
1155
1156
1157
1158
1159
1160
1161
1162
1163
1164
1165
1166
1167
1168
1169
1170
1171
1172
1173
1174
1175
1176
1177
1178
1179
1180
1181
1182
1183
1184
1185
1186
1187
1188
1189
1190
1191
1192
1193
1194
1195
1196
1197
1198
1199
1200
1201
1202
1203
1204
1205
1206
1207
1208
1209
1210
1211
1212
1213
1214
1215
1216
1217
1218
1219
1220
1221
1222
1223
1224
1225
1226
1227
1228
1229
1230
1231
1232
1233
1234
1235
1236
1237
1238
1239
1240
1241
1242
1243
1244
1245
1246
1247
1248
1249
1250
1251
1252
1253
1254
1255
1256
1257
1258
1259
1260
1261
1262
1263
1264
1265
1266
1267
1268
1269
1270
1271
1272
1273
1274
1275
1276
1277
1278
1279
1280
1281
1282
1283
1284
1285
1286
1287
1288
1289
1290
1291
1292
1293
1294
1295
1296
1297
1298
1299
1300
1301
1302
1303
1304
1305
1306
1307
1308
1309
1310
1311
1312
1313
1314
1315
1316
1317
1318
1319
1320
1321
1322
1323
1324
1325
1326
1327
1328
1329
1330
1331
1332
1333
1334
1335
1336
1337
1338
1339
1340
1341
1342
1343
1344
1345
1346
1347
1348
1349
1350
1351
1352
1353
1354
1355
1356
1357
1358
1359
1360
1361
1362
1363
1364
1365
1366
1367
1368
1369
1370
1371
1372
1373
1374
1375
1376
1377
1378
1379
1380
1381
1382
1383
1384
1385
1386
1387
1388
1389
1390
1391
1392
1393
1394
1395
1396
1397
1398
1399
1400
1401
1402
1403
1404
1405
1406
1407
1408
1409
1410
1411
1412
1413
1414
1415
1416
1417
1418
1419
1420
1421
1422
1423
1424
1425
1426
1427
1428
1429
1430
1431
1432
1433
1434
1435
1436
1437
1438
1439
1440
1441
1442
1443
1444
1445
1446
1447
1448
1449
1450
1451
1452
1453
1454
1455
1456
1457
1458
1459
1460
1461
1462
1463
1464
1465
1466
1467
1468
1469
1470
1471
1472
1473
1474
1475
1476
1477
1478
1479
1480
1481
1482
1483
1484
1485
1486
1487
1488
1489
1490
1491
1492
1493
1494
1495
1496
1497
1498
1499
1500
1501
1502
1503
1504
1505
1506
1507
1508
1509
1510
1511
1512
1513
1514
1515
1516
1517
1518
1519
1520
1521
1522
1523
1524
1525
1526
1527
1528
1529
1530
1531
1532
1533
1534
1535
1536
1537
1538
1539
1540
1541
1542
1543
1544
1545
1546
1547
1548
1549
1550
1551
1552
1553
1554
1555
1556
1557
1558
1559
1560
1561
1562
1563
1564
1565
1566
1567
1568
1569
1570
1571
1572
1573
1574
1575
1576
1577
1578
1579
1580
1581
1582
1583
1584
1585
1586
1587
1588
1589
1590
1591
1592
1593
1594
1595
1596
1597
1598
1599
1600
1601
1602
1603
1604
1605
1606
1607
1608
1609
1610
1611
1612
1613
1614
1615
1616
1617
1618
1619
1620
1621
1622
1623
1624
1625
1626
1627
1628
1629
1630
1631
1632
1633
1634
1635
1636
1637
1638
1639
1640
1641
1642
1643
1644
1645
1646
1647
1648
1649
1650
1651
1652
1653
1654
1655
1656
1657
1658
1659
1660
1661
1662
1663
1664
1665
1666
1667
1668
1669
1670
1671
1672
1673
1674
1675
1676
1677
1678
1679
1680
1681
1682
1683
1684
1685
1686
1687
1688
1689
1690
1691
1692
1693
1694
1695
1696
1697
1698
1699
1700
1701
-0.405000000000001 -0.01133974596215525 0
-0.1950000000000001 0.01133974596215572 0
-1.954212050567266 -0.01122883382890111 0
-1.834999999999995 -0.0113397459621558 0
-1.975000000000002 0.01133974596215796 0
-0.2160397279370403 0.01116185673758408 0
-0.1350000000000001 0.01133974596215575 0
-0.2550000000000002 0.01133974596215562 0
-0.2350000000000002 0.0113397459621558 0
-0.1750000000000003 -0.0113397459621557 0
-0.155 0.0113397459621558 0
-1.755000000000002 -0.01133974596214869 0
-1.674999999999998 0.01133974596215253 0
-1.905 0.0113397459621558 0
-1.886039727937037 0.01116185673758285 0
-0.3049999999999998 0.01133974596215582 0
-0.2850000000000001 0.01133974596215582 0
-0.615787949432728 -0.01122883382890125 0
-0.3660397279370398 0.01116185673758392 0
-0.3450000000000002 0.0113397459621558 0
-0.3249999999999999 0.01133974596215581 0
-1.593960272062968 -0.01116185673759196 0
-0.4750000000000002 0.01176345713133309 0
-0.4549999999999995 0.01133974596215582 0
-0.4350000000000001 0.0113397459621558 0
-0.3850000000000001 0.0113397459621558 0
-1.78421205056727 0.0112288338289032 0
-1.815000000000004 -0.0113397459621557 0
-1.535000000000003 -0.0113397459621558 0
-1.936103129205805 -0.01154764997775045 0
-1.725000000000005 0.01133974596216126 0
-0.5649999999999986 0.01133974596215526 0
-0.5449999999999997 0.0113397459621558 0
-0.5250000000000012 0.0113397459621562 0
-0.5049999999999993 0.01133974596215539 0
-0.8761031292058181 -0.01154764997775267 0
-1.863333333333338 -0.01244016935856219 0
-1.475000000000004 -0.01133974596215859 0
-1.443960272062963 -0.01116185673758399 0
-1.105000000000003 0.01133974596215343 0
-1.034999999999996 0.01133974596215522 0
-1.015787949432729 -0.01122883382890326 0
-0.9950000000000025 -0.01133974596215519 0
-1.654999999999995 0.0113397459621558 0
-1.633960272062964 0.01116185673758221 0
-1.615088669002123 0.01132307500791141 0
-0.6461031292058154 0.01154764997775085 0
-0.5950000000000002 0.01133974596215568 0
-1.366103129205813 -0.01154764997775303 0
-1.314999999999998 -0.0113397459621558 0
-1.244999999999998 -0.01065999362778718 0
-1.224212050567272 -0.01122883382890174 0
-1.204999999999998 -0.0113397459621558 0
-1.185787949432728 -0.01122883382890363 0
-1.153896870794189 -0.01154764997774868 0
-0.663896870794182 0.01154764997775202 0
-0.6849999999999989 0.01133974596215631 0
-0.734999999999998 0.0113397459621558 0
-0.7149999999999992 0.0113397459621558 0
-1.704783076495905 -0.01148297058163901 0
-1.515 -0.0113397459621557 0
-1.574999999999998 0.01133974596215435 0
-1.384212050567272 -0.01122883382890131 0
-0.8949999999999989 0.01133974596215405 0
-0.8249999999999994 0.01133974596215357 0
-0.8049999999999987 0.0113397459621558 0
-0.7857879494327272 0.01122883382890166 0
-0.764999999999999 0.01176345713133284 0
-1.494999999999992 0.01176345713132591 0
-0.9249999999999978 0.01133974596215715 0
-0.8549999999999981 0.0113397459621558 0
-1.424999999999994 -0.0113397459621557 0
-1.125000000000002 0.01065999362778787 0
-1.085787949432729 -0.01122883382890004 0
-1.055000000000001 0.01133974596215182 0
-0.9661031292058163 0.01154764997775307 0
-0.9449999999999986 0.0113397459621563 0
-1.344999999999998 0.0113397459621558 0
-1.294999999999999 0.01133974596215572 0
-1.274999999999997 0.0113397459621558 0
-1.554999999999991 0.01176345713133602 0
-1.405787949432733 -0.01122883382890874 0
-1.564999999999997 -0.01133974596215561 0
-1.145000000000002 0.01133974596215915 0
-1.795000000000006 -0.01133974596215561 0
-1.683960272062965 -0.01116185673758616 0
-1.174999999999997 0.0113397459621558 0
-1.064999999999997 -0.01133974596215561 0
-1.844999999999998 0.01133974596215326 0
-1.214999999999997 0.01133974596215577 0
-0.8338968707941872 -0.01154764997775214 0
-1.075000000000002 0.01176345713133238 0
-1.76500000000001 0.01133974596215561 0
-0.7450000000000011 -0.01133974596215561 0
-0.9849999999999971 0.0113397459621558 0
-0.6950000000000011 -0.01133974596215561 0
-1.944999999999996 0.01133974596215836 0
-1.435000000000009 0.01133974596215528 0
-0.5750000000000021 -0.01133974596215561 0
-1.695000000000003 0.01133974596215561 0
-0.9050000000000032 -0.01133974596215561 0
-0.3749999999999999 -0.01133974596215564 0
-0.4857879494327271 -0.01122883382890114 0
-1.325000000000002 0.01133974596215713 0
-0.2650000000000008 -0.01133974596215561 0
-0.2250000000000003 -0.01133974596215562 0
-1.333960272062962 -0.01116185673758273 0
-1.115000000000002 -0.0117634571313321 0
-0.4139602720629604 0.01116185673758393 0
-0.4250000000000005 -0.01176345713133299 0
-0.2038968707941833 -0.01154764997775138 0
-0.1250000000000001 -0.01133974596215561 0
-1.453713015926551 0.0117281618681115 0
-0.5150000000000011 -0.01133974596215561 0
-0.2460397279370404 -0.01116185673758394 0
-0.1450000000000004 -0.01133974596215561 0
-1.915000000000013 -0.01133974596215637 0
-0.3150000000000004 -0.01133974596215561 0
-0.3342120505672744 -0.01122883382890105 0
-1.734999999999998 -0.01133974596215561 0
-0.465000000000001 -0.01133974596215561 0
-0.2950000000000005 -0.01133974596215561 0
-0.625 0.01133974596215591 0
-0.355000000000001 -0.01176345713133307 0
-1.524999999999999 0.01133974596215126 0
-0.4460397279370401 -0.01116185673758352 0
-0.5560397279370402 -0.01116185673758408 0
-0.5339602720629618 -0.01116185673758392 0
-1.895 -0.01133974596215561 0
-0.6339602720629609 -0.01116185673758397 0
-0.6550000000000009 -0.01133974596215566 0
-0.9350000000000017 -0.01133974596215561 0
-0.7750000000000018 -0.01065999362778939 0
-1.003896870794184 0.01154764997775238 0
-1.256039727937036 0.01116185673758338 0
-1.264999999999996 -0.01133974596215472 0
-1.415000000000004 0.01133974596214144 0
-1.374999999999998 0.01133974596215631 0
-1.395000000000002 0.01065999362777994 0
-1.234999999999995 0.01176345713133265 0
-0.9542120505672724 -0.01122883382890151 0
-0.7950000000000018 -0.0113397459621555 0
-0.6760397279370406 -0.01116185673758314 0
-1.746103129205818 0.0115476499777601 0
-1.135787949432735 -0.01122883382890204 0
-0.7257879494327277 -0.01122883382890136 0
-0.81578794943273 -0.01122883382890208 0
-0.9750000000000023 -0.0113397459621557 0
-1.625000000000008 -0.01133974596215835 0
-1.824999999999994 0.01133974596215184 0
-1.194999999999996 0.0113397459621558 0
-1.286039727937038 -0.01116185673758302 0
-1.045000000000004 -0.01133974596215561 0
-1.646103129205821 -0.01154764997775147 0
-1.664999999999998 -0.0113397459621558 0
-1.775000000000003 -0.01133974596214667 0
-1.804999999999994 0.01133974596215107 0
-1.923960272062967 0.01116185673758784 0
-0.8749999999999967 0.01133974596215561 0
-0.1750000000000002 0.0113397459621558 0
-1.975038874768995 -0.0109953938419117 0
-1.494999999999999 -0.01176345713133216 0
-1.475397402644985 0.01204543354709018 0
-1.594999999999995 0.01176345713132878 0
-0.5938968707941849 -0.01154764997775162 0
-0.8550000000000011 -0.01133974596215567 0
-1.865000000000004 0.01133974596215361 0
-0.10967507083459 0.003997176234900288 0
-1.992092937632166 -0.005632393063327018 0
-1.425000000000011 0.01133974596214263 0
-1.430000000000027 0.003103203093482131 0
-1.439783076495926 0.00284109912610854 0
-1.435000000000036 -0.005980762113532529 0
-1.420000000000023 0.003173821621668778 0
-1.41000000000002 0.002679491924280927 0
-1.415000000000028 -0.005980762113565508 0
-1.765000000000002 -0.01133974596215085 0
-1.760000000000005 -0.003103203093482159 0
-1.750453650740129 -0.003012025829420421 0
-1.755159110950319 0.005855688117211801 0
-1.770000000000001 -0.003173821621678572 0
-1.78 -0.002679491924299477 0
-1.775000000000002 0.005980762113544215 0
-1.535000000000005 0.01133974596215632 0
-1.530000000000003 0.003103203093484379 0
-1.541103129205792 0.002947926106930418 0
-1.520000000000001 0.003173821621673968 0
-1.525000000000009 -0.005980762113537435 0
-1.834999999999996 0.01133974596215245 0
-1.839999999999997 0.003103203093484368 0
-1.850000000000001 0.002750110452505396 0
-1.845000000000006 -0.005980762113534903 0
-1.856388888888894 -0.005051972861828611 0
-1.829999999999996 0.003173821621678598 0
-1.819999999999994 0.003185591376376922 0
-1.825000000000003 -0.005980762113539533 0
-1.905000000000005 -0.01133974596215254 0
-1.910000000000016 -0.003103203093491589 0
-1.920787949432746 -0.002611815624651597 0
-1.915000000000051 0.0059807621135297 0
-1.899999999999992 -0.003173821621690957 0
-1.890216923504072 -0.002844162889837132 0
-1.894999999999939 0.005980762113527363 0
-1.564999999999996 0.01141036449035051 0
-1.558896870794157 0.002958014468108881 0
-1.56981614513236 0.003161393272153538 0
-1.579969357522058 0.002759808815614846 0
-1.573297583775735 -0.004786635677269634 0
-1.584278445400217 -0.006074885973607417 0
-1.684999999999999 0.01176345713133296 0
-1.680787949432729 0.002611815624643972 0
-1.670131324905453 0.00309192371020652 0
-1.675000000000027 -0.005980762113538455 0
-1.590507996163488 0.002630145371424889 0
-1.514999999999997 0.0114221342450407 0
-1.508896870794175 0.002969784222792953 0
-1.095000000000003 0.0113397459621532 0
-1.099546349259883 0.00294140730123541 0
-1.109966626270994 0.002635050591293585 0
-1.089211046295985 0.002579154251343434 0
-1.095000000000006 -0.005980762113535859 0
-1.103896870794186 -0.01160818014477738 0
-1.615000000000002 -0.01133974596216153 0
-1.62000000000001 -0.003103203093494575 0
-1.61039740264499 -0.00345579803745751 0
-1.630787949432738 -0.002611815624652583 0
-1.625000000000041 0.005980762113524751 0
-1.9849576263072 0.01153227954944342 0
-1.980054356872107 0.003770170579848564 0
-1.968904636061624 0.003043207176416938 0
-1.315000000000003 0.01133974596215207 0
-1.320000000000007 0.003103203093488932 0
-1.310000000000004 0.003173821621683658 0
-1.330787949432729 0.002611815624650681 0
-1.325000000000023 -0.005980762113530417 0
-1.305 0.0114221342450505 0
-1.300000000000002 0.002775611587687115 0
-1.290216923504095 0.002826886666630831 0
-1.30666666666667 -0.004781930490336407 0
-1.295743059095299 -0.006050899873416077 0
-1.955000000000001 0.01176345713133533 0
-1.95103972793703 0.002562132866767414 0
-1.94062693872961 0.002921847458321465 0
-1.945283120919947 -0.005713293737532174 0
-1.065000000000001 0.01141036449034978 0
-1.071103129205822 0.002958014468105416 0
-1.060183854867639 0.003161393272150482 0
-1.050030642477938 0.003183519984791957 0
-1.055000000000005 -0.005980762113538385 0
-1.045005107079654 0.01142375063890119 0
-1.040005958259594 0.003201208549693073 0
-1.030000993043261 0.00276644469520612 0
-1.03666782521714 -0.004778893817746717 0
-1.025528435932023 -0.006069512321579226 0
-1.019311360552651 0.002552244780516336 0
-1.344826712010491 -0.01131009775805976 0
-1.339999999999994 -0.002679491924309496 0
-1.351637785335076 -0.003774973953370632 0
-1.355427937758561 -0.01197574677142763 0
-1.275173287989503 -0.01131009775805774 0
-1.270028881331574 -0.003098261726137049 0
-1.260218176512017 -0.002840884746360674 0
-1.264999999999981 0.005980762113533182 0
-1.279373649543016 -0.003688620187217267 0
-1.454826712010496 -0.01131009775806594 0
-1.450631164012245 -0.003618825220248478 0
-1.459999999999999 -0.002679491924317901 0
-1.204999999999999 0.01133974596215389 0
-1.21 0.003103203093485322 0
-1.221039727937035 0.002562132866763639 0
-1.214999999999991 -0.005980762113535655 0
-1.200000000000001 0.003173821621681596 0
-1.18896027206296 0.002572221227934068 0
-1.195000000000002 -0.005980762113541807 0
-1.244999999999994 0.01133974596215254 0
-1.238896870794179 0.002947926106932224 0
-1.249156099788534 0.003668505618034024 0
-1.075584975645577 -0.01158317598353605 0
-1.080217439740979 -0.00287917485505072 0
-0.884999999999998 0.01133974596215492 0
-0.8899999999999995 0.002679491924309933 0
-0.9000000000000017 0.003103203093489032 0
-0.8966666666666688 -0.00480972018892975 0
-0.8857845286161724 -0.006167383160639995 0
-0.8805844055094809 0.002910303793385352 0
-0.8697580442785999 0.002643004848772279 0
-1.715000000000004 0.01133974596215232 0
-1.720000000000021 0.00267949192431325 0
-1.730787949432738 0.002568579791070568 0
-1.708960272062972 0.002501602699740063 0
-1.71566004534385 -0.005036487450249248 0
-1.724481967276353 -0.004841564546793065 0
-1.704826712010497 0.01173380892723919 0
-1.485000000000002 -0.01183407565953068 0
-1.480088669002127 -0.002681203552377024 0
-1.005131324905457 -0.01132126060661402 0
-0.9995682367441268 -0.002938326408646706 0
-0.9899280394573566 -0.003146342174210879 0
-0.9948390269885733 0.005856824561101439 0
-1.009971267376425 -0.002530631017754888 0
-1.175131324905455 -0.01132126060661423 0
-1.180904934624032 -0.003366149602719169 0
-1.170148037075643 -0.002589415043963959 0
-1.469578847478679 -0.003371723647284277 0
-0.8350000000000004 0.01133974596215696 0
-0.8295463492598834 0.002941407301237424 0
-0.8402606349741687 0.00264744820703998 0
-0.8200000000000022 0.002679491924306703 0
-0.8250000000000078 -0.005980762113535328 0
-0.9349999999999984 0.01133974596215628 0
-0.9299999999999976 0.003103203093489963 0
-0.9199999999999959 0.002750110452511901 0
-0.9249999999999909 -0.00598076211353093 0
-0.9133333333333333 -0.004868568962422912 0
-0.9399999999999977 0.003173821621684367 0
-0.951039727937036 0.002572221227936288 0
-0.9449999999999927 -0.005980762113534452 0
-1.184826712010492 0.01174557868193667 0
-0.7449999999999988 0.01133974596215552 0
-0.7399999999999981 0.003103203093488428 0
-0.7511031292058181 0.00294792610693307 0
-0.7289602720629593 0.002562132866765054 0
-0.7349999999999991 -0.005980762113532836 0
-1.855 0.01135151571685347 0
-1.364999999999997 0.0113397459621561 0
-1.370453650740115 0.002941407301237692 0
-1.379999999999995 0.002679491924307662 0
-1.374999999999993 -0.005980762113534125 0
-1.35997333435941 0.002490950774315112 0
-1.79486867509454 0.01132126060661207 0
-1.799978112515748 0.003100122200893451 0
-1.790602504882682 0.003728334534009035 0
-1.809996352085951 0.003257658048258276 0
-1.80499999999999 -0.00598076211354018 0
-0.5850000000000005 0.01133974596215458 0
-0.5895463492598819 0.002941407301236935 0
-0.6002606349741666 0.002647448207037584 0
-0.5799243915433138 0.003146855656308331 0
-0.5848380774066138 -0.005856690897496684 0
-0.5749873985905516 0.01141763991748797 0
-0.5699852983556424 0.003194079374710418 0
-0.5592105503994803 0.002621088714567596 0
-0.564999999999994 -0.005980762113533003 0
-0.6949999999999987 0.01133974596215554 0
-0.6899999999999974 0.003103203093488787 0
-0.7011031292058182 0.002947926106933806 0
-0.6792120505672723 0.002611815624647779 0
-0.6849999999999961 -0.005980762113532189 0
-0.9648686750945465 -0.01132126060661302 0
-0.9704317632558801 -0.002938326408646447 0
-0.9600205352254541 -0.002639999347061346 0
-0.9800599671188741 -0.00322415054919467 0
-0.9751605270133494 0.005853931109896899 0
-0.8051313249054568 -0.01132126060661342 0
-0.8000218874842455 -0.003100122200897477 0
-0.7900000000000034 -0.002679491924308748 0
-0.795000000000004 0.005980762113534978 0
-0.8093974951173146 -0.003728334534010266 0
-0.5150000000000008 0.01133974596215452 0
-0.5099999999999998 0.00310320309348834 0
-0.4999999999999989 0.002750110452507391 0
-0.5049999999999983 -0.00598076211353344 0
-0.4944481168259722 -0.005486434198024191 0
-0.4888814316095271 0.002582309334555001 0
-0.5200000000000019 0.003173821621685442 0
-0.5307879494327288 0.002619021596912854 0
-0.525000000000008 -0.005980762113532173 0
-0.7750000000000004 0.01133974596215406 0
-0.7688968707941848 0.002947926106932355 0
-0.7791881048513917 0.003706049410937588 0
-0.9049999999999995 0.01141036449035366 0
-0.764546349259884 -0.01148836928335322 0
-0.7553780422834367 -0.01162643189261405 0
-0.760000000000007 -0.002679491924308977 0
-0.7151313249054576 -0.01132126060661146 0
-0.7209049346240336 -0.003367350598095615 0
-0.7106944704537201 -0.00241255676671872 0
-0.7055912832999851 -0.01155409125355774 0
-1.084868507715998 0.01181735271403513 0
-0.3849999999999998 -0.01133974596215472 0
-0.3799999999999985 -0.00310320309348822 0
-0.3899999999999998 -0.003173821621683606 0
-0.369212050567273 -0.0026118156246468 0
-0.374999999999997 0.005980762113532919 0
-0.3950000000000007 -0.01142213424505061 0
-0.4000000000000011 -0.002775611587688697 0
-0.4107879494327277 -0.002578387919973014 0
-0.3950000000000017 0.005980762113534786 0
-0.4058893007067162 0.005270886378455445 0
-0.4649999999999999 0.01141036449035189 0
-0.4599999999999994 0.003114972848188269 0
-0.4492120505672728 0.002613016620024622 0
-0.4549999999999981 -0.005980762113532764 0
-0.4711031292058173 0.003020226028657304 0
-0.6149999999999993 0.01176345713133321 0
-0.6189602720629606 0.002562132866765053 0
-0.6309545966433832 0.002507449358105507 0
-0.625000000000004 -0.005980762113532422 0
-0.6651732879895074 -0.01131009775805978 0
-0.6595752305914637 -0.002936465933887736 0
-0.6503828558386968 -0.002984236302834108 0
-0.6549999999999975 0.005980762113532639 0
-0.6699835071772122 -0.002629665837307722 0
-0.3149999999999999 0.01133974596215574 0
-0.3099999999999998 0.003103203093488761 0
-0.2999999999999998 0.003173821621685195 0
-0.3049999999999994 -0.005980762113532929 0
-0.3200000000000001 0.003173821621684961 0
-0.3310397279370403 0.002572221227936084 0
-0.3250000000000005 -0.005980762113532977 0
-0.2750000000000002 0.01133974596215557 0
-0.2800000000000003 0.002679491924311306 0
-0.2700000000000002 0.003103203093488572 0
-0.2750000000000005 -0.005980762113533301 0
-0.2866666666666669 -0.004880338717125669 0
-0.9553571428571399 0.01178022935120393 0
-0.2650000000000001 0.01141036449035183 0
-0.26 0.003185591376384212 0
-0.2502169235040956 0.002844673517106565 0
-0.2550000000000001 -0.00598076211353315 0
-0.8651838548676373 -0.01179810780059946 0
-0.8616569831910399 -0.003862390139715611 0
-0.8502739454521733 -0.002667524988230538 0
-0.1250817301761279 0.01138693290134392 0
-0.1300136216960215 0.003111067583353395 0
-0.1400022702826705 0.003175132369995816 0
-0.1350000000000005 -0.005980762113532965 0
-0.120252526072556 0.003779655236134692 0
-0.165 0.01133974596215574 0
-0.1600000000000001 0.002679491924311432 0
-0.2051732879895068 0.01131009775806045 0
-0.1995752305914649 0.002936465933888336 0
-0.1899292050985777 0.002722320925907427 0
-0.1954829423506386 -0.005494055938319269 0
-0.1850000000000004 -0.005980762113533232 0
-0.1700000000000002 0.003103203093488716 0
-0.165 -0.005980762113532974 0
-0.1533333333333336 -0.004880338717125649 0
-0.2351732879895069 -0.01131009775806027 0
-0.2300288813315846 -0.003098261726139258 0
-0.2192149976419254 -0.002611311403488202 0
-0.2250000000000004 0.005980762113533187 0
-0.2393736495430219 -0.003688620187219012 0
-0.4755849756455752 -0.01158317598353926 0
-0.4801312897066395 -0.00281735825649178 0
-1.155000000000001 0.01133974596216773 0
-1.149546349259893 0.002941407301245418 0
-1.140000000000013 0.002679491924302136 0
-1.145000000000028 -0.005980762113534043 0
-1.160281783127833 0.00266031633281258 0
-0.2454898046574691 0.01162919160454773 0
-0.6049474700378195 -0.0117796224450566 0
-0.6100000000000014 -0.002679491924311016 0
-0.545000000000001 -0.01128044955396526 0
-0.5400000000000019 -0.002679491924311545 0
-0.4350000000000003 -0.011339745962155 0
-0.4283333333333337 -0.003850533848914276 0
-0.4394090296281326 -0.002506655176534677 0
-1.394999999999999 -0.01130277525107152 0
-1.399371959719036 -0.003655148595330128 0
-1.390523366900809 -0.003817758040489517 0
-0.4248267120104936 0.01173380892723778 0
-0.4200000000000007 0.002679491924311106 0
-0.7051838548676354 0.01180819616177006 0
-1.485066233774161 0.01195169025701586 0
-1.490000000000002 0.002679491924306564 0
-0.2146853114060183 -0.01178674438046176 0
-1.504546349259877 -0.01167227986727876 0
-1.499777244669576 -0.002850306249965746 0
-0.1849882008497631 0.01134688412908835 0
-0.1799862343247236 0.003182149483106361 0
-0.345000000000001 -0.01133974596215537 0
-0.3516666666666672 -0.003850533848914675 0
-0.3405995058186093 -0.002544663483608585 0
-0.1082767764678216 -0.005512714415274028 0
-0.2949999999999999 0.01142213424505152 0
-0.3351732879895066 0.01174557868193719 0
-0.3551732879895065 0.01173380892723776 0
-0.3599999999999995 0.00267949192431156 0
-0.2099836167697425 0.002629684587724866 0
-0.1450003783804451 0.01142235270310319 0
-0.8448618027077286 -0.01179611331125228 0
-0.4151313249054552 -0.01181722499213938 0
-1.464999999999993 0.0113397459621508 0
-0.4848135719349211 0.0118178785612367 0
-0.4947825005907409 0.01141500738507575 0
-0.1497226636660749 0.003382981523995287 0
-1.234415024354422 -0.01146988392781091 0
-1.229862963904621 -0.002815841079654586 0
-1.014701371891139 0.01177689994330064 0
-0.9849989801510413 -0.01142575862157788 0
-1.285489804657469 0.01162622712946826 0
-1.644826712010492 0.01131009775806226 0
-1.650424769408534 0.002936465933889729 0
-1.660092682385658 0.003214770726065097 0
-1.655161483512849 -0.005854349101576995 0
-1.665026667534653 0.01145256865115881 0
-0.2902777777777777 0.003382726656268176 0
-1.784546349259879 -0.01160166133907596 0
-1.125000000000006 -0.01133974596214995 0
-1.129371959719037 -0.003661310380503071 0
-1.118802383078476 -0.003094534648248542 0
-0.724826712010493 0.01174389728840872 0
-0.4448686750945453 0.0117523779139522 0
-0.6050434391623603 0.01182873503998364 0
-1.694790558093148 -0.01133396852797647 0
-1.699465115870395 -0.002422940043918784 0
-1.689641026304147 -0.002907661757438679 0
-0.8154536507401203 0.01160166133907959 0
-0.7854536507401217 -0.01148836928335422 0
-1.60457884747867 0.01209953244959265 0
-1.354995555726566 0.01173203360633434 0
-0.6746848202269089 0.01178682841732228 0
-0.8450434391623602 0.01175811651178845 0
-0.7551838548676356 0.01187881468996628 0
-1.604999999999988 -0.01133974596218159 0
-1.964421503482586 -0.01152578396349595 0
-1.959809602976225 -0.002866362268952939 0
-0.8649596740464319 0.01175737595207652 0
-0.6450000000000004 -0.01133974596215548 0
-0.6400000000000013 -0.002679491924312768 0
-0.5506401678482831 -0.003143180972093693 0
-0.6353429543081993 0.01176943403956441 0
-0.3648686750945461 -0.01182279627625181 0
-1.875173287989511 0.01131009775805956 0
-1.870000000000013 0.002679491924309867 0
-1.384546349259877 0.01148836928335296 0
-1.114540786971713 0.01148096239451644 0
-0.5548684250665794 0.01175372326304241 0
-1.745075608456689 -0.01139516827966859 0
-1.740000000000004 -0.002679491924286815 0
-1.135453650740123 0.01148836928335331 0
-1.585079558947589 0.01141552621342048 0
-1.875000000000001 -0.01133974596215542 0
-1.885489804657461 -0.01162910650000379 0
-1.40545365074013 0.01148836928333974 0
-1.860231481481488 0.003271732682586232 0
-0.5351313249054547 0.01175337874343355 0
-1.545453650740089 -0.01160166133908539 0
-1.554621957716536 -0.01164531390189756 0
-1.549999999999925 -0.00267949192431126 0
-1.024835620914507 0.01140588923019638 0
-1.814999841736335 0.01138678649976864 0
-0.9149999999999989 0.01136328547155714 0
-1.504816145132355 0.01189618908975553 0
-1.964817439343604 0.0118946948682145 0
-1.225173287989503 0.01181451581660404 0
-1.46490092658153 -0.01145017654863778 0
-1.255490013492121 -0.01151526808702831 0
-1.879368835987763 0.003618825220245744 0
-1.16486270546255 -0.0117800140946133 0
-1.444295697996963 0.01169333185704293 0
-1.335131324905451 0.0117521777480572 0
-1.545183854867626 0.01187881468996759 0
-1.934999999999998 0.0113397459621609 0
-1.64001649282279 0.002629665837316982 0
-0.9097222222222229 0.003386649907836924 0
-1.925315179773095 -0.01178682841732146 0
-1.599995998740298 -0.002581082427620871 0
-1.635315179773095 -0.01178682841732255 0
-1.930030454911152 0.002630224746128508 0
-1.73531517977309 0.01177962244506313 0
-1.165046963854635 0.0117602611994202 0
-1.985592825275607 -0.01221814943852569 0
-0.1153883058598271 0.01197387604944835 0
-0.1144752728692234 -0.01225559501722441 0
-1.991052166932783 0.004274968694405009 0
-1.160209641717076 -0.005444221502026954 0
-1.929995777322804 -0.005386712452502818 0
-1.599638179750334 0.005520639146057628 0
-1.905 0.003404849094806063 0
-1.690841334320343 0.004734992121341914 0
-1.72000000000005 -0.0120987491363125 0
-1.699818686852842 0.005577441933311599 0
-1.959914281263697 0.005279425954756249 0
-0.9159920634920632 -0.01302237156674369 0
-1.625 0.01388201297721091 0
-1.010022709453384 0.005456993059219854 0
-1.550036770973498 0.00537374409440633 0
-1.639994352619917 -0.005386769484018212 0
-1.894999999999998 0.01388201297721871 0
-1.39498504665998 0.002652292222944468 0
-1.944999999999995 -0.01388201297722353 0
-1.360044986000592 -0.00538356105742148 0
-1.340183854867634 0.005649201269986637 0
-1.615410069645294 0.003130104258055009 0
-0.9049444444444461 -0.002905636422436463 0
-0.8402244784982229 -0.005459518257273868 0
-1.565000000000005 -0.003438495098469188 0
-1.456937045916345 0.004076511661673039 0
-1.12481370844873 0.002950091167694912 0
-1.866658950617293 -0.004386526445687228 0
-1.85328703703704 -0.0128924862185248 0
-1.914999999999997 0.01388201297722683 0
-1.178306659295518 0.00415395669412142 0
-1.244801323528849 -0.002964317015019016 0
-1.325000000000008 -0.01388201297721747 0
-1.109997083283166 -0.005332733350465056 0
-0.925198412698412 -0.01406857592848605 0
-0.6400063819553361 0.005297014905961644 0
-0.5401838548676366 0.005650882663513289 0
-0.9600126218068544 0.005303005105814871 0
-1.975003087227163 -0.00275880118143228 0
-0.7748045893515891 -0.002960486015745857 0
-0.9349999999999963 -0.003404849094809332 0
-0.5150000000000018 -0.003404849094809488 0
-1.229994570125067 0.005254438168395594 0
-0.525 -0.01388201297722046 0
-0.6850000000000016 -0.01388201297721854 0
-0.3601494784656973 -0.005473822191366959 0
-1.655000000000005 -0.01388201297722065 0
-0.625 -0.01388201297721921 0
-1.435000000000017 -0.01388201297721513 0
-0.6549999999999974 0.01388201297721828 0
-0.5483171663636635 0.004257127951145642 0
-0.3403625043490314 0.005666928265559153 0
-0.4647650067293072 -0.003087258676942099 0
-0.2100060094052197 -0.005386707544383048 0
-0.6098528692398976 0.005224456264161695 0
-0.3749999999999999 0.0138820129772195 0
-0.144611653456416 -0.003128546579764623 0
-0.4550000000000008 -0.01388201297721991 0
-0.2953888888888888 -0.003128859702972166 0
-0.315 -0.003404849094809558 0
-0.4799858844913811 0.005273302559858064 0
-0.8586081078280398 0.004071995095739405 0
-0.7350000000000018 -0.01388201297722204 0
-0.1350000000000002 -0.01388201297721964 0
-0.1749972468649449 -0.003403183522525366 0
-0.5649999999999996 -0.0138820129772202 0
-0.1932299688574705 -0.01281741350113727 0
-0.3050000000000008 -0.0138820129772196 0
-0.1650000000000003 -0.01424050421058167 0
-0.3250000000000007 -0.01388201297721929 0
-0.8045916124346139 0.003088575103369415 0
-1.264999999999999 0.01388201297721984 0
-0.2249999999999998 0.01388201297721967 0
-0.4198505215343036 -0.005466022393609712 0
-0.1846459937714944 -0.01402758431536524 0
-0.349143091050454 0.004471071333481149 0
-0.1252172143486298 -0.00304405617924918 0
-0.2650000000000003 -0.003402495143869855 0
-0.600197581623637 -0.005458871981544008 0
-0.5749495534611132 -0.003367252788433309 0
-0.2550000000000002 -0.01388201297721975 0
-0.1557086167800456 -0.01329946817620588 0
-0.2345892050450465 0.003094514363591075 0
-1.045340885190936 -0.003142934671791135 0
-1.874821384435116 -0.002936561378015442 0
-0.8699999999999987 -0.005221758939377714 0
-0.7183977315252005 0.004181271281981739 0
-0.2750000000000005 -0.01424050421058169 0
-0.4962185793165123 -0.0130827231265483 0
-0.5052437158633029 -0.01408064624044747 0
-0.9749999999999966 0.01388201297722113 0
-0.284291383219955 -0.01329946817620586 0
-0.6700056473800881 0.005386769484020885 0
-1.033699376858195 -0.0126783608464507 0
-1.375000000000006 -0.01388201297722219 0
-0.4033082621282794 0.01271591970113249 0
-0.7447650067293085 -0.003104072612226695 0
-1.144999999999992 -0.01388201297721654 0
-0.4312615124953266 0.004102936121272121 0
-0.6947650067293085 -0.003104072612225167 0
-0.9849975121156302 0.003336001781949717 0
-0.8498372254833481 0.005429956157698619 0
-1.665077098160797 -0.003373632548199927 0
-0.3849999999999995 0.003404849094810336 0
-0.5850000000000016 -0.0138820129772212 0
-0.3946616524256562 0.01400728555536462 0
-0.9450000000000004 -0.01388201297722006 0
-0.8937418658804746 -0.01269981038149088 0
-0.4399502535570555 0.005460284288174014 0
-1.844657407407408 -0.0140425988588431 0
-0.7950000000000015 0.01388201297722287 0
-1.79540838756538 -0.003088575103371474 0
-1.215000000000005 -0.01388201297721737 0
-0.8250000000000027 -0.01388201297722243 0
-1.576262671529327 -0.01268054676504357 0
-0.760036770973529 0.005371726422171114 0
-1.304096395924047 -0.01302040719624552 0
-1.834999999999999 -0.003404849094813454 0
-1.095000000000003 -0.01388201297721761 0
-1.169756688670725 0.00546497302890921 0
-0.9950000000000009 0.01388201297721971 0
-1.31533333333334 -0.003165082770170007 0
-0.7100758372104746 0.005572916549224535 0
-1.080080024591757 0.00524776074195313 0
-0.8851259047404936 -0.01408296870397671 0
-1.489973182734341 -0.005289910133779809 0
-1.464919847614054 0.00318659400361988 0
-1.525000000000009 -0.01388201297722637 0
-1.064801777702838 -0.003090416904258587 0
-1.534765006729288 -0.00310407261223795 0
-1.675000000000003 -0.0138820129772232 0
-1.055000000000005 -0.01388201297722787 0
-1.02500315244459 -0.01399534139938664 0
-1.814999270417188 -0.003371604152920044 0
-1.825000000000004 -0.01388201297722245 0
-1.480419531613028 0.005544325781950329 0
-1.274589205045037 0.003094514363592577 0
-1.204999999999998 -0.003404849094813269 0
-1.804999999999988 -0.01388201297722095 0
-1.765031822190068 0.003379834295550178 0
-1.349301915840872 0.004662822893361803 0
-1.754999999999988 0.01388201297722814 0
-1.195000000000007 -0.01388201297722873 0
-1.295175836591278 -0.01404663276144892 0
-1.584900277798503 -0.01398345789524859 0
-1.739992669678807 0.005376538066393134 0
-1.774999999999997 0.0138820129772374 0
-1.51523499327069 -0.003085577283420698 0
-1.49969805211922 0.005291723223643041 0
-1.425000000000021 -0.003404849094820566 0
-1.41500000000001 -0.01388201297724526 0
-0.1073205080756888 0.0126794919243112 0
-0.1073205080756888 -0.01267949192431123 0
-1.992679491924314 -0.01267949192432434 0
-1.992679491924325 0.01267949192433554 0
-0.11689372702443 -0.004045138431752593 0
-1.983745647328165 -0.004001617801591094 0
-1.732312451011143 -0.004830323831387706 0
-1.887056296293484 0.003697877485162576 0
-1.632721904440707 0.004250984185857635 0
-1.936407884217864 -0.003419116792667094 0
-1.54126435733502 -0.005155409146171998 0
-0.7823678927689095 -0.003754990688682307 0
-1.332721904440711 -0.004250984185869601 0
-1.153786928979804 -0.003474181991850336 0
-1.952586125600117 -0.004311589242154702 0
-0.5327219044407199 -0.004250984185866997 0
-1.387589684421883 0.003719284700386953 0
-1.447653378844411 0.003992769049106452 0
-0.6324787171765873 -0.004328665354330912 0
-1.922721904440722 0.004250984185872908 0
-0.6462984733999694 0.00343233975401965 0
-1.712551203730122 -0.01264156181931149 0
-0.3672780955592819 0.004250984185867333 0
-1.132384302119662 0.003757911112351642 0
-0.9663457153014708 0.003425252087551409 0
-0.3322780955592823 -0.004409269851975837 0
-1.257040882066706 0.003701737437149757 0
-0.4472780955592813 -0.004250984185867387 0
-0.2172780955592818 0.004250984185868371 0
-0.6174370553739235 -0.00433173874999491 0
-0.2037889339822498 -0.0033724525877681 0
-0.5575956069785092 -0.00436897960821974 0
-0.4713168802574681 -0.005161462570094289 0
-0.833785666705294 -0.003479814968056787 0
-1.682624394941872 -0.004279262002428831 0
-0.6772780955592818 -0.004250984185867275 0
-0.2470566471357006 -0.003702927364149563 0
-1.366315020061185 -0.003495923014631167 0
-0.2423303060768598 0.003911755680836275 0
-0.6636922511885888 0.003469809960822016 0
-0.4127219044407198 0.004250984185867471 0
-0.5937479028116968 -0.003454871469703558 0
-0.7872652298670644 0.003857871417611338 0
-1.646340045513982 -0.003444527358427992 0
-1.38271064833578 -0.003868615923285939 0
-0.7277219044407134 -0.004409269851975936 0
-1.252328627973361 -0.003834684466973395 0
-1.287110805961883 -0.003709335863445376 0
-1.442971056715634 -0.003716921136807809 0
-0.4874292561928599 -0.00428663369857561 0
-1.882455979892209 -0.004003594056462264 0
-0.9525680784324387 -0.004319343515390255 0
-1.087721904440729 -0.00440926985198051 0
-1.968635540903319 -0.005020626815875187 0
-0.876446021522014 -0.003476696687122549 0
-1.222278095559272 -0.004409269851982878 0
-0.7512492356437143 -0.005160363256874453 0
-0.7686495618811333 -0.004968082948853016 0
-1.003659622271339 0.003478502034334415 0
-1.103681385921647 -0.00346904354324986 0
-0.8174250399460965 -0.003990751792129457 0
-1.137279826384463 -0.003854397696478469 0
-1.238595236516414 -0.004992421908667894 0
-1.282334911419224 0.003909446171920054 0
-1.707926728879479 -0.004922098418717652 0
-0.7014307779377665 -0.005092508097544685 0
-1.18772190444072 -0.004409269851981744 0
-0.8123423442021016 0.003867011642290298 0
-1.746341712115016 0.003417671681531559 0
-1.727446332990491 -0.01264659743984364 0
-1.118624700953983 0.004926312626608855 0
-1.592185678091743 -0.004296919941848839 0
-1.782574960053915 0.003990751792127133 0
-1.071341464459043 -0.00518689984737911 0
-1.017649753323457 -0.004319183096930259 0
-1.558296431375575 -0.004949571541484414 0
-1.407423710531381 -0.003986941612081863 0
-1.508691091598864 -0.005195625028005591 0
-1.787657655797892 -0.003867011642286186 0
-1.402373515070521 0.003769024299434452 0
-1.607518194543618 0.004339411732756385 0
-1.472515106719133 0.004351715845290705 0
2 16 0 794
1702
1703
1704
1705
1706
1707
1708
1709
1710
1711
1712
1713
1714
1715
1716
1717
1718
1719
1720
1721
1722
1723
1724
1725
1726
1727
1728
1729
1730
1731
1732
1733
1734
1735
1736
1737
1738
1739
1740
1741
1742
1743
1744
1745
1746
1747
1748
1749
1750
1751
1752
1753
1754
1755
1756
1757
1758
1759
1760
1761
1762
1763
1764
1765
1766
1767
1768
1769
1770
1771
1772
1773
1774
1775
1776
1777
1778
1779
1780
1781
1782
1783
1784
1785
1786
1787
1788
1789
1790
1791
1792
1793
1794
1795
1796
1797
1798
1799
1800
1801
1802
1803
1804
1805
1806
1807
1808
1809
1810
1811
1812
1813
1814
1815
1816
1817
1818
1819
1820
1821
1822
1823
1824
1825
1826
1827
1828
1829
1830
1831
1832
1833
1834
1835
1836
1837
1838
1839
1840
1841
1842
1843
1844
1845
1846
1847
1848
1849
1850
1851
1852
1853
1854
1855
1856
1857
1858
1859
1860
1861
1862
1863
1864
1865
1866
1867
1868
1869
1870
1871
1872
1873
1874
1875
1876
1877
1878
1879
1880
1881
1882
1883
1884
1885
1886
1887
1888
1889
1890
1891
1892
1893
1894
1895
1896
1897
1898
1899
1900
1901
1902
1903
1904
1905
1906
1907
1908
1909
1910
1911
1912
1913
1914
1915
1916
1917
1918
1919
1920
1921
1922
1923
1924
1925
1926
1927
1928
1929
1930
1931
1932
1933
1934
1935
1936
1937
1938
1939
1940
1941
1942
1943
1944
1945
1946
1947
1948
1949
1950
1951
1952
1953
1954
1955
1956
1957
1958
1959
1960
1961
1962
1963
1964
1965
1966
1967
1968
1969
1970
1971
1972
1973
1974
1975
1976
1977
1978
1979
1980
1981
1982
1983
1984
1985
1986
1987
1988
1989
1990
1991
1992
1993
1994
1995
1996
1997
1998
1999
2000
2001
2002
2003
2004
2005
2006
2007
2008
2009
2010
2011
2012
2013
2014
2015
2016
2017
2018
2019
2020
2021
2022
2023
2024
2025
2026
2027
2028
2029
2030
2031
2032
2033
2034
2035
2036
2037
2038
2039
2040
2041
2042
2043
2044
2045
2046
2047
2048
2049
2050
2051
2052
2053
2054
2055
2056
2057
2058
2059
2060
2061
2062
2063
2064
2065
2066
2067
2068
2069
2070
2071
2072
2073
2074
2075
2076
2077
2078
2079
2080
2081
2082
2083
2084
2085
2086
2087
2088
2089
2090
2091
2092
2093
2094
2095
2096
2097
2098
2099
2100
2101
2102
2103
2104
2105
2106
2107
2108
2109
2110
2111
2112
2113
2114
2115
2116
2117
2118
2119
2120
2121
2122
2123
2124
2125
2126
2127
2128
2129
2130
2131
2132
2133
2134
2135
2136
2137
2138
2139
2140
2141
2142
2143
2144
2145
2146
2147
2148
2149
2150
2151
2152
2153
2154
2155
2156
2157
2158
2159
2160
2161
2162
2163
2164
2165
2166
2167
2168
2169
2170
2171
2172
2173
2174
2175
2176
2177
2178
2179
2180
2181
2182
2183
2184
2185
2186
2187
2188
2189
2190
2191
2192
2193
2194
2195
2196
2197
2198
2199
2200
2201
2202
2203
2204
2205
2206
2207
2208
2209
2210
2211
2212
2213
2214
2215
2216
2217
2218
2219
2220
2221
2222
2223
2224
2225
2226
2227
2228
2229
2230
2231
2232
2233
2234
2235
2236
2237
2238
2239
2240
2241
2242
2243
2244
2245
2246
2247
2248
2249
2250
2251
2252
2253
2254
2255
2256
2257
2258
2259
2260
2261
2262
2263
2264
2265
2266
2267
2268
2269
2270
2271
2272
2273
2274
2275
2276
2277
2278
2279
2280
2281
2282
2283
2284
2285
2286
2287
2288
2289
2290
2291
2292
2293
2294
2295
2296
2297
2298
2299
2300
2301
2302
2303
2304
2305
2306
2307
2308
2309
2310
2311
2312
2313
2314
2315
2316
2317
2318
2319
2320
2321
2322
2323
2324
2325
2326
2327
2328
2329
2330
2331
2332
2333
2334
2335
2336
2337
2338
2339
2340
2341
2342
2343
2344
2345
2346
2347
2348
2349
2350
2351
2352
2353
2354
2355
2356
2357
2358
2359
2360
2361
2362
2363
2364
2365
2366
2367
2368
2369
2370
2371
2372
2373
2374
2375
2376
2377
2378
2379
2380
2381
2382
2383
2384
2385
2386
2387
2388
2389
2390
2391
2392
2393
2394
2395
2396
2397
2398
2399
2400
2401
2402
2403
2404
2405
2406
2407
2408
2409
2410
2411
2412
2413
2414
2415
2416
2417
2418
2419
2420
2421
2422
2423
2424
2425
2426
2427
2428
2429
2430
2431
2432
2433
2434
2435
2436
2437
2438
2439
2440
2441
2442
2443
2444
2445
2446
2447
2448
2449
2450
2451
2452
2453
2454
2455
2456
2457
2458
2459
2460
2461
2462
2463
2464
2465
2466
2467
2468
2469
2470
2471
2472
2473
2474
2475
2476
2477
2478
2479
2480
2481
2482
2483
2484
2485
2486
2487
2488
2489
2490
2491
2492
2493
2494
2495
0.405000000000001 0.01133974596215525 0
0.1950000000000001 -0.01133974596215572 0
1.956103129205814 -0.01154764997775027 0
1.835000000000004 -0.0113397459621558 0
0.135 -0.0113397459621558 0
0.2160397279370403 -0.01116185673758408 0
1.974999999999997 -0.0113397459621558 0
0.1750000000000003 0.0113397459621557 0
0.2350000000000002 -0.0113397459621558 0
0.15396027206296 -0.01116185673758395 0
0.2550000000000002 -0.01133974596215562 0
1.674999999999998 -0.01133974596215254 0
1.755000000000005 -0.01133974596215514 0
0.2850000000000001 -0.01133974596215582 0
0.3049999999999998 -0.01133974596215582 0
1.885000000000002 -0.0113397459621558 0
1.905 -0.0113397459621558 0
0.6149999999999991 -0.0117634571313341 0
1.816103129205824 0.01154764997775902 0
0.325 -0.01133974596215588 0
0.3450000000000002 -0.0113397459621558 0
0.3660397279370395 -0.01116185673758386 0
1.603960272062964 -0.01116185673757554 0
0.4350000000000001 -0.0113397459621558 0
0.4549999999999995 -0.01133974596215582 0
0.4750000000000002 -0.01176345713133312 0
0.3850000000000001 -0.0113397459621558 0
1.786103129205818 -0.01154764997775511 0
1.535000000000002 -0.0113397459621558 0
1.934999999999999 0.01065999362777899 0
0.4949999999999997 -0.01133974596215559 0
0.5250000000000009 -0.01133974596215584 0
0.5449999999999997 -0.0113397459621558 0
0.5649999999999991 -0.01133974596215589 0
1.725000000000005 -0.01133974596216345 0
0.8749999999999962 -0.01133974596215593 0
1.443960272062969 0.01116185673758546 0
1.475000000000003 0.01176345713133716 0
0.9950000000000012 -0.01133974596215621 0
1.016103129205822 -0.01154764997775609 0
1.033896870794188 -0.01154764997775196 0
1.105000000000003 -0.0113397459621558 0
1.636103129205813 -0.01154764997775438 0
1.653960272062956 -0.01116185673758333 0
0.5950000000000004 -0.01133974596215593 0
0.6449999999999997 -0.0113397459621558 0
1.865000000000002 0.01133974596215561 0
1.165000000000002 -0.0113397459621558 0
1.194999999999996 -0.0113397459621558 0
1.213896870794184 -0.01154764997775292 0
1.234999999999993 -0.01133974596215645 0
1.256039727937035 -0.0111618567375822 0
0.6638968707941841 -0.01154764997775095 0
0.6849999999999989 -0.01133974596215631 0
1.315000000000001 -0.01133974596215158 0
1.364999999999997 -0.0113397459621558 0
0.7150000000000004 -0.01065999362778826 0
0.7349999999999997 -0.01133974596215531 0
1.705787949432732 0.01122883382890521 0
0.7649999999999987 -0.0113397459621558 0
0.7857879494327272 -0.01122883382890165 0
0.803896870794183 -0.0115476499777523 0
0.8249999999999985 -0.01133974596215547 0
0.8950000000000006 -0.0113397459621558 0
1.51389687079418 0.01154764997775209 0
1.575000000000001 -0.0113397459621558 0
1.384999999999998 -0.0113397459621558 0
1.066103129205819 -0.01154764997775369 0
1.134999999999999 -0.0113397459621558 0
1.494999999999995 -0.0113397459621558 0
0.8549999999999981 -0.0113397459621558 0
0.9249999999999978 -0.01133974596215672 0
1.424999999999995 0.0113397459621557 0
0.9449999999999992 -0.0113397459621542 0
0.9650000000000009 -0.01133974596215393 0
1.084999999999999 0.01133974596215316 0
1.274999999999997 -0.0113397459621558 0
1.294212050567268 -0.01122883382889938 0
1.346103129205814 -0.01154764997775127 0
1.55603972793703 -0.01116185673758342 0
1.405 0.01133974596215561 0
1.564999999999988 0.01133974596215307 0
1.795000000000002 0.01133974596215644 0
1.683960272062965 0.01116185673758616 0
1.323896870794187 0.01154764997775366 0
1.765063401268786 0.01113160365482041 0
1.205 0.01133974596215347 0
1.045000000000003 0.01176345713133015 0
1.025000000000003 0.01133974596215265 0
0.8338968707941872 0.01154764997775214 0
1.354999999999998 0.01133974596215569 0
0.7450000000000011 0.01133974596215561 0
1.144999999999996 0.0113397459621557 0
0.9750000000000023 0.0113397459621557 0
0.6950000000000011 0.01133974596215561 0
1.264999999999997 0.01133974596215674 0
0.6249999999999998 0.01133974596215578 0
1.854999999999998 -0.01133974596215565 0
1.435000000000009 -0.01133974596215528 0
0.5050000000000017 0.01133974596215561 0
0.9550000000000005 0.01133974596215561 0
0.5750000000000021 0.01133974596215561 0
1.695000000000003 -0.01133974596215561 0
0.9050000000000032 0.01133974596215561 0
0.3749999999999999 0.01133974596215564 0
1.615000000000012 0.01065999362778497 0
0.2650000000000008 0.01133974596215561 0
0.2250000000000003 0.01133974596215562 0
1.895000000000004 0.01133974596215396 0
1.585000000000014 0.01133974596215722 0
0.4139602720629604 -0.01116185673758393 0
0.4250000000000005 0.01176345713133299 0
0.2038968707941833 0.01154764997775138 0
0.1250817301761278 0.01138693290134387 0
1.544999999999988 0.0117634571313323 0
1.174999999999996 0.01133974596215183 0
1.454999999999995 -0.0113397459621558 0
0.1450000000000002 0.01133974596215554 0
0.3150000000000004 0.01133974596215561 0
0.2460397279370404 0.01116185673758394 0
1.915000000000004 0.01133974596215285 0
0.8850000000000017 0.0113397459621557 0
0.3339602720629605 0.01116185673758382 0
1.734999999999998 0.01133974596215561 0
0.465000000000001 0.01133974596215561 0
0.2950000000000005 0.01133974596215561 0
0.355000000000001 0.011763457131333 0
1.115000000000002 0.0113397459621569 0
0.4460397279370401 0.01116185673758352 0
0.5560397279370403 0.01116185673758412 0
0.5339602720629616 0.0111618567375839 0
0.4860397279370408 0.0111618567375839 0
0.6550000000000017 0.01133974596215566 0
0.9350000000000017 0.01133974596215561 0
0.7750000000000026 0.01176345713133399 0
1.245000000000001 0.0113397459621558 0
0.6058333333333354 0.01231366882953646 0
1.375 0.01133974596215232 0
1.415000000000004 -0.01133974596214164 0
1.003960272062962 0.01116185673758274 0
0.7950000000000018 0.0113397459621555 0
0.6760397279370401 0.01116185673758479 0
1.964999999999999 0.01133974596215094 0
0.7257879494327288 0.01122883382890183 0
0.81578794943273 0.01122883382890208 0
0.8660397279370393 0.01116185673758352 0
1.285000000000002 0.01133974596215336 0
1.644999999999996 0.01133974596215474 0
1.666103129205827 0.01154764997775717 0
1.305000000000006 0.0113397459621557 0
1.226039727937037 0.01116185673758334 0
1.845000000000001 0.0113397459621558 0
1.803960272062964 -0.01116185673758206 0
1.924212050567273 -0.01122883382890294 0
0.1750000000000003 -0.01133974596215557 0
1.515000000000006 -0.01133974596215715 0
1.084999999999999 -0.0113397459621558 0
1.496103129205816 0.01154764997775426 0
1.064999999999999 0.01133974596215385 0
1.475000000000001 -0.01176345713133581 0
0.1159513050938648 -0.01154761442483216 0
1.984957626307199 0.01153227954944132 0
1.992092937632165 -0.005632393063330074 0
0.1095927881019744 0.004098688212449517 0
1.905000000000002 0.01133974596215487 0
1.91 0.003103203093487698 0
1.920000000000002 0.002679491924304246 0
1.914999999999996 -0.005980762113536653 0
1.425000000000011 -0.01133974596214264 0
1.430000000000027 -0.003103203093480619 0
1.440787949432744 -0.002611815624649115 0
1.435000000000035 0.005980762113532529 0
1.420000000000023 -0.003173821621667047 0
1.410000000000016 -0.003185591376355005 0
1.415000000000027 0.005980762113565508 0
1.405000000000004 -0.01142409587081905 0
1.40083333333334 -0.003751823018470716 0
1.954999999999997 0.01133974596215098 0
1.960453650740113 0.002941407301233363 0
1.950033373729008 0.002635050591289882 0
1.970075608456694 0.003146855656302528 0
1.965161922593374 -0.005856690897500024 0
1.865000000000002 -0.01133974596215409 0
1.86 -0.003103203093483536 0
1.869166666666668 -0.003724033319881223 0
1.849999999999997 -0.003173821621688096 0
1.85500000000001 0.005980762113536199 0
1.785 0.01133974596215389 0
1.790453650740123 0.002941407301236318 0
1.780033373729011 0.002635050591288681 0
1.800834240324579 0.002595305849929811 0
1.795130838280976 -0.005824036587621229 0
1.825000000000011 -0.01133974596214194 0
1.830000000000018 -0.002679491924307828 0
1.820453650740136 -0.002941407301229913 0
1.825611240626678 0.006297258381741668 0
1.836768540104444 0.004933088095157762 0
1.815000000000013 -0.0113397459621531 0
1.810000000000002 -0.002679491924309966 0
1.154999999999995 0.01133974596214967 0
1.14999999999999 0.002679491924308801 0
1.139999999999995 0.003103203093490817 0
1.159999999999991 0.003103203093480303 0
1.156103129205806 -0.005712327930914048 0
1.14405446068072 -0.005673980190539185 0
1.575000000000006 0.01133974596214821 0
1.580000000000018 0.003103203093491695 0
1.590000000000032 0.002750110452528413 0
1.585000000000063 -0.005980762113527354 0
1.595795497202849 -0.005261886036863451 0
1.5997446244657 0.00292795917374998 0
1.56999999999999 0.003173821621689033 0
1.559212050567249 0.002619021596917226 0
1.564999999999939 -0.005980762113527808 0
1.184999999999995 0.01133974596215136 0
1.179999999999993 0.002679491924303677 0
1.189999999999995 0.003103203093482779 0
1.186666666666661 -0.004809720188934276 0
1.175238095238089 -0.005999000479344548 0
1.505000000000003 -0.0113397459621506 0
1.500453650740119 -0.002941407301234612 0
1.489739365025835 -0.002647448207039169 0
1.509621957716572 -0.002985059864056391 0
1.520271436182261 -0.002653684287436879 0
1.504999999999999 0.005980762113539539 0
1.684999999999999 -0.01176345713133296 0
1.680787949432729 -0.002611815624643973 0
1.670584975645582 -0.002930127917952375 0
1.675137036095389 0.005823655363762043 0
1.765000000000008 -0.01133974596215968 0
1.760000000000017 -0.003103203093485833 0
1.750000000000012 -0.002750110452506745 0
1.756112186529941 0.005672504954411068 0
1.74405575458418 0.005718732999749006 0
1.739842625764038 -0.003158644367162535 0
1.771107896881397 -0.002954274868796982 0
1.105000000000003 0.01133974596215461 0
1.110000000000007 0.00310320309348867 0
1.120000000000004 0.002750110452509273 0
1.100000000000006 0.002918465494316591 0
1.11500000000001 -0.005980762113531581 0
1.126666666666669 -0.004868568962426191 0
1.194999999999999 0.011410364490349 0
1.199999999999999 0.003185591376381286 0
1.209546349259883 0.003025757209915937 0
1.204840889049706 -0.005852113726202132 0
1.325000000000003 -0.01133974596215694 0
1.319546349259889 -0.002941407301236034 0
1.330260634974167 -0.002647448207034889 0
1.309924391543311 -0.003146855656304676 0
1.314838077406623 0.005856690897499291 0
1.634999999999996 0.01133974596215332 0
1.640453650740115 0.002941407301235461 0
1.630033373729002 0.002635050591289609 0
1.650834240324573 0.002595305849925594 0
1.645130838280966 -0.005824036587623829 0
1.364999999999997 0.01133974596215176 0
1.369999999999997 0.003103203093486015 0
1.379999999999999 0.003173821621679143 0
1.374999999999993 -0.005980762113537066 0
1.359999999999996 0.003173821621684544 0
1.350453650740117 0.003023795584136403 0
1.355159110950294 -0.005852624353486251 0
1.385000000000001 0.01142213424504881 0
1.389166666666666 0.00374953445507312 0
1.074999999999999 0.01133974596215351 0
1.079999999999998 0.003103203093485695 0
1.070453650740122 0.003012025829430666 0
1.059739365025836 0.002657536568204722 0
1.075159110950303 -0.005855688117206134 0
1.089999999999998 0.003028569837893861 0
1.274999999999998 0.01133974596215245 0
1.28 0.003103203093486739 0
1.290000000000004 0.002679491924311427 0
1.285000000000001 -0.005980762113534929 0
1.269999999999993 0.003173821621685607 0
1.260216923504085 0.002844162889826649 0
1.264999999999971 -0.005980762113531404 0
1.035000000000004 0.01141036449034979 0
1.040000000000011 0.002679491924307912 0
1.02954634925989 0.002953177055933843 0
1.020378042283443 0.002987021489836852 0
1.025000000000019 -0.005980762113539513 0
1.715000000000007 -0.01133974596215802 0
1.720000000000016 -0.002679491924313068 0
1.708960272062972 -0.002501602699740851 0
1.715000000000023 0.005980762113541167 0
1.72666666666668 0.004880338717124505 0
1.704826712010498 -0.01173380892724027 0
1.454826712010502 0.01131009775807064 0
1.450000000000014 0.002679491924315752 0
1.461637785335085 0.003774973953378486 0
1.485183854867638 0.01186872632879602 0
1.480000000000004 0.002679491924311217 0
1.900000000000002 0.00317382162168529 0
1.890000000000006 0.003185591376383095 0
1.895000000000009 -0.005980762113534 0
1.245173287989502 -0.01131009775805882 0
1.240028881331575 -0.003098261726140576 0
1.229214997641916 -0.002611311403492422 0
1.23499999999997 0.005980762113530977 0
1.249373649543016 -0.003688620187217197 0
0.884999999999996 -0.01133974596215252 0
0.8799999999999933 -0.003103203093489024 0
0.8692120505672689 -0.002611815624648129 0
0.8749999999999846 0.005980762113532053 0
0.8899999999999985 -0.00317382162168499 0
0.9000000000000045 -0.003185591376387062 0
0.8950000000000072 0.005980762113533393 0
1.095000000000002 -0.01322359740455638 0
1.885000000000003 0.01142409587083515 0
1.880833333333333 0.003751823018488521 0
0.8350000000000002 -0.01133974596215728 0
0.8295463492598831 -0.002941407301237796 0
0.8402606349741688 -0.002647448207040355 0
0.8192110462959811 -0.002579154251342296 0
0.8247774593975427 0.005708067847892677 0
1.730251548738458 -0.003366465733371193 0
1.044816145132366 -0.01179810780060092 0
0.9349999999999992 -0.01133974596215651 0
0.9299999999999976 -0.00310320309348993 0
0.9199999999999974 -0.002750110452511182 0
0.9249999999999909 0.00598076211353093 0
0.9133333333333354 0.004868568962423133 0
0.9399999999999979 -0.003173821621684051 0
0.9499999999999995 -0.003185591376381996 0
0.9449999999999927 0.005980762113534452 0
0.5150000000000013 -0.01133974596215449 0
0.5200000000000037 -0.002679491924310767 0
0.5307879494327287 -0.002568579791058019 0
0.5100000000000013 -0.003103203093487819 0
0.5150000000000057 0.005980762113535132 0
0.7449999999999999 -0.01133974596215575 0
0.7400000000000007 -0.003103203093488043 0
0.7511031292058179 -0.002947926106931902 0
0.7300000000000006 -0.002679491924309094 0
0.7350000000000033 0.005980762113534133 0
0.8551732879895086 0.01131009775806009 0
0.8606550307868306 0.003146490605937742 0
0.8501555648215018 0.002561018168534751 0
0.505 -0.01141036449035145 0
0.4999999999999994 -0.003185591376384047 0
0.4892120505672733 -0.002620222592288907 0
0.4949999999999987 0.005980762113533268 0
0.9850000000000019 -0.01133974596215186 0
0.9900000000000069 -0.002679491924309368 0
1.00078794943273 -0.002568579791060198 0
0.9800000000000046 -0.003103203093486676 0
0.9850000000000124 0.005980762113538766 0
0.9750000000000014 -0.01141036449035065 0
0.9700000000000025 -0.003185591376382496 0
0.9600000000000014 -0.003271902910843982 0
0.9650000000000022 0.005980762113534616 0
0.9958893007067215 0.005283496829917476 0
1.524816145132363 0.01179810780060206 0
0.5850000000000002 -0.0113397459621551 0
0.5900000000000015 -0.002679491924310851 0
0.5995463492598814 -0.00294140730123892 0
0.5800000000000001 -0.00310320309348786 0
0.5838968707941847 0.005712327930912261 0
0.5939072033423459 0.004918447652893854 0
0.5749999999999994 -0.01141036449035157 0
0.5699999999999986 -0.003185591376384513 0
0.5592120505672721 -0.002620222592289593 0
0.5649999999999955 0.005980762113532346 0
0.6949999999999987 -0.01133974596215554 0
0.6899999999999974 -0.003103203093488787 0
0.6991666666666647 -0.003724033319888322 0
0.6792120505672721 -0.002611815624646174 0
0.6849999999999961 0.005980762113532189 0
1.164999999999996 0.01141036449034648 0
0.8051313249054568 0.01132126060661342 0
0.7995682367441259 0.002938326408646466 0
0.7892132797127418 0.002578839874549033 0
0.7947809052405409 -0.005708552886376521 0
0.8099569367683287 0.002526786807635609 0
0.5258893007067186 0.005283496829918469 0
1.934868675094543 -0.01132126060661334 0
1.930606152796726 -0.003658229487912311 0
1.941175729437285 -0.003030923588633322 0
1.945357922289606 -0.01185359885206088 0
0.7650000000000017 0.01141036449035239 0
0.7700000000000037 0.00267949192431122 0
0.7594749178270885 0.003141562500036252 0
0.7151313249054582 0.01132126060661282 0
0.7193938472032733 0.003658229487910822 0
0.7107541953514567 0.003813456826367931 0
0.7056012374496065 0.0117875745968341 0
0.6349999999999995 0.01133974596215365 0
0.6304536507401164 0.002941407301236606 0
0.6197393650258327 0.002647448207037039 0
0.6400756084566858 0.003146855656308371 0
0.6349999999999937 -0.005980762113535943 0
0.6450126014094488 0.01141763991748803 0
0.6500147016443576 0.003194079374710531 0
0.6595487995339415 0.003027171876305713 0
0.6548415268761474 -0.00585174547693144 0
0.7751313249054537 -0.01174497177579065 0
0.7800000000000026 -0.00267949192431053 0
0.6261031292058145 -0.01160818014477729 0
1.215000000000005 0.01133974596215849 0
1.219976098722161 0.00263410757666331 0
0.3849999999999998 0.01133974596215472 0
0.3799999999999985 0.00310320309348822 0
0.3899999999999998 0.003173821621683606 0
0.3692120505672728 0.002611815624646801 0
0.374999999999997 -0.005980762113532919 0
0.3950000000000007 0.01142213424505061 0
0.4000000000000011 0.002775611587688697 0
0.4107879494327277 0.002578387919973014 0
0.3950000000000017 -0.005980762113534786 0
0.4058893007067162 -0.005270886378455445 0
0.4649999999999999 -0.01141036449035189 0
0.4599999999999994 -0.00311497284818827 0
0.4492120505672728 -0.002613016620024623 0
0.4549999999999981 0.005980762113532764 0
0.4711031292058172 -0.003020226028657313 0
0.7553661370446362 0.01169044285640183 0
0.3149999999999999 -0.01133974596215575 0
0.3099999999999998 -0.003103203093488758 0
0.2999999999999998 -0.003173821621685195 0
0.3049999999999994 0.005980762113532929 0
0.3200000000000003 -0.003173821621685098 0
0.3307879494327267 -0.002619021596911642 0
0.3250000000000013 0.005980762113532719 0
0.2750000000000002 -0.01133974596215557 0
0.2800000000000003 -0.002679491924311306 0
0.2700000000000002 -0.003103203093488576 0
0.2750000000000005 0.005980762113533301 0
0.2866666666666669 0.004880338717125669 0
0.2650000000000001 -0.01141036449035183 0
0.2600000000000001 -0.00318559137638422 0
0.2502169235040956 -0.002844673517106571 0
0.2550000000000002 0.005980762113533147 0
0.2051732879895068 -0.01131009775806045 0
0.1995752305914649 -0.002936465933888336 0
0.1899292050985777 -0.002722320925907427 0
0.1954829423506386 0.005494055938319269 0
0.1850000000000004 0.005980762113533232 0
0.1350136216960215 0.0113476104520203 0
0.1400022702826704 0.003104513841799297 0
0.1498024295069811 0.002848023168793347 0
0.1450000000000001 -0.005980762113533243 0
0.2351732879895069 0.01131009775806027 0
0.2300288813315846 0.003098261726139258 0
0.2192149976419254 0.002611311403488202 0
0.2250000000000004 -0.005980762113533187 0
0.2393736495430219 0.003688620187219011 0
0.1648267120104936 -0.01131009775806029 0
0.169971118668416 -0.003098261726139281 0
0.1603573054101455 -0.002964714449504554 0
0.1650000000000007 0.005980762113533293 0
0.1300162703591367 0.003183215317912065 0
0.1201904441454426 0.003421587816654982 0
0.1253027878252992 -0.005340640049091049 0
0.545000000000001 0.01128044955396547 0
0.5400000000000021 0.002679491924311545 0
0.4756269387296274 0.01157201313498642 0
0.4802831209199659 0.002910518669140634 0
0.4350000000000003 0.011339745962155 0
0.4283333333333337 0.003850533848914276 0
0.4394090296281326 0.002506655176534677 0
0.1560749048496717 0.01120854486766831 0
0.2454898046574691 -0.01162919160454773 0
0.4248267120104936 -0.01173380892723778 0
0.4200000000000007 -0.002679491924311106 0
0.7044074603709898 -0.01166245951595001 0
0.2146853114060183 0.01178674438046176 0
0.1849882008497631 -0.01134688412908832 0
0.1799814207694597 -0.003181325921881385 0
0.345000000000001 0.01133974596215537 0
0.3516666666666671 0.003850533848914564 0
0.3405909703718677 0.002505797322694178 0
0.2949999999999999 -0.01142213424505152 0
0.3551732879895065 -0.01173380892723778 0
0.3599999999999989 -0.00267949192431156 0
0.2099836167697425 -0.002629684587724866 0
0.8448709539342012 0.01177342080728705 0
0.4151313249054552 0.01181722499213938 0
1.464999999999995 -0.01183407565952724 0
1.47023396933358 -0.003194975121792509 0
0.4848686750945455 -0.01182419743752551 0
1.975005539127321 0.01144972884869959 0
1.98006788146945 0.003866395016265699 0
0.9550000000000012 -0.01138740450887543 0
1.664999999999992 -0.01133974596214758 0
1.659999999999999 -0.002679491924311352 0
0.3351313249054543 -0.01175337874343314 0
1.014999999999999 0.01133974596215714 0
1.010029678918191 0.002616161870312759 0
0.2902777777777777 -0.003382726656268176 0
1.304999999999994 -0.01133974596213984 0
1.300615438871519 -0.003739204335831064 0
0.4448686750945453 -0.0117523779139522 0
0.7254536507401201 -0.01148836928335357 0
0.8146846528483591 -0.01178138485510408 0
1.694958036915952 0.01129161240252084 0
1.70000000000001 0.002679491924310788 0
1.689356136296973 0.003144918721969326 0
0.7848688799521255 0.01181730031790258 0
0.6746848202269092 -0.01178682841732077 0
0.8450434391623602 -0.01175811651178834 0
0.604924391543313 -0.01145401705317416 0
1.395592539629014 -0.01179444150621754 0
0.7551838548676357 -0.01180819616176936 0
1.534969357522061 0.0114867581300976 0
1.541661559587003 0.003875035876908489 0
1.294546349259883 0.01160166133908217 0
0.5351313249054546 -0.01174497177579108 0
0.364868675094546 0.01182279627625173 0
1.095000000000001 0.01138975034001073 0
1.875592539629011 0.01179444150622555 0
0.6650000000000011 0.01133974596215717 0
0.5506402954135715 0.003143254621947982 0
1.614826712010497 -0.0113100977580659 0
1.610631164012251 -0.003618825220248925 0
1.621173307741782 -0.003023699714893491 0
0.5548686750945448 -0.01175357890932948 0
0.9050000000000018 -0.01142409587083632 0
0.915000000000001 -0.01136557403497051 0
0.6150954497265289 0.01192043698968382 0
1.394407460370986 0.01179373314136044 0
1.655322894921735 0.01178407678820289 0
1.625350524826346 -0.01185053439834825 0
1.874407460370991 -0.0117757515716729 0
1.945459213028291 0.01148096239451188 0
1.345075608456684 0.01139712990546486 0
1.339787399801668 0.002671993341822357 0
1.125000000000003 0.01135151571685835 0
1.775469779906419 0.01155956406568721 0
1.805322894921734 0.01178407678820408 0
0.6699760802476945 0.002634141433291556 0
1.484956560837638 -0.01182873503998575 0
1.334793313175424 0.01180642202740168 0
1.05495656083764 0.01183041643351056 0
0.8648686750945438 -0.01175217774805555 0
1.465244082890931 0.0120117146303598 0
1.170039682539674 0.003182551648744252 0
1.255489804657465 0.01162910650000269 0
0.6101518572845213 -0.002714769470900193 0
1.744973770960674 -0.0114313744573349 0
1.005315179773091 -0.01177962244505848 0
1.134999999999999 0.01141232611613628 0
1.055153212389697 -0.01187450144034124 0
1.050000000000011 -0.002679491924314711 0
1.545173287989503 -0.01173380892723888 0
1.549999999999984 -0.002679491924315037 0
1.845 -0.01142213424505549 0
1.92454634925988 0.01148836928334741 0
1.335227294029995 -0.01179276718105125 0
1.445131324905458 -0.01175217774805618 0
1.224685311406015 -0.01178674438046294 0
1.130277777777778 0.003385015219682872 0
1.625459213028285 0.01148096239451317 0
1.530245499774809 0.002754922654398397 0
0.9097222222222252 -0.00340305127896922 0
1.840294756684074 -0.003373935093263288 0
1.775368504347869 -0.01184390495801592 0
1.525045239363709 -0.0117591558585195 0
1.554868675094532 0.01182399727162979 0
1.594957437410965 0.01139292692509943 0
1.735011324243862 -0.01154937175333868 0
1.604496692905998 0.01153864398541719 0
1.98558634614744 -0.01227554145857162 0
0.1082549642083176 -0.005092282165412094 0
0.1153642450832057 0.0119311168091266 0
1.991053152690604 0.004281982137293507 0
1.530112435064158 -0.005643884478618562 0
1.593292628210979 -0.01271441964419695 0
1.458645292444779 -0.004189348300859701 0
1.339871480350335 -0.005452665679246423 0
1.575000000000002 -0.003404849094806046 0
1.691690680954953 -0.004185394501873267 0
1.479985979039412 -0.005351024715168405 0
1.615184129770837 0.002961654442551586 0
1.489821179077145 0.005471601107793727 0
1.700095533005687 -0.005416212033339841 0
1.735163319150671 0.003082741515699079 0
1.330145187757823 0.00546162926723674 0
0.9159920634920633 0.01302237156674372 0
0.6700048895301383 -0.005386312790549291 0
1.520215435348979 0.005471397696576361 0
0.9046111111111153 0.00312008687655117 0
1.833729963455188 0.01274201756938233 0
1.845412659357705 0.003141167891179675 0
1.220005242257507 -0.00538625621898196 0
1.765000392793084 0.003278519831741219 0
1.974864437121105 -0.003008827740807267 0
1.809998700356624 0.00533458808272266 0
1.584658525642208 -0.01400698554397602 0
0.6104425858470728 0.005574224612296971 0
1.565000000000002 -0.0138820129772169 0
0.840208874297623 0.005441061211036526 0
1.449912913356598 -0.005442719142281009 0
0.9933082621282834 0.01271802144304402 0
1.470215901791794 0.00531623524761042 0
1.149999999999978 -0.01209874913631586 0
0.8587965858654933 -0.004494072732649991 0
0.884999999999997 0.003404849094809427 0
1.244589205045038 0.003094514363591614 0
1.5393361209537 -0.004663631313932366 0
1.630019900038707 -0.005330427653182474 0
1.305379429054387 0.003062621607188934 0
1.235000000000002 0.013882012977218 0
0.6198166079938394 -0.005470249467242615 0
0.5482868368458982 -0.004185426642815361 0
1.274999999999993 -0.003404849094809957 0
0.925198412698412 0.01406857592848605 0
1.124007936507938 -0.01302237156674512 0
0.7617936503167566 -0.004249428790980923 0
1.795000000000007 -0.01388201297721813 0
1.264999999999999 -0.01388201297722339 0
1.11480158730159 -0.0140685759284865 0
0.5398412222368165 -0.005431846449501742 0
0.9349999999999963 0.003404849094809402 0
0.8100039431808752 -0.005462027143898388 0
0.7798164319329752 0.005231919464757259 0
1.905000000000002 -0.003404849094810693 0
1.365031822190055 -0.003379221542801712 0
0.875 0.01388201297721804 0
1.040198222297174 -0.00555100552606584 0
0.6850000000000016 0.01388201297721854 0
0.3601494784656972 0.005473822191366908 0
0.5649999999999996 0.01388201297721912 0
1.885444489841801 -0.003073009723372474 0
1.435000000000017 0.01388201297722402 0
0.5233082621282814 0.01271802144304303 0
0.3150000000000003 0.00340484909480948 0
0.3403020489420099 -0.005685621583836375 0
0.4647650067293072 0.003087258676942127 0
0.2100060094052197 0.005386707544383048 0
0.6549999999999973 -0.01388201297722 0
0.4800933951575204 -0.005263516904132845 0
0.3250000000000007 0.01388201297721943 0
0.3749999999999999 -0.0138820129772195 0
0.5900000000000025 0.01209874913631358 0
0.4550000000000008 0.01388201297721991 0
0.5747793741588362 0.003348808307345568 0
0.2953888888888888 0.003128859702972166 0
0.6449863673954369 -0.003366263704320856 0
0.7447650067293093 0.003104072612227304 0
0.1932299688574705 0.01281741350113727 0
0.3050000000000008 0.0138820129772196 0
0.1350642656934213 -0.003274683793013746 0
0.1250652901353167 -0.01382047276220409 0
0.5050000000000014 0.003402495143870428 0
0.2249999999999998 -0.01388201297721967 0
0.4198505215343036 0.005466022393609712 0
0.1846459937714944 0.01402758431536524 0
0.1450000000000001 -0.01388201297721974 0
0.2650000000000004 0.003402495143869852 0
0.3491348778535776 -0.004477923652432607 0
0.7703849950444431 -0.005466829305785337 0
0.2550000000000001 0.01388201297721978 0
0.1749905078875754 0.003404336508240312 0
0.4950000000000006 0.01388201297721952 0
0.2345892050450465 -0.003094514363591077 0
0.7150211489363918 -0.002652466554598067 0
0.1650000000000004 0.01388201297721979 0
0.2750000000000005 0.01424050421058169 0
0.8950000000000004 0.01388201297721809 0
1.355000000000002 -0.01388201297721707 0
0.284291383219955 0.01329946817620586 0
1.135199781025032 -0.003078815360389498 0
1.059816801580296 -0.005470984929277684 0
0.4033082621282794 -0.01271591970113249 0
1.894999999999998 -0.01388201297721958 0
0.4312615124953266 -0.004102936121272121 0
0.6945555101581961 0.003088749435016834 0
1.009995698139854 -0.00538300031679283 0
0.7350000000000018 0.01388201297722226 0
0.9549999999999992 0.00336875518039974 0
0.3849999999999995 -0.003404849094810336 0
0.3946616524256562 -0.01400728555536462 0
0.9450000000000004 0.01388201297722006 0
0.9650000000000041 0.01388201297722134 0
1.78002440295953 -0.00536835182337368 0
0.4399502535570554 -0.005460284288174014 0
1.284999999999997 -0.01388201297721905 0
1.195301511143271 -0.003142557081485629 0
0.7950000000000015 -0.01388201297722287 0
1.075000000000004 -0.01388201297721755 0
0.5146616524256582 0.01400770590374675 0
1.950020411240235 -0.005330963280386798 0
0.8250000000000027 0.01388201297722243 0
1.0499391851727 0.005250282026607728 0
1.935181824717747 0.002956896468940986 0
0.9750000000000049 0.003402495143871982 0
1.644999999999998 -0.01388201297722457 0
1.105000000000007 -0.002947466917270478 0
0.6349999999999991 -0.01388201297722214 0
1.659998700356631 0.00533458808272371 0
1.204999999999995 -0.01388201297721958 0
1.72400793650794 0.01302377272802347 0
1.855000000000005 0.01388201297722464 0
1.749999999999997 0.01209874913632214 0
1.914999999999996 -0.01388201297723333 0
1.375 -0.01388201297722581 0
1.314999999999994 0.01388201297722658 0
0.8498512449647045 -0.005535673049019947 0
1.675000000000003 0.0138820129772232 0
0.9846616524256602 0.0140077059037477 0
1.085031822190061 -0.002900431249290529 0
1.965000000000014 -0.01388201297721807 0
1.18365079365079 -0.01267174660127714 0
1.024999999999998 -0.01388201297722243 0
1.505 0.01388201297722466 0
1.864555510158199 0.00308874943502217 0
1.095003247162255 -0.004635891677442376 0
1.384555510158201 -0.003075018054535957 0
1.714959177188139 0.01404667373409397 0
1.174777777777775 -0.0140020986085555 0
1.550148457049751 0.005480403990494554 0
1.165276181396712 -0.003353063926037968 0
1.825088866657538 0.01411738518577661 0
1.425000000000021 0.003404849094821215 0
1.41500000000001 0.01388201297723211 0
1.405444489841815 0.003073009723393198 0
1.992679491924314 -0.01267949192432417 0
0.1073205080756888 -0.01267949192431116 0
0.1073205080756888 0.01267949192431125 0
1.992679491924312 0.01267949192432186 0
1.983580389410101 -0.004005887908761986 0
0.1159089251257572 -0.003327658437220767 0
1.603109672920243 -0.003394729461956125 0
1.55727809555929 -0.004250984185860956 0
1.252349136725116 0.003865101552138157 0
1.621370004853984 0.004942792268249169 0
1.786349078983092 -0.003432716099245005 0
1.002721904440717 0.004250984185865076 0
1.257029477477126 -0.003731090138274016 0
1.87761017730229 -0.003945187268979127 0
1.227278095559282 0.004250984185863151 0
0.5327219044407187 0.004250984185867131 0
0.7075674495057533 -0.003836750077941146 0
1.743811150916835 0.01383144561964535 0
0.6027465074821623 0.004838529784647533 0
0.3672780955592806 -0.004250984185866923 0
0.3326862145006337 0.004252640906598203 0
0.5575958976451306 0.004369147424672048 0
1.346274954209646 -0.003431430216905035 0
0.4472780955592813 0.004250984185867387 0
0.2172780955592818 -0.004250984185868371 0
0.7511418381613706 0.005265579564777818 0
0.2037889339822498 0.0033724525877681 0
0.4713556391169437 0.005177862082913495 0
0.1528901879276623 -0.003813412306990281 0
0.6636536333964211 -0.003424878987126882 0
0.833738037744681 0.003421584705680639 0
1.682427935891642 0.004342891052867098 0
0.2470566471357006 0.00370292736414956 0
0.2423303060768598 -0.003911755680836282 0
1.066254411500475 -0.003440952125320423 0
0.677278095559281 0.004250984185866956 0
0.4127219044407198 -0.004250984185867471 0
1.802721904440722 -0.004250984185861858 0
0.1573950316630854 0.003768807325272069 0
0.5973950011680611 0.01263079316088238 0
0.7022830511654055 0.003889417317693915 0
1.442721904440727 0.004250984185861468 0
0.8675985289617816 0.004371226523177403 0
1.636348178398921 -0.003425131265207122 0
0.4873706687831439 0.004278900821156452 0
0.787649962842372 -0.004370286053373432 0
0.5837793741588383 0.01383016460587629 0
1.956354497501709 -0.003431769252622769 0
1.213653090016688 -0.003425231027271553 0
1.323737424038538 0.003455422926843754 0
0.6262225505931194 -0.003494067243456439 0
1.292575633418588 -0.003991317691848132 0
0.7274248500296994 0.003987102008386438 0
0.8036413785456109 -0.003450623358349027 0
0.7223785430687113 -0.003768763503771756 0
1.156220625841157 -0.01383016460587714 0
0.8176467908247643 0.004360296431086172 0
1.652721904440713 -0.004250984185863902 0
1.016301309709466 -0.003461645809587765 0
1.392389822697718 -0.003949505000933121 0
1.666364768260685 0.003419254716395839 0
1.033728288470257 -0.003489349727423112 0
1.143810892136139 -0.01382249505780217 0
1.607660553953798 0.003874180736216227 0
1.707437055373934 0.004346871291754078 0
1.922575149970309 -0.003987102008384829 0
1.87229652354134 0.003869988259420148 0
1.771334968915739 0.005130092654948107 0
1.496223464809783 0.00348223153816275 0
1.816801504258678 0.003768162417236288 0
1.513801140008399 0.003472213127274944 0
1.756659913811457 0.0135321905989986 0
1.927638716595754 0.003794650401238195 0
1.29765635042737 0.003863832288748708 0
1.941370028182466 0.004940395898777684 0
1.397703476458658 0.003863935393893195 0
2 17 0 5359
2496
2497
2498
2499
2500
2501
2502
2503
2504
2505
2506
2507
2508
2509
2510
2511
2512
2513
2514
2515
2516
2517
2518
2519
2520
2521
2522
2523
2524
2525
2526
2527
2528
2529
2530
2531
2532
2533
2534
2535
2536
2537
2538
2539
2540
2541
2542
2543
2544
2545
2546
2547
2548
2549
2550
2551
2552
2553
2554
2555
2556
2557
2558
2559
2560
2561
2562
2563
2564
2565
2566
2567
2568
2569
2570
2571
2572
2573
2574
2575
2576
2577
2578
2579
2580
2581
2582
2583
2584
2585
2586
2587
2588
2589
2590
2591
2592
2593
2594
2595
2596
2597
2598
2599
2600
2601
2602
2603
2604
2605
2606
2607
2608
2609
2610
2611
2612
2613
2614
2615
2616
2617
2618
2619
2620
2621
2622
2623
2624
2625
2626
2627
2628
2629
2630
2631
2632
2633
2634
2635
2636
2637
2638
2639
2640
2641
2642
2643
2644
2645
2646
2647
2648
2649
2650
2651
2652
2653
2654
2655
2656
2657
2658
2659
2660
2661
2662
2663
2664
2665
2666
2667
2668
2669
2670
2671
2672
2673
2674
2675
2676
2677
2678
2679
2680
2681
2682
2683
2684
2685
2686
2687
2688
2689
2690
2691
2692
2693
2694
2695
2696
2697
2698
2699
2700
2701
2702
2703
2704
2705
2706
2707
2708
2709
2710
2711
2712
2713
2714
2715
2716
2717
2718
2719
2720
2721
2722
2723
2724
2725
2726
2727
2728
2729
2730
2731
2732
2733
2734
2735
2736
2737
2738
2739
2740
2741
2742
2743
2744
2745
2746
2747
2748
2749
2750
2751
2752
2753
2754
2755
2756
2757
2758
2759
2760
2761
2762
2763
2764
2765
2766
2767
2768
2769
2770
2771
2772
2773
2774
2775
2776
2777
2778
2779
2780
2781
2782
2783
2784
2785
2786
2787
2788
2789
2790
2791
2792
2793
2794
2795
2796
2797
2798
2799
2800
2801
2802
2803
2804
2805
2806
2807
2808
2809
2810
2811
2812
2813
2814
2815
2816
2817
2818
2819
2820
2821
2822
2823
2824
2825
2826
2827
2828
2829
2830
2831
2832
2833
2834
2835
2836
2837
2838
2839
2840
2841
2842
2843
2844
2845
2846
2847
2848
2849
2850
2851
2852
2853
2854
2855
2856
2857
2858
2859
2860
2861
2862
2863
2864
2865
2866
2867
2868
2869
2870
2871
2872
2873
2874
2875
2876
2877
2878
2879
2880
2881
2882
2883
2884
2885
2886
2887
2888
2889
2890
2891
2892
2893
2894
2895
2896
2897
2898
2899
2900
2901
2902
2903
2904
2905
2906
2907
2908
2909
2910
2911
2912
2913
2914
2915
2916
2917
2918
2919
2920
2921
2922
2923
2924
2925
2926
2927
2928
2929
2930
2931
2932
2933
2934
2935
2936
2937
2938
2939
2940
2941
2942
2943
2944
2945
2946
2947
2948
2949
2950
2951
2952
2953
2954
2955
2956
2957
2958
2959
2960
2961
2962
2963
2964
2965
2966
2967
2968
2969
2970
2971
2972
2973
2974
2975
2976
2977
2978
2979
2980
2981
2982
2983
2984
2985
2986
2987
2988
2989
2990
2991
2992
2993
2994
2995
2996
2997
2998
2999
3000
3001
3002
3003
3004
3005
3006
3007
3008
3009
3010
3011
3012
3013
3014
3015
3016
3017
3018
3019
3020
3021
3022
3023
3024
3025
3026
3027
3028
3029
3030
3031
3032
3033
3034
3035
3036
3037
3038
3039
3040
3041
3042
3043
3044
3045
3046
3047
3048
3049
3050
3051
3052
3053
3054
3055
3056
3057
3058
3059
3060
3061
3062
3063
3064
3065
3066
3067
3068
3069
3070
3071
3072
3073
3074
3075
3076
3077
3078
3079
3080
3081
3082
3083
3084
3085
3086
3087
3088
3089
3090
3091
3092
3093
3094
3095
3096
3097
3098
3099
3100
3101
3102
3103
3104
3105
3106
3107
3108
3109
3110
3111
3112
3113
3114
3115
3116
3117
3118
3119
3120
3121
3122
3123
3124
3125
3126
3127
3128
3129
3130
3131
3132
3133
3134
3135
3136
3137
3138
3139
3140
3141
3142
3143
3144
3145
3146
3147
3148
3149
3150
3151
3152
3153
3154
3155
3156
3157
3158
3159
3160
3161
3162
3163
3164
3165
3166
3167
3168
3169
3170
3171
3172
3173
3174
3175
3176
3177
3178
3179
3180
3181
3182
3183
3184
3185
3186
3187
3188
3189
3190
3191
3192
3193
3194
3195
3196
3197
3198
3199
3200
3201
3202
3203
3204
3205
3206
3207
3208
3209
3210
3211
3212
3213
3214
3215
3216
3217
3218
3219
3220
3221
3222
3223
3224
3225
3226
3227
3228
3229
3230
3231
3232
3233
3234
3235
3236
3237
3238
3239
3240
3241
3242
3243
3244
3245
3246
3247
3248
3249
3250
3251
3252
3253
3254
3255
3256
3257
3258
3259
3260
3261
3262
3263
3264
3265
3266
3267
3268
3269
3270
3271
3272
3273
3274
3275
3276
3277
3278
3279
3280
3281
3282
3283
3284
3285
3286
3287
3288
3289
3290
3291
3292
3293
3294
3295
3296
3297
3298
3299
3300
3301
3302
3303
3304
3305
3306
3307
3308
3309
3310
3311
3312
3313
3314
3315
3316
3317
3318
3319
3320
3321
3322
3323
3324
3325
3326
3327
3328
3329
3330
3331
3332
3333
3334
3335
3336
3337
3338
3339
3340
3341
3342
3343
3344
3345
3346
3347
3348
3349
3350
3351
3352
3353
3354
3355
3356
3357
3358
3359
3360
3361
3362
3363
3364
3365
3366
3367
3368
3369
3370
3371
3372
3373
3374
3375
3376
3377
3378
3379
3380
3381
3382
3383
3384
3385
3386
3387
3388
3389
3390
3391
3392
3393
3394
3395
3396
3397
3398
3399
3400
3401
3402
3403
3404
3405
3406
3407
3408
3409
3410
3411
3412
3413
3414
3415
3416
3417
3418
3419
3420
3421
3422
3423
3424
3425
3426
3427
3428
3429
3430
3431
3432
3433
3434
3435
3436
3437
3438
3439
3440
3441
3442
3443
3444
3445
3446
3447
3448
3449
3450
3451
3452
3453
3454
3455
3456
3457
3458
3459
3460
3461
3462
3463
3464
3465
3466
3467
3468
3469
3470
3471
3472
3473
3474
3475
3476
3477
3478
3479
3480
3481
3482
3483
3484
3485
3486
3487
3488
3489
3490
3491
3492
3493
3494
3495
3496
3497
3498
3499
3500
3501
3502
3503
3504
3505
3506
3507
3508
3509
3510
3511
3512
3513
3514
3515
3516
3517
3518
3519
3520
3521
3522
3523
3524
3525
3526
3527
3528
3529
3530
3531
3532
3533
3534
3535
3536
3537
3538
3539
3540
3541
3542
3543
3544
3545
3546
3547
3548
3549
3550
3551
3552
3553
3554
3555
3556
3557
3558
3559
3560
3561
3562
3563
3564
3565
3566
3567
3568
3569
3570
3571
3572
3573
3574
3575
3576
3577
3578
3579
3580
3581
3582
3583
3584
3585
3586
3587
3588
3589
3590
3591
3592
3593
3594
3595
3596
3597
3598
3599
3600
3601
3602
3603
3604
3605
3606
3607
3608
3609
3610
3611
3612
3613
3614
3615
3616
3617
3618
3619
3620
3621
3622
3623
3624
3625
3626
3627
3628
3629
3630
3631
3632
3633
3634
3635
3636
3637
3638
3639
3640
3641
3642
3643
3644
3645
3646
3647
3648
3649
3650
3651
3652
3653
3654
3655
3656
3657
3658
3659
3660
3661
3662
3663
3664
3665
3666
3667
3668
3669
3670
3671
3672
3673
3674
3675
3676
3677
3678
3679
3680
3681
3682
3683
3684
3685
3686
3687
3688
3689
3690
3691
3692
3693
3694
3695
3696
3697
3698
3699
3700
3701
3702
3703
3704
3705
3706
3707
3708
3709
3710
3711
3712
3713
3714
3715
3716
3717
3718
3719
3720
3721
3722
3723
3724
3725
3726
3727
3728
3729
3730
3731
3732
3733
3734
3735
3736
3737
3738
3739
3740
3741
3742
3743
3744
3745
3746
3747
3748
3749
3750
3751
3752
3753
3754
3755
3756
3757
3758
3759
3760
3761
3762
3763
3764
3765
3766
3767
3768
3769
3770
3771
3772
3773
3774
3775
3776
3777
3778
3779
3780
3781
3782
3783
3784
3785
3786
3787
3788
3789
3790
3791
3792
3793
3794
3795
3796
3797
3798
3799
3800
3801
3802
3803
3804
3805
3806
3807
3808
3809
3810
3811
3812
3813
3814
3815
3816
3817
3818
3819
3820
3821
3822
3823
3824
3825
3826
3827
3828
3829
3830
3831
3832
3833
3834
3835
3836
3837
3838
3839
3840
3841
3842
3843
3844
3845
3846
3847
3848
3849
3850
3851
3852
3853
3854
3855
3856
3857
3858
3859
3860
3861
3862
3863
3864
3865
3866
3867
3868
3869
3870
3871
3872
3873
3874
3875
3876
3877
3878
3879
3880
3881
3882
3883
3884
3885
3886
3887
3888
3889
3890
3891
3892
3893
3894
3895
3896
3897
3898
3899
3900
3901
3902
3903
3904
3905
3906
3907
3908
3909
3910
3911
3912
3913
3914
3915
3916
3917
3918
3919
3920
3921
3922
3923
3924
3925
3926
3927
3928
3929
3930
3931
3932
3933
3934
3935
3936
3937
3938
3939
3940
3941
3942
3943
3944
3945
3946
3947
3948
3949
3950
3951
3952
3953
3954
3955
3956
3957
3958
3959
3960
3961
3962
3963
3964
3965
3966
3967
3968
3969
3970
3971
3972
3973
3974
3975
3976
3977
3978
3979
3980
3981
3982
3983
3984
3985
3986
3987
3988
3989
3990
3991
3992
3993
3994
3995
3996
3997
3998
3999
4000
4001
4002
4003
4004
4005
4006
4007
4008
4009
4010
4011
4012
4013
4014
4015
4016
4017
4018
4019
4020
4021
4022
4023
4024
4025
4026
4027
4028
4029
4030
4031
4032
4033
4034
4035
4036
4037
4038
4039
4040
4041
4042
4043
4044
4045
4046
4047
4048
4049
4050
4051
4052
4053
4054
4055
4056
4057
4058
4059
4060
4061
4062
4063
4064
4065
4066
4067
4068
4069
4070
4071
4072
4073
4074
4075
4076
4077
4078
4079
4080
4081
4082
4083
4084
4085
4086
4087
4088
4089
4090
4091
4092
4093
4094
4095
4096
4097
4098
4099
4100
4101
4102
4103
4104
4105
4106
4107
4108
4109
4110
4111
4112
4113
4114
4115
4116
4117
4118
4119
4120
4121
4122
4123
4124
4125
4126
4127
4128
4129
4130
4131
4132
4133
4134
4135
4136
4137
4138
4139
4140
4141
4142
4143
4144
4145
4146
4147
4148
4149
4150
4151
4152
4153
4154
4155
4156
4157
4158
4159
4160
4161
4162
4163
4164
4165
4166
4167
4168
4169
4170
4171
4172
4173
4174
4175
4176
4177
4178
4179
4180
4181
4182
4183
4184
4185
4186
4187
4188
4189
4190
4191
4192
4193
4194
4195
4196
4197
4198
4199
4200
4201
4202
4203
4204
4205
4206
4207
4208
4209
4210
4211
4212
4213
4214
4215
4216
4217
4218
4219
4220
4221
4222
4223
4224
4225
4226
4227
4228
4229
4230
4231
4232
4233
4234
4235
4236
4237
4238
4239
4240
4241
4242
4243
4244
4245
4246
4247
4248
4249
4250
4251
4252
4253
4254
4255
4256
4257
4258
4259
4260
4261
4262
4263
4264
4265
4266
4267
4268
4269
4270
4271
4272
4273
4274
4275
4276
4277
4278
4279
4280
4281
4282
4283
4284
4285
4286
4287
4288
4289
4290
4291
4292
4293
4294
4295
4296
4297
4298
4299
4300
4301
4302
4303
4304
4305
4306
4307
4308
4309
4310
4311
4312
4313
4314
4315
4316
4317
4318
4319
4320
4321
4322
4323
4324
4325
4326
4327
4328
4329
4330
4331
4332
4333
4334
4335
4336
4337
4338
4339
4340
4341
4342
4343
4344
4345
4346
4347
4348
4349
4350
4351
4352
4353
4354
4355
4356
4357
4358
4359
4360
4361
4362
4363
4364
4365
4366
4367
4368
4369
4370
4371
4372
4373
4374
4375
4376
4377
4378
4379
4380
4381
4382
4383
4384
4385
4386
4387
4388
4389
4390
4391
4392
4393
4394
4395
4396
4397
4398
4399
4400
4401
4402
4403
4404
4405
4406
4407
4408
4409
4410
4411
4412
4413
4414
4415
4416
4417
4418
4419
4420
4421
4422
4423
4424
4425
4426
4427
4428
4429
4430
4431
4432
4433
4434
4435
4436
4437
4438
4439
4440
4441
4442
4443
4444
4445
4446
4447
4448
4449
4450
4451
4452
4453
4454
4455
4456
4457
4458
4459
4460
4461
4462
4463
4464
4465
4466
4467
4468
4469
4470
4471
4472
4473
4474
4475
4476
4477
4478
4479
4480
4481
4482
4483
4484
4485
4486
4487
4488
4489
4490
4491
4492
4493
4494
4495
4496
4497
4498
4499
4500
4501
4502
4503
4504
4505
4506
4507
4508
4509
4510
4511
4512
4513
4514
4515
4516
4517
4518
4519
4520
4521
4522
4523
4524
4525
4526
4527
4528
4529
4530
4531
4532
4533
4534
4535
4536
4537
4538
4539
4540
4541
4542
4543
4544
4545
4546
4547
4548
4549
4550
4551
4552
4553
4554
4555
4556
4557
4558
4559
4560
4561
4562
4563
4564
4565
4566
4567
4568
4569
4570
4571
4572
4573
4574
4575
4576
4577
4578
4579
4580
4581
4582
4583
4584
4585
4586
4587
4588
4589
4590
4591
4592
4593
4594
4595
4596
4597
4598
4599
4600
4601
4602
4603
4604
4605
4606
4607
4608
4609
4610
4611
4612
4613
4614
4615
4616
4617
4618
4619
4620
4621
4622
4623
4624
4625
4626
4627
4628
4629
4630
4631
4632
4633
4634
4635
4636
4637
4638
4639
4640
4641
4642
4643
4644
4645
4646
4647
4648
4649
4650
4651
4652
4653
4654
4655
4656
4657
4658
4659
4660
4661
4662
4663
4664
4665
4666
4667
4668
4669
4670
4671
4672
4673
4674
4675
4676
4677
4678
4679
4680
4681
4682
4683
4684
4685
4686
4687
4688
4689
4690
4691
4692
4693
4694
4695
4696
4697
4698
4699
4700
4701
4702
4703
4704
4705
4706
4707
4708
4709
4710
4711
4712
4713
4714
4715
4716
4717
4718
4719
4720
4721
4722
4723
4724
4725
4726
4727
4728
4729
4730
4731
4732
4733
4734
4735
4736
4737
4738
4739
4740
4741
4742
4743
4744
4745
4746
4747
4748
4749
4750
4751
4752
4753
4754
4755
4756
4757
4758
4759
4760
4761
4762
4763
4764
4765
4766
4767
4768
4769
4770
4771
4772
4773
4774
4775
4776
4777
4778
4779
4780
4781
4782
4783
4784
4785
4786
4787
4788
4789
4790
4791
4792
4793
4794
4795
4796
4797
4798
4799
4800
4801
4802
4803
4804
4805
4806
4807
4808
4809
4810
4811
4812
4813
4814
4815
4816
4817
4818
4819
4820
4821
4822
4823
4824
4825
4826
4827
4828
4829
4830
4831
4832
4833
4834
4835
4836
4837
4838
4839
4840
4841
4842
4843
4844
4845
4846
4847
4848
4849
4850
4851
4852
4853
4854
4855
4856
4857
4858
4859
4860
4861
4862
4863
4864
4865
4866
4867
4868
4869
4870
4871
4872
4873
4874
4875
4876
4877
4878
4879
4880
4881
4882
4883
4884
4885
4886
4887
4888
4889
4890
4891
4892
4893
4894
4895
4896
4897
4898
4899
4900
4901
4902
4903
4904
4905
4906
4907
4908
4909
4910
4911
4912
4913
4914
4915
4916
4917
4918
4919
4920
4921
4922
4923
4924
4925
4926
4927
4928
4929
4930
4931
4932
4933
4934
4935
4936
4937
4938
4939
4940
4941
4942
4943
4944
4945
4946
4947
4948
4949
4950
4951
4952
4953
4954
4955
4956
4957
4958
4959
4960
4961
4962
4963
4964
4965
4966
4967
4968
4969
4970
4971
4972
4973
4974
4975
4976
4977
4978
4979
4980
4981
4982
4983
4984
4985
4986
4987
4988
4989
4990
4991
4992
4993
4994
4995
4996
4997
4998
4999
5000
5001
5002
5003
5004
5005
5006
5007
5008
5009
5010
5011
5012
5013
5014
5015
5016
5017
5018
5019
5020
5021
5022
5023
5024
5025
5026
5027
5028
5029
5030
5031
5032
5033
5034
5035
5036
5037
5038
5039
5040
5041
5042
5043
5044
5045
5046
5047
5048
5049
5050
5051
5052
5053
5054
5055
5056
5057
5058
5059
5060
5061
5062
5063
5064
5065
5066
5067
5068
5069
5070
5071
5072
5073
5074
5075
5076
5077
5078
5079
5080
5081
5082
5083
5084
5085
5086
5087
5088
5089
5090
5091
5092
5093
5094
5095
5096
5097
5098
5099
5100
5101
5102
5103
5104
5105
5106
5107
5108
5109
5110
5111
5112
5113
5114
5115
5116
5117
5118
5119
5120
5121
5122
5123
5124
5125
5126
5127
5128
5129
5130
5131
5132
5133
5134
5135
5136
5137
5138
5139
5140
5141
5142
5143
5144
5145
5146
5147
5148
5149
5150
5151
5152
5153
5154
5155
5156
5157
5158
5159
5160
5161
5162
5163
5164
5165
5166
5167
5168
5169
5170
5171
5172
5173
5174
5175
5176
5177
5178
5179
5180
5181
5182
5183
5184
5185
5186
5187
5188
5189
5190
5191
5192
5193
5194
5195
5196
5197
5198
5199
5200
5201
5202
5203
5204
5205
5206
5207
5208
5209
5210
5211
5212
5213
5214
5215
5216
5217
5218
5219
5220
5221
5222
5223
5224
5225
5226
5227
5228
5229
5230
5231
5232
5233
5234
5235
5236
5237
5238
5239
5240
5241
5242
5243
5244
5245
5246
5247
5248
5249
5250
5251
5252
5253
5254
5255
5256
5257
5258
5259
5260
5261
5262
5263
5264
5265
5266
5267
5268
5269
5270
5271
5272
5273
5274
5275
5276
5277
5278
5279
5280
5281
5282
5283
5284
5285
5286
5287
5288
5289
5290
5291
5292
5293
5294
5295
5296
5297
5298
5299
5300
5301
5302
5303
5304
5305
5306
5307
5308
5309
5310
5311
5312
5313
5314
5315
5316
5317
5318
5319
5320
5321
5322
5323
5324
5325
5326
5327
5328
5329
5330
5331
5332
5333
5334
5335
5336
5337
5338
5339
5340
5341
5342
5343
5344
5345
5346
5347
5348
5349
5350
5351
5352
5353
5354
5355
5356
5357
5358
5359
5360
5361
5362
5363
5364
5365
5366
5367
5368
5369
5370
5371
5372
5373
5374
5375
5376
5377
5378
5379
5380
5381
5382
5383
5384
5385
5386
5387
5388
5389
5390
5391
5392
5393
5394
5395
5396
5397
5398
5399
5400
5401
5402
5403
5404
5405
5406
5407
5408
5409
5410
5411
5412
5413
5414
5415
5416
5417
5418
5419
5420
5421
5422
5423
5424
5425
5426
5427
5428
5429
5430
5431
5432
5433
5434
5435
5436
5437
5438
5439
5440
5441
5442
5443
5444
5445
5446
5447
5448
5449
5450
5451
5452
5453
5454
5455
5456
5457
5458
5459
5460
5461
5462
5463
5464
5465
5466
5467
5468
5469
5470
5471
5472
5473
5474
5475
5476
5477
5478
5479
5480
5481
5482
5483
5484
5485
5486
5487
5488
5489
5490
5491
5492
5493
5494
5495
5496
5497
5498
5499
5500
5501
5502
5503
5504
5505
5506
5507
5508
5509
5510
5511
5512
5513
5514
5515
5516
5517
5518
5519
5520
5521
5522
5523
5524
5525
5526
5527
5528
5529
5530
5531
5532
5533
5534
5535
5536
5537
5538
5539
5540
5541
5542
5543
5544
5545
5546
5547
5548
5549
5550
5551
5552
5553
5554
5555
5556
5557
5558
5559
5560
5561
5562
5563
5564
5565
5566
5567
5568
5569
5570
5571
5572
5573
5574
5575
5576
5577
5578
5579
5580
5581
5582
5583
5584
5585
5586
5587
5588
5589
5590
5591
5592
5593
5594
5595
5596
5597
5598
5599
5600
5601
5602
5603
5604
5605
5606
5607
5608
5609
5610
5611
5612
5613
5614
5615
5616
5617
5618
5619
5620
5621
5622
5623
5624
5625
5626
5627
5628
5629
5630
5631
5632
5633
5634
5635
5636
5637
5638
5639
5640
5641
5642
5643
5644
5645
5646
5647
5648
5649
5650
5651
5652
5653
5654
5655
5656
5657
5658
5659
5660
5661
5662
5663
5664
5665
5666
5667
5668
5669
5670
5671
5672
5673
5674
5675
5676
5677
5678
5679
5680
5681
5682
5683
5684
5685
5686
5687
5688
5689
5690
5691
5692
5693
5694
5695
5696
5697
5698
5699
5700
5701
5702
5703
5704
5705
5706
5707
5708
5709
5710
5711
5712
5713
5714
5715
5716
5717
5718
5719
5720
5721
5722
5723
5724
5725
5726
5727
5728
5729
5730
5731
5732
5733
5734
5735
5736
5737
5738
5739
5740
5741
5742
5743
5744
5745
5746
5747
5748
5749
5750
5751
5752
5753
5754
5755
5756
5757
5758
5759
5760
5761
5762
5763
5764
5765
5766
5767
5768
5769
5770
5771
5772
5773
5774
5775
5776
5777
5778
5779
5780
5781
5782
5783
5784
5785
5786
5787
5788
5789
5790
5791
5792
5793
5794
5795
5796
5797
5798
5799
5800
5801
5802
5803
5804
5805
5806
5807
5808
5809
5810
5811
5812
5813
5814
5815
5816
5817
5818
5819
5820
5821
5822
5823
5824
5825
5826
5827
5828
5829
5830
5831
5832
5833
5834
5835
5836
5837
5838
5839
5840
5841
5842
5843
5844
5845
5846
5847
5848
5849
5850
5851
5852
5853
5854
5855
5856
5857
5858
5859
5860
5861
5862
5863
5864
5865
5866
5867
5868
5869
5870
5871
5872
5873
5874
5875
5876
5877
5878
5879
5880
5881
5882
5883
5884
5885
5886
5887
5888
5889
5890
5891
5892
5893
5894
5895
5896
5897
5898
5899
5900
5901
5902
5903
5904
5905
5906
5907
5908
5909
5910
5911
5912
5913
5914
5915
5916
5917
5918
5919
5920
5921
5922
5923
5924
5925
5926
5927
5928
5929
5930
5931
5932
5933
5934
5935
5936
5937
5938
5939
5940
5941
5942
5943
5944
5945
5946
5947
5948
5949
5950
5951
5952
5953
5954
5955
5956
5957
5958
5959
5960
5961
5962
5963
5964
5965
5966
5967
5968
5969
5970
5971
5972
5973
5974
5975
5976
5977
5978
5979
5980
5981
5982
5983
5984
5985
5986
5987
5988
5989
5990
5991
5992
5993
5994
5995
5996
5997
5998
5999
6000
6001
6002
6003
6004
6005
6006
6007
6008
6009
6010
6011
6012
6013
6014
6015
6016
6017
6018
6019
6020
6021
6022
6023
6024
6025
6026
6027
6028
6029
6030
6031
6032
6033
6034
6035
6036
6037
6038
6039
6040
6041
6042
6043
6044
6045
6046
6047
6048
6049
6050
6051
6052
6053
6054
6055
6056
6057
6058
6059
6060
6061
6062
6063
6064
6065
6066
6067
6068
6069
6070
6071
6072
6073
6074
6075
6076
6077
6078
6079
6080
6081
6082
6083
6084
6085
6086
6087
6088
6089
6090
6091
6092
6093
6094
6095
6096
6097
6098
6099
6100
6101
6102
6103
6104
6105
6106
6107
6108
6109
6110
6111
6112
6113
6114
6115
6116
6117
6118
6119
6120
6121
6122
6123
6124
6125
6126
6127
6128
6129
6130
6131
6132
6133
6134
6135
6136
6137
6138
6139
6140
6141
6142
6143
6144
6145
6146
6147
6148
6149
6150
6151
6152
6153
6154
6155
6156
6157
6158
6159
6160
6161
6162
6163
6164
6165
6166
6167
6168
6169
6170
6171
6172
6173
6174
6175
6176
6177
6178
6179
6180
6181
6182
6183
6184
6185
6186
6187
6188
6189
6190
6191
6192
6193
6194
6195
6196
6197
6198
6199
6200
6201
6202
6203
6204
6205
6206
6207
6208
6209
6210
6211
6212
6213
6214
6215
6216
6217
6218
6219
6220
6221
6222
6223
6224
6225
6226
6227
6228
6229
6230
6231
6232
6233
6234
6235
6236
6237
6238
6239
6240
6241
6242
6243
6244
6245
6246
6247
6248
6249
6250
6251
6252
6253
6254
6255
6256
6257
6258
6259
6260
6261
6262
6263
6264
6265
6266
6267
6268
6269
6270
6271
6272
6273
6274
6275
6276
6277
6278
6279
6280
6281
6282
6283
6284
6285
6286
6287
6288
6289
6290
6291
6292
6293
6294
6295
6296
6297
6298
6299
6300
6301
6302
6303
6304
6305
6306
6307
6308
6309
6310
6311
6312
6313
6314
6315
6316
6317
6318
6319
6320
6321
6322
6323
6324
6325
6326
6327
6328
6329
6330
6331
6332
6333
6334
6335
6336
6337
6338
6339
6340
6341
6342
6343
6344
6345
6346
6347
6348
6349
6350
6351
6352
6353
6354
6355
6356
6357
6358
6359
6360
6361
6362
6363
6364
6365
6366
6367
6368
6369
6370
6371
6372
6373
6374
6375
6376
6377
6378
6379
6380
6381
6382
6383
6384
6385
6386
6387
6388
6389
6390
6391
6392
6393
6394
6395
6396
6397
6398
6399
6400
6401
6402
6403
6404
6405
6406
6407
6408
6409
6410
6411
6412
6413
6414
6415
6416
6417
6418
6419
6420
6421
6422
6423
6424
6425
6426
6427
6428
6429
6430
6431
6432
6433
6434
6435
6436
6437
6438
6439
6440
6441
6442
6443
6444
6445
6446
6447
6448
6449
6450
6451
6452
6453
6454
6455
6456
6457
6458
6459
6460
6461
6462
6463
6464
6465
6466
6467
6468
6469
6470
6471
6472
6473
6474
6475
6476
6477
6478
6479
6480
6481
6482
6483
6484
6485
6486
6487
6488
6489
6490
6491
6492
6493
6494
6495
6496
6497
6498
6499
6500
6501
6502
6503
6504
6505
6506
6507
6508
6509
6510
6511
6512
6513
6514
6515
6516
6517
6518
6519
6520
6521
6522
6523
6524
6525
6526
6527
6528
6529
6530
6531
6532
6533
6534
6535
6536
6537
6538
6539
6540
6541
6542
6543
6544
6545
6546
6547
6548
6549
6550
6551
6552
6553
6554
6555
6556
6557
6558
6559
6560
6561
6562
6563
6564
6565
6566
6567
6568
6569
6570
6571
6572
6573
6574
6575
6576
6577
6578
6579
6580
6581
6582
6583
6584
6585
6586
6587
6588
6589
6590
6591
6592
6593
6594
6595
6596
6597
6598
6599
6600
6601
6602
6603
6604
6605
6606
6607
6608
6609
6610
6611
6612
6613
6614
6615
6616
6617
6618
6619
6620
6621
6622
6623
6624
6625
6626
6627
6628
6629
6630
6631
6632
6633
6634
6635
6636
6637
6638
6639
6640
6641
6642
6643
6644
6645
6646
6647
6648
6649
6650
6651
6652
6653
6654
6655
6656
6657
6658
6659
6660
6661
6662
6663
6664
6665
6666
6667
6668
6669
6670
6671
6672
6673
6674
6675
6676
6677
6678
6679
6680
6681
6682
6683
6684
6685
6686
6687
6688
6689
6690
6691
6692
6693
6694
6695
6696
6697
6698
6699
6700
6701
6702
6703
6704
6705
6706
6707
6708
6709
6710
6711
6712
6713
6714
6715
6716
6717
6718
6719
6720
6721
6722
6723
6724
6725
6726
6727
6728
6729
6730
6731
6732
6733
6734
6735
6736
6737
6738
6739
6740
6741
6742
6743
6744
6745
6746
6747
6748
6749
6750
6751
6752
6753
6754
6755
6756
6757
6758
6759
6760
6761
6762
6763
6764
6765
6766
6767
6768
6769
6770
6771
6772
6773
6774
6775
6776
6777
6778
6779
6780
6781
6782
6783
6784
6785
6786
6787
6788
6789
6790
6791
6792
6793
6794
6795
6796
6797
6798
6799
6800
6801
6802
6803
6804
6805
6806
6807
6808
6809
6810
6811
6812
6813
6814
6815
6816
6817
6818
6819
6820
6821
6822
6823
6824
6825
6826
6827
6828
6829
6830
6831
6832
6833
6834
6835
6836
6837
6838
6839
6840
6841
6842
6843
6844
6845
6846
6847
6848
6849
6850
6851
6852
6853
6854
6855
6856
6857
6858
6859
6860
6861
6862
6863
6864
6865
6866
6867
6868
6869
6870
6871
6872
6873
6874
6875
6876
6877
6878
6879
6880
6881
6882
6883
6884
6885
6886
6887
6888
6889
6890
6891
6892
6893
6894
6895
6896
6897
6898
6899
6900
6901
6902
6903
6904
6905
6906
6907
6908
6909
6910
6911
6912
6913
6914
6915
6916
6917
6918
6919
6920
6921
6922
6923
6924
6925
6926
6927
6928
6929
6930
6931
6932
6933
6934
6935
6936
6937
6938
6939
6940
6941
6942
6943
6944
6945
6946
6947
6948
6949
6950
6951
6952
6953
6954
6955
6956
6957
6958
6959
6960
6961
6962
6963
6964
6965
6966
6967
6968
6969
6970
6971
6972
6973
6974
6975
6976
6977
6978
6979
6980
6981
6982
6983
6984
6985
6986
6987
6988
6989
6990
6991
6992
6993
6994
6995
6996
6997
6998
6999
7000
7001
7002
7003
7004
7005
7006
7007
7008
7009
7010
7011
7012
7013
7014
7015
7016
7017
7018
7019
7020
7021
7022
7023
7024
7025
7026
7027
7028
7029
7030
7031
7032
7033
7034
7035
7036
7037
7038
7039
7040
7041
7042
7043
7044
7045
7046
7047
7048
7049
7050
7051
7052
7053
7054
7055
7056
7057
7058
7059
7060
7061
7062
7063
7064
7065
7066
7067
7068
7069
7070
7071
7072
7073
7074
7075
7076
7077
7078
7079
7080
7081
7082
7083
7084
7085
7086
7087
7088
7089
7090
7091
7092
7093
7094
7095
7096
7097
7098
7099
7100
7101
7102
7103
7104
7105
7106
7107
7108
7109
7110
7111
7112
7113
7114
7115
7116
7117
7118
7119
7120
7121
7122
7123
7124
7125
7126
7127
7128
7129
7130
7131
7132
7133
7134
7135
7136
7137
7138
7139
7140
7141
7142
7143
7144
7145
7146
7147
7148
7149
7150
7151
7152
7153
7154
7155
7156
7157
7158
7159
7160
7161
7162
7163
7164
7165
7166
7167
7168
7169
7170
7171
7172
7173
7174
7175
7176
7177
7178
7179
7180
7181
7182
7183
7184
7185
7186
7187
7188
7189
7190
7191
7192
7193
7194
7195
7196
7197
7198
7199
7200
7201
7202
7203
7204
7205
7206
7207
7208
7209
7210
7211
7212
7213
7214
7215
7216
7217
7218
7219
7220
7221
7222
7223
7224
7225
7226
7227
7228
7229
7230
7231
7232
7233
7234
7235
7236
7237
7238
7239
7240
7241
7242
7243
7244
7245
7246
7247
7248
7249
7250
7251
7252
7253
7254
7255
7256
7257
7258
7259
7260
7261
7262
7263
7264
7265
7266
7267
7268
7269
7270
7271
7272
7273
7274
7275
7276
7277
7278
7279
7280
7281
7282
7283
7284
7285
7286
7287
7288
7289
7290
7291
7292
7293
7294
7295
7296
7297
7298
7299
7300
7301
7302
7303
7304
7305
7306
7307
7308
7309
7310
7311
7312
7313
7314
7315
7316
7317
7318
7319
7320
7321
7322
7323
7324
7325
7326
7327
7328
7329
7330
7331
7332
7333
7334
7335
7336
7337
7338
7339
7340
7341
7342
7343
7344
7345
7346
7347
7348
7349
7350
7351
7352
7353
7354
7355
7356
7357
7358
7359
7360
7361
7362
7363
7364
7365
7366
7367
7368
7369
7370
7371
7372
7373
7374
7375
7376
7377
7378
7379
7380
7381
7382
7383
7384
7385
7386
7387
7388
7389
7390
7391
7392
7393
7394
7395
7396
7397
7398
7399
7400
7401
7402
7403
7404
7405
7406
7407
7408
7409
7410
7411
7412
7413
7414
7415
7416
7417
7418
7419
7420
7421
7422
7423
7424
7425
7426
7427
7428
7429
7430
7431
7432
7433
7434
7435
7436
7437
7438
7439
7440
7441
7442
7443
7444
7445
7446
7447
7448
7449
7450
7451
7452
7453
7454
7455
7456
7457
7458
7459
7460
7461
7462
7463
7464
7465
7466
7467
7468
7469
7470
7471
7472
7473
7474
7475
7476
7477
7478
7479
7480
7481
7482
7483
7484
7485
7486
7487
7488
7489
7490
7491
7492
7493
7494
7495
7496
7497
7498
7499
7500
7501
7502
7503
7504
7505
7506
7507
7508
7509
7510
7511
7512
7513
7514
7515
7516
7517
7518
7519
7520
7521
7522
7523
7524
7525
7526
7527
7528
7529
7530
7531
7532
7533
7534
7535
7536
7537
7538
7539
7540
7541
7542
7543
7544
7545
7546
7547
7548
7549
7550
7551
7552
7553
7554
7555
7556
7557
7558
7559
7560
7561
7562
7563
7564
7565
7566
7567
7568
7569
7570
7571
7572
7573
7574
7575
7576
7577
7578
7579
7580
7581
7582
7583
7584
7585
7586
7587
7588
7589
7590
7591
7592
7593
7594
7595
7596
7597
7598
7599
7600
7601
7602
7603
7604
7605
7606
7607
7608
7609
7610
7611
7612
7613
7614
7615
7616
7617
7618
7619
7620
7621
7622
7623
7624
7625
7626
7627
7628
7629
7630
7631
7632
7633
7634
7635
7636
7637
7638
7639
7640
7641
7642
7643
7644
7645
7646
7647
7648
7649
7650
7651
7652
7653
7654
7655
7656
7657
7658
7659
7660
7661
7662
7663
7664
7665
7666
7667
7668
7669
7670
7671
7672
7673
7674
7675
7676
7677
7678
7679
7680
7681
7682
7683
7684
7685
7686
7687
7688
7689
7690
7691
7692
7693
7694
7695
7696
7697
7698
7699
7700
7701
7702
7703
7704
7705
7706
7707
7708
7709
7710
7711
7712
7713
7714
7715
7716
7717
7718
7719
7720
7721
7722
7723
7724
7725
7726
7727
7728
7729
7730
7731
7732
7733
7734
7735
7736
7737
7738
7739
7740
7741
7742
7743
7744
7745
7746
7747
7748
7749
7750
7751
7752
7753
7754
7755
7756
7757
7758
7759
7760
7761
7762
7763
7764
7765
7766
7767
7768
7769
7770
7771
7772
7773
7774
7775
7776
7777
7778
7779
7780
7781
7782
7783
7784
7785
7786
7787
7788
7789
7790
7791
7792
7793
7794
7795
7796
7797
7798
7799
7800
7801
7802
7803
7804
7805
7806
7807
7808
7809
7810
7811
7812
7813
7814
7815
7816
7817
7818
7819
7820
7821
7822
7823
7824
7825
7826
7827
7828
7829
7830
7831
7832
7833
7834
7835
7836
7837
7838
7839
7840
7841
7842
7843
7844
7845
7846
7847
7848
7849
7850
7851
7852
7853
7854
-0.1248580725907595 0.02857831220991383 0
-0.4146797351050148 0.02810448826209626 0
-0.7048894712040605 0.02826168209542742 0
-0.9948589970335955 0.02842171627607874 0
-1.285000000000003 0.02866025403784662 0
-1.575 0.02866025403783841 0
0.1650000000000003 0.02866025403784439 0
0.4534884235452437 0.02746512513342102 0
0.7448589066019838 0.02820428871283806 0
1.035000000000001 0.02866025403784159 0
1.324865674315239 0.02843388962715324 0
1.614121459063431 0.02896676778075 0
-1.854999999999998 0.02819912253965906 0
1.895000000000006 0.02866025403784258 0
-1.434884031093988 0.02827678948069451 0
-1.714999999999996 0.02836432319712273 0
-0.265 0.02866025403784422 0
-0.5553967560564569 0.0284311868218455 0
-1.134999999999997 0.02841217657459829 0
-0.8549999999999992 0.02866025403784245 0
1.185000000000002 0.0286602540378444 0
1.464616592593327 0.02835366060035813 0
0.8950000000000019 0.02866025403784448 0
1.754999999999989 0.02866025403783548 0
0.5945612778401014 0.02816035244537998 0
0.3049788050041482 0.02867249097440515 0
-0.1249999999999999 -0.02866025403784439 0
-0.4150000000000001 -0.02827055294732671 0
-0.7050000000000001 -0.02855423942882467 0
-0.9950000000000024 -0.02866025403784495 0
-1.285000000000002 -0.02866025403784551 0
0.1650000000000004 -0.0286602540378442 0
0.455 -0.02866025403784409 0
0.7449999999999993 -0.0286602540378442 0
1.034999999999997 -0.02866025403784496 0
1.325000000000003 -0.02866025403784381 0
1.614636540475831 -0.02815483444454956 0
-1.575000000000001 -0.02866025403784391 0
1.895000000000003 -0.02822723295924312 0
-1.855146544302945 -0.0284122547044337 0
1.755 -0.02866025403784232 0
1.184999999999998 -0.02866025403784477 0
0.315020998029497 -0.02867237725582675 0
0.894999999999998 -0.028660254037846 0
0.6049999999999998 -0.02866025403784455 0
1.475432846889729 -0.02841034976953848 0
-0.5550000000000014 -0.02866025403784494 0
-0.2750000000000004 -0.02866025403784451 0
-1.134999999999999 -0.02849363131582824 0
-0.8550000000000015 -0.02866025403784439 0
-1.435000000000002 -0.02845445001864429 0
-1.715000000000007 -0.02866025403784554 0
0.2197584959382665 9.568838568070532 0
0.2471084958545245 -9.579442655950503 0
-2.602014513261244 9.227499154647228 0
-2.551749079343762 -9.286974166762111 0
3.002537039042061 9.088809339744685 0
3.037628031831523 -9.03685193238486 0
-5.081664156100906 8.141908548378071 0
-5.125344986349286 -8.102301212349213 0
5.496131704911862 -7.760373994292348 0
5.51159088800443 7.825857765658423 0
-7.247943743983604 6.252119270223387 0
-7.255592711195868 -6.250152624033714 0
7.545990230529029 5.888948575578677 0
7.548372519548118 -5.939522529374359 0
-8.750744144249033 3.878938103004604 0
-8.751512592660236 -3.872231264003793 0
8.9419616275793 -3.447728559084692 0
8.950437909289422 3.508079127529073 0
-9.460005516227753 1.69478163652243 0
-9.473720487957493 -1.645438463137543 0
9.499936334625056 -1.171705390923973 0
9.558650710019352 1.230442757192715 0
-0.09133974596215565 0.01499999999999999 0
-0.09133974596215563 0.02499999999999994 0
0.0913397459621557 -0.01500000000000011 0
0.09089627003158332 -0.02498840803816469 0
0.08248907155256806 -0.01979627072165319 0
0.08244923763947019 -0.0301799351462523 0
0.1250000000000001 -0.02866025403784426 0
-0.08256298420766355 0.01979820271529227 0
-0.08267949192431126 0.02999999999999995 0
-0.07461790644814324 0.02592529279055375 0
-0.07296048560559934 0.03679751140958817 0
0.07455707306015535 -0.02596089342107706 0
0.07323373688046358 -0.03741562035835711 0
-0.06215024960043833 0.02934184837446353 0
-0.059326595968182 0.04841546116272956 0
-0.155321694275315 -0.02840786981206571 0
-0.3851293198960664 0.02844181095605724 0
-0.3349999999999999 0.02866025403784436 0
-0.2350000000000002 0.0286602540378442 0
-0.1850000000000001 0.02842679456746659 0
-0.305 0.02866025403784423 0
0.2849999999999999 -0.0286602540378443 0
0.2250000000000002 -0.02866025403784432 0
0.1950000000000001 -0.02866025403784425 0
-0.1550000000000001 0.02836022758665657 0
-0.4449465937194561 0.02862941990739586 0
0.3451308161045499 -0.0284389603157334 0
0.2550000000000001 -0.02866025403784426 0
0.3350000000000006 0.02806161982370534 0
-0.1850000000000001 -0.02866025403784422 0
0.3646216000558152 0.027256670684874 0
0.1360219298453264 0.02898401236765302 0
0.105 0.02866025403784437 0
0.09501159196183549 0.02910372996841703 0
0.1002037292783469 0.037510928447432 0
0.09003588687336359 0.03742615745940816 0
0.09626604103960858 0.0451128715234829 0
0.195 0.02856503694473926 0
0.2450000000000002 0.02866025403784429 0
0.2748707104574048 0.02844201805537752 0
0.4244281000198081 0.02818324570031483 0
0.3951984826302155 0.02805080138792808 0
0.06255296811005551 -0.02922510579822281 0
0.06035641215941187 -0.04889479272396129 0
-0.09133974596215561 -0.01499999999999996 0
-0.09089316397477036 -0.02499999999999996 0
0.04322430476911584 -0.03586739272168162 0
0.03668345681334666 -0.06538121977359823 0
0.06945725607081109 -0.07488409251907485 0
0.04371675920777576 -0.09675491898740601 0
0.07498230606818143 -0.1130856653824968 0
0.02814391038607707 -0.1400585306818172 0
0.08281044262125527 -0.1652957819916113 0
0.03268739289722201 -0.213642422507879 0
0.1135905042180559 -0.2382051746137212 0
0.02239958039361473 -0.3264782078174159 0
0.1492352475612267 -0.3654711364373494 0
0.001252016696589807 -0.4869462515679018 0
0.1912067337421502 -0.5586796106849089 0
-0.01938215653824182 -0.7343145855516676 0
0.2696579547318612 -0.8229861864958135 0
-0.01517495724979729 -1.067224788230359 0
0.3801529586395486 -1.236543560067886 0
-0.001526228603103069 -1.520526941513905 0
0.4427487732785133 -1.726278192297644 0
0.04361432745664752 -2.016008464487975 0
0.5037930545113513 -2.222459711290819 0
0.1024368227924757 -2.519309937313239 0
-0.3681163721028721 -2.298418326775676 0
0.5611955113197177 -2.720352704633102 0
-0.3013500980809364 -2.813732723048768 0
-0.7684528738259164 -2.599193327088349 0
0.9634642082480579 -2.423514522207086 0
1.019909418178294 -2.920783954589115 0
1.422138900316177 -2.623768921671475 0
-0.7036616389913198 -3.110788287666315 0
-1.161861814096564 -2.910736402514242 0
1.478201498398383 -3.120771460619519 0
1.880503418758725 -2.823736858756889 0
-1.103794250894137 -3.411314539313824 0
-1.56238390226012 -3.210598730168635 0
1.936554780635331 -3.32059911745508 0
2.33882639860388 -3.023630518497519 0
-1.506254461229036 -3.707987824837233 0
-1.964479431525929 -3.50787212948052 0
1.534305814907535 -3.617544323308763 0
-2.020297999701351 -3.010994535707726 0
-2.422645640017017 -3.307853113787637 0
-2.478454426553923 -2.810991655953729 0
-2.880842443066506 -3.107783763717494 0
-2.936656330248711 -2.610913918088348 0
-3.339051924617145 -2.907693548307878 0
-3.39486765380968 -2.410820671368428 0
1.992608297866417 -3.817437931521507 0
1.590207618011917 -4.114453846144696 0
-1.908589649987881 -4.004866865131482 0
-3.797265089228839 -2.70759727053218 0
-3.853990254535845 -2.212803468631042 0
-3.741448200269518 -3.204472056350376 0
2.048628418443208 -4.31429561645659 0
1.646148606164924 -4.611278938670962 0
-4.255630747211319 -2.507845989692852 0
-4.312381328080121 -2.013109687281109 0
2.104649510707114 -4.811142374794933 0
2.506945750245391 -4.514179735866705 0
1.70216985393602 -5.1081238744121 0
-4.713899899558612 -2.30787277857416 0
-4.76972584495658 -1.811018956103668 0
-4.360180966939016 -1.519845341091557 0
-4.82420800538786 -1.314749453034669 0
-4.41353061180905 -1.021592692887945 0
-4.879391202458054 -0.8177459528409025 0
-4.451627072348991 -0.5181106310370213 0
-4.93214904137789 -0.3197485508291174 0
-4.503980685112261 -0.01994757874490482 0
-4.986878846178382 0.1775279998698637 0
-4.584299971572515 0.4743711342493879 0
-5.048594834445197 0.6738474287699942 0
-4.645183746880336 0.9707272995467896 0
-5.104242781024227 1.170739426148329 0
-4.701816930048118 1.467518468307744 0
-4.243799431726617 1.267399751453547 0
-4.289187645644481 1.750182212766658 0
-4.756059875365856 1.962027667484114 0
-4.353399857512863 2.258409576609868 0
-3.88474580331552 2.044149704663178 0
-3.950617746576343 2.554651917674764 0
-3.49233913267422 2.354464396497896 0
-3.550637717567962 2.854701499082092 0
-3.092009548493079 2.654042549599421 0
-3.148171078969401 3.151384260698543 0
-2.704581514769972 2.971115679905213 0
-2.748256832676263 3.451527683580101 0
-2.303314412902583 3.275907983024128 0
-2.346461473743316 3.750201078808032 0
-1.886569064216632 3.554490836684842 0
-1.941772888233972 4.044261227850656 0
-1.482832366491551 3.841707593318478 0
-1.409067773684328 3.287502452980773 0
-1.024617820852299 3.641609042187758 0
-1.080434665132262 4.138483754660253 0
-0.6222201194930097 3.938385203529534 0
-0.5224236116708562 3.48238011580364 0
-0.1640055738537574 3.738286652398813 0
-0.21982241813372 4.23516136487131 0
0.2383921275055317 4.03506281374059 0
0.2986039042889796 3.548252252101867 0
0.6973391618953647 3.836641621082165 0
0.762808445939774 3.36187045846539 0
1.156674121661639 3.63910875594587 0
0.1825752832255688 4.531937526213087 0
1.217889859848855 3.154597210046479 0
1.614553214367033 3.438242036266188 0
1.678017054607676 2.95887851895142 0
2.073030626037236 3.238745433716585 0
2.015576538370322 3.731870949953459 0
2.473968576182238 3.53217884601984 0
2.529815002490978 3.035371874746861 0
2.931974342319349 3.331602201448802 0
2.98775639001562 2.834647806736252 0
3.390108565022476 3.131319715264713 0
3.445912022146416 2.634414346949988 0
3.848299904587631 2.931168023515842 0
3.904112881188576 2.434284454273652 0
2.417908440033228 4.028496433652583 0
-3.204447790586569 3.648882449911222 0
3.792481423821322 3.428038988525684 0
4.250691829033834 3.227930956048164 0
0.8049201000242727 2.930403878567277 0
-4.813013631083517 2.460400236302374 0
-5.450009345767461 0.3771638133209887 0
2.282786303119674 -2.526779226010179 0
2.741094518579943 -2.726670836139473 0
2.685053907031314 -2.229821107462844 0
3.143359508393316 -2.429712558893446 0
3.087318382494343 -1.932863067612193 0
3.545623455078407 -2.132754528947549 0
3.489582155323069 -1.635905078882469 0
3.94788711080142 -1.835796548738423 0
4.003928482139698 -2.332645987445476 0
4.406192053863021 -2.035688019266433 0
4.462233423131933 -2.532537458085498 0
4.864496980510316 -2.235579491930137 0
4.808455615870833 -1.738730052496718 0
4.194874021935023 3.724803463719085 0
5.266760532970175 -1.938621526378429 0
5.210719170752729 -1.441772086679966 0
4.653087717033343 3.524702964896969 0
-5.22757445574725 -1.61069272619637 0
2.160684134836098 -5.307990618302314 0
1.758201213496231 -5.604972987517005 0
-2.588597370093345 2.561520453945275 0
3.501714535216116 2.137506816803595 0
5.322801896624136 -2.435470983307938 0
4.59727057052675 4.021576985287304 0
-1.450385516380808 -4.204948267878745 0
-1.852774540255778 -4.501738719572118 0
-1.3945602835071 -4.701836793591939 0
-1.79695627945822 -4.998615763334853 0
-1.338741804470833 -5.198714196755782 0
-1.741139199170848 -5.495490862970443 0
-1.282924647826137 -5.695589422139921 0
-2.199353727961364 -5.295392340944137 0
5.669024091306894 -1.641663579605338 0
5.612982723326136 -1.144814124388714 0
-1.16098460766554 -9.516284895496334 0
4.274578201861499 -8.581967118274441 0
4.303644415974675 8.549873018115512 0
1.662075197088141 9.449706957592307 0
8.284967644570017 -4.70317327002542 0
8.326640173257241 4.722762004625643 0
-9.582463590566324 0.1678171059312268 0
-1.208805209876866 9.455150300409457 0
6.626228803409835 -6.906167166573026 0
-3.916283063499528 -8.75843936923642 0
-6.252849675125099 7.25373645555838 0
-8.11214527728322 -5.1422496869914 0
-8.078597547284446 5.122890995451995 0
-3.940197202690632 8.774096254307185 0
-6.324555318770379 -7.238450268966787 0
1.697399163522524 -9.395084894259627 0
-2.557529933160029 -2.321834834258529 0
-0.0824885538764326 -0.01979820271529224 0
-0.08350924355920032 0.04203980423964483 0
6.600726222074734 6.931887443642324 0
5.1546778060141 -0.9449226478035434 0
5.556941359805513 -0.6479646822374233 0
6.015246287067149 -0.8478561764297564 0
5.959204915198201 -0.3510067195533965 0
-4.132165743166691 0.2736503265085534 0
-3.94058983902849 -0.7415648662911852 0
1.366731163936368 -2.14091159488866 0
-2.143536833531567 -5.792267134500042 0
-2.601751375762833 -5.592168590365835 0
2.216722691546859 -5.804839804858806 0
1.814240433910625 -6.101822331389467 0
5.055484924038075 3.821477994194327 0
5.11130173629672 3.324603208394786 0
-0.08257323858510052 -0.02996636711921532 0
-0.07289625757206485 -0.02567996833105862 0
-0.4368501622230108 -1.284354431352562 0
0.08531877658779784 0.02898436925910809 0
0.08026476987219214 0.03588798775848723 0
6.417509844827026 -0.5508982139891762 0
6.361468469860911 -0.05404875493611425 0
-0.04273522258893166 0.03426609623947791 0
-0.03760955085505975 0.06095715919285489 0
-0.09123924955528745 -0.03519066082984668 0
-0.08160539990009115 -0.04107183426102745 0
-0.09309376074230684 -0.0462267284977613 0
0.09128142210529086 -0.03468440483672817 0
5.513699349926695 3.621379168841321 0
5.569620296924916 3.124742845799814 0
4.999667997365683 4.318352517992754 0
4.541453437994359 4.518451037677791 0
6.819773386877544 -0.2539402290478136 0
6.763732021584708 0.2429092145491622 0
6.875814756352242 -0.7507896772996897 0
5.098636441259027 -0.4480732079084764 0
2.27276322235002 -6.301689186627581 0
2.675063096495205 -6.004727127454386 0
2.632173350801504 -1.737251960693204 0
-2.545934520149312 -6.089043319973369 0
-3.004149065398002 -5.888944770871742 0
1.870499523665443 -6.598647131328208 0
1.411932491691579 -6.398880831821767 0
6.305427102819372 0.442800688165166 0
6.707690656198072 0.7397586545185335 0
-0.07896659996542411 -0.05436001077821629 0
-0.0983900766826159 -0.0616904929514855 0
5.971931211439 3.42132027009618 0
1.468228542252977 -6.89562184188684 0
1.009985448678298 -6.695707436842139 0
4.943851071004038 4.815227042502771 0
4.485636531992041 5.015325608809539 0
3.959925689726669 1.937400500176886 0
3.557528318337389 1.64062509444807 0
7.222036952794203 0.04301771466933525 0
0.07392603495934441 0.02525889575650226 0
-0.8805269460847843 -5.398813261576144 0
2.731110363545741 -6.501575873825608 0
3.133380963396715 -6.204617119414126 0
0.06792874440632024 0.03947942163540987 0
-2.948304644086267 -6.385756343034093 0
-2.489714944327609 -6.585960610320695 0
-3.406529686078791 -6.18568182973786 0
-3.462360762773278 -5.688839706629421 0
-3.864648927201496 -5.985365038404707 0
-3.920558949753481 -5.488703697264297 0
-4.322857344595714 -5.785252454604174 0
-4.378769747728097 -5.288596564833878 0
-4.78119040107277 -5.585425286998189 0
-4.837003420792723 -5.088541814600331 0
1.066016496920155 -7.192560697519818 0
0.6077201695668355 -6.992666028027578 0
4.888034223064271 5.312101746594527 0
4.42981967681505 5.512200296328453 0
1.187713572319349 -4.411448970598909 0
6.249385737246973 0.9396501282424896 0
6.651649290874284 1.236608094074613 0
5.346248766989016 5.11200319153768 0
-0.224038720451038 -0.5669970489333244 0
0.1073699539663567 0.04693129282840024 0
0.0990535957306817 0.05770163539350625 0
0.1153216915637847 0.05919010194266597 0
0.1068369130611131 0.07646036440001011 0
1.524319693148136 -7.39245282048916 0
-5.239424581005012 -5.385371697300634 0
-5.295224426948214 -4.888458057717665 0
-0.6459571814695453 -3.610787963129881 0
3.199400987348461 -2.926561994527366 0
-2.310987640186505 -4.301642550781628 0
1.299491580449488 -5.405166927882988 0
1.305270058942728 -0.02825728898140794 0
1.244706886851785 -0.02655292319058021 0
1.276099000630878 -0.0281228236564861 0
1.224930736683588 -0.02862026484346624 0
1.204999999999999 -0.02853188997856883 0
1.014999999999999 -0.02866025403784414 0
0.9652402531559463 -0.02827797209687636 0
0.9356466723150886 -0.02825495807017711 0
0.9949999999999988 -0.0286602540378444 0
0.1450000000000002 -0.02866025403784425 0
-0.285 0.02866025403784427 0
0.5849999999999994 -0.02866025403784431 0
0.5248766406393587 -0.02858903247777053 0
0.4949999999999999 -0.02845081917262225 0
0.5549999999999997 -0.02855511803329273 0
0.7249999999999985 -0.0286602540378442 0
0.6731256231738038 -0.02753623110973888 0
0.6440262474882037 -0.02845478783727057 0
-1.014848969019821 -0.02841235017210313 0
-1.074774923460798 -0.02852423805518733 0
-1.104999999999999 -0.02842141237933236 0
-1.044959546804698 -0.02868353535770966 0
0.4349999999999996 -0.02866025403784457 0
0.3949999999999994 -0.02866025403784397 0
0.8766943851927629 -0.02931606590277254 0
0.8149928073548349 -0.02932267406899157 0
0.7864588078065619 -0.02858970995899557 0
0.844924441970314 -0.02890807052824757 0
-1.594999999999997 -0.02841403383162463 0
-1.645 -0.02866025403784632 0
-1.675000000000008 -0.02866025403784362 0
-1.155 -0.02866025403784437 0
-1.21522478704111 -0.02853047317915179 0
-1.245000000000002 -0.02832428175310564 0
-1.184725877123131 -0.02801984839017458 0
-0.4350000000000007 -0.02835904685603483 0
-0.4849744863252835 -0.02867498436481029 0
-0.5150000000000009 -0.0286602540378442 0
-0.2150000000000002 0.02866025403784421 0
-1.454999999999999 -0.02866025403784379 0
-1.514863488592844 -0.0284296214652949 0
-1.544977139746806 -0.0286734524111877 0
-1.485000000000002 -0.02866025403784704 0
1.164999999999998 -0.0286602540378428 0
1.105 -0.02866025403784271 0
1.075002426503376 -0.02865886397356684 0
1.134999999999997 -0.02866025403784469 0
1.055004857730852 -0.02866306952816062 0
-0.574671370858072 -0.02847051991428774 0
-0.6350000000000022 -0.02866025403784491 0
-0.6650000000000013 -0.02840219879870006 0
-0.6050000000000018 -0.02866025403784443 0
0.3749999999999997 -0.02866025403784426 0
-4.657907337315254 -2.804345161004006 0
-0.3550210091514924 0.02867238367711374 0
-0.6850000000000013 -0.02866025403784434 0
-0.535000000000001 -0.02866025403784439 0
0.4750000000000001 -0.02852072837380766 0
-0.8750000000000004 -0.02866025403784435 0
-0.9350000000000018 -0.02866025403784423 0
-0.9050000000000015 -0.02866025403784585 0
-1.304865072386561 -0.02843259937709543 0
-1.365000000000002 -0.02866025403784421 0
-1.33497719603258 -0.02867341991457759 0
-1.395000000000001 -0.02866025403784327 0
0.2150000000000001 0.02866025403784439 0
-0.205 -0.02866025403784436 0
-0.2350000000000002 -0.02866025403784416 0
0.4149999999999993 -0.02866025403784421 0
0.6952603943620469 -0.02850991528282048 0
-0.9550000000000023 -0.02866025403784401 0
-0.7248542883919487 -0.0284136662180443 0
-0.7849737107505877 -0.02863723914333873 0
-0.8151098833665271 -0.02841988025511032 0
-0.7549750715917066 -0.02867464646108494 0
-0.8350000000000023 -0.0286602540378438 0
-0.2949729899000257 -0.02864465974935293 0
-0.3450836567593125 -0.02907357373336028 0
-0.3749772155579045 -0.02867340864162165 0
-0.255 -0.02866025403784432 0
0.4752256598126677 0.02852996928425572 0
0.5250826906653574 0.02828727637461466 0
-0.3139337020348415 -0.02875178621320799 0
-1.415000000000003 -0.02866025403784439 0
1.959653345749135 4.228502130643346 0
2.362033322384888 4.525237703354687 0
1.903809064517574 4.725314014023676 0
2.306202193051598 5.022079703850091 0
1.847985266570124 5.222172802984629 0
2.250381808984832 5.518946310407814 0
1.792166673381113 5.719043510552741 0
2.194564083255562 6.015819004410451 0
1.736349390708092 6.215917219129531 0
2.138747019001873 6.512693213155355 0
1.680532436700334 6.712791680331478 0
1.278134729230663 6.416015504997269 0
1.222317865644339 6.912890173259271 0
0.8199201600489247 6.616114002217005 0
0.7641033118452148 7.112988705704339 0
0.3617056091259456 6.816212541248288 0
0.3058887639653609 7.313087251704212 0
-0.09650893776736108 7.016311089507294 0
1.624715563785903 7.209666327232626 0
-0.1523257822563356 7.51318580150117 0
-0.5547234837126965 7.216409639937098 0
-0.4989066394489092 6.719534927427554 0
-0.9571211851647295 6.919633478382936 0
-0.9013043408773722 6.422758765927378 0
-1.35951888652815 6.622857317031697 0
-1.415335730810033 7.119732029499803 0
-1.81773343217033 6.822955868155711 0
-1.761916587890542 6.326081155682826 0
-2.220131133530524 6.526179706811856 0
-2.275947977810389 7.023054419284581 0
-2.678345679169812 6.726278257942494 0
-2.622528834889872 6.229403545469946 0
-3.080743380529132 6.429502096600643 0
-3.024926536249172 5.932627384128136 0
-3.483141081888427 6.132725935258847 0
0.914999999999999 -0.02829276549945152 0
-0.975000000000002 -0.02866025403784327 0
0.6249999999999996 -0.02866025403784424 0
-5.215644537098039 2.163939426387562 0
-5.271689734060158 2.661116340155514 0
-5.674164361642346 2.364443104267475 0
-5.730032085739816 2.861385337864839 0
-6.132451088105841 2.564637584286162 0
-5.327642864350111 3.158172752727424 0
-5.785880124324362 3.358301587208049 0
-5.383487622015836 3.655084671361609 0
-5.841706819886049 3.855189423519279 0
-5.439310760407047 4.151967772167509 0
-5.89752635506484 4.352067721353799 0
-5.495129102188688 4.648844480255912 0
-6.299924231260554 4.055291793021285 0
-0.4548530882365894 -0.02835265356453334 0
-5.036914631296625 4.448746028718578 0
-5.092731848355504 4.945621237960488 0
0.7649999999999985 -0.0286602540378443 0
-6.076637793993668 2.067767606440849 0
-6.534870286105209 2.267890015363331 0
-6.479051699958308 1.771012987754756 0
-6.93726894636512 1.971115129328087 0
-6.881452261901926 1.474240629406679 0
-6.99308624077301 2.467990440207686 0
3.099313827693139 1.840723771514285 0
3.15611612251291 1.342511063627865 0
2.705503737882214 1.559419036653725 0
-3.439004029008038 1.860952074137098 0
-5.338264647890184 -0.6168141256878356 0
-4.634517266566498 4.745522638655704 0
-5.116130894061876 -2.604267263236043 0
2.59696155246354 6.312594634138642 0
2.541144652929743 6.809469220082931 0
2.999359203892374 6.609370681142455 0
7.109954209843802 1.036716620336434 0
7.053912844582213 1.533566059713614 0
-1.625 -0.02866025403784609 0
-0.3949195617388613 -0.02861381298612224 0
-1.265 -0.02866025403784535 0
1.345000000000002 -0.02866025403784094 0
1.404908150930696 -0.02774486656080819 0
1.375022741891391 -0.02867338407496083 0
1.43456964691129 -0.0284117895662293 0
-1.695000000000001 -0.02856262294804416 0
3.613508958341705 1.143526361350823 0
3.212124507836899 0.8453760151489226 0
0.7020357735021884 -0.9290025160050005 0
-3.538957926168392 6.629600647731341 0
-3.941355627527683 6.33282448638956 0
3.189424473859712 -6.701466311244311 0
3.591689568563728 -6.404508181869606 0
3.535648475189634 -5.907658715512274 0
3.993954044241746 -6.107550123287034 0
3.937912847696652 -5.61070066872839 0
4.396217893534447 -5.810592136022812 0
4.34017659066287 -5.3137426907376 0
4.798481533506131 -5.513634172110501 0
4.742440199482984 -5.016784729837005 0
5.200745116233294 -5.216676214938536 0
5.144703770047006 -4.719826773218902 0
5.603008683043685 -4.919718259603712 0
5.54696733230943 -4.422868818580362 0
6.005272245817681 -4.622760304905007 0
5.949230894499533 -4.125910863972185 0
4.686398857267299 -4.519935286743006 0
0.6637612349175771 -7.489515575026031 0
0.2054583248927064 -7.28962334595157 0
-3.350729917984638 -6.682595650398174 0
4.832217375573666 5.808976451714844 0
-7.395484176970392 2.171214591151515 0
-5.550946345387136 5.145719724318248 0
-4.724514703613454 -6.082425531849599 0
2.94354235129067 7.106245374558625 0
3.401756896430194 6.906146822283558 0
0.7082864651778772 7.609863412709888 0
-5.697673573524898 -5.185352027613151 0
-5.753445790716793 -4.688375119728494 0
6.407535807906897 -4.325802350317382 0
6.35149445638578 -3.828952909418561 0
7.512217763540028 1.333674586009099 0
7.456176398286132 1.830524025364155 0
4.85452288995942 -6.010483612176214 0
4.049995505063177 -6.604399551086389 0
-0.6105403280436765 7.713284352292775 0
-6.155894996895657 -4.985269226106229 0
-6.211662619229364 -4.488281796251667 0
-6.355741553163056 4.552167141888997 0
-0.07114457140575961 0.01473870282803885 0
-2.734162523449781 7.223152970414976 0
-2.331764822090499 7.519929131756755 0
0.2614993425429291 -7.786472910634211 0
-0.196805292650694 -7.586581321137839 0
0.5514133767275267 -6.495817274866787 0
-3.976393170488083 -4.991868774640979 0
-4.892823892501024 -4.591675407351453 0
0.4175224531792464 6.319337828256743 0
-0.2756392624136842 4.732036077343806 0
-2.566711990609926 5.732528832997412 0
-2.969109691969217 5.435752671655631 0
3.668114598600236 0.6463360719026311 0
3.263013569341145 0.3546899472290015 0
4.071559025459432 0.9436502672773334 0
6.193344371929904 1.436499567746941 0
-9.090839288530672 3.004535319799517 0
9.233657669852352 -2.577483740503237 0
9.161442416102062 2.552716446107711 0
-9.088809339744687 -3.002537039042057 0
9.636261745263857 0.2405332765038543 0
-9.592002593273914 -0.6631752377349471 0
0.3129769281183328 -0.4305080091308421 0
-6.758139363265509 4.255391125447966 0
0.07117164067712257 -0.01501517252818599 0
6.809799369831344 -4.028844395757367 0
6.753758018283918 -3.531994954862951 0
0.05802866901529126 0.0258660327008068 0
-0.07442477622983536 -0.07421129565395101 0
-0.09753638375389291 -0.08583305291136457 0
-0.05829722822171549 -0.05701320121626711 0
-7.451301135411357 2.668089455406129 0
5.659050034522548 -5.416567700504743 0
0.04659233750120241 0.04313831679301517 0
7.200149158871054 -3.73308156343779 0
7.124478547555859 -3.23857006824116 0
2.861631804629112 0.5322895073229627 0
2.867235476469216 0.05989290469814863 0
-0.1407639503719417 -8.083430765469766 0
-0.5990687988928832 -7.883539255061007 0
-0.6551101597218386 -7.386689817606265 0
-1.057373713885381 -7.68364776929549 0
-5.809256714581022 -4.191486847970187 0
-6.267470273333217 -3.991386036923192 0
4.083238831737299 4.718549449997102 0
5.791080818226164 1.139541602096963 0
-6.669867809995712 -4.288161822982781 0
-6.725682275281005 -3.791281660880661 0
6.997871479328984 2.030415499066746 0
7.400864805497416 2.326852686450035 0
7.914481317244002 1.630632551659481 0
7.970522682495623 1.133783112310971 0
0.719804200338978 -7.986364417604387 0
3.321663132699187 -0.1424077256851876 0
0.1805864863572171 -0.1909382742583742 0
-3.997172471807648 6.829699198862057 0
-4.399570173166937 6.53292303752028 0
-5.641688950060446 -5.682387325053184 0
0.03516893314937726 0.02342204830359687 0
-0.2081426266928916 8.010060513615084 0
-7.128080372770747 -4.088058731203398 0
-7.183896887371993 -3.591183261920714 0
-6.781499130887024 -3.29440697246637 0
-7.23971367916392 -3.094308427387001 0
-6.837315969302748 -2.797532244435087 0
-7.295530514289243 -2.597433692041951 0
-6.893132811845004 -2.300657526080881 0
-7.351347357324557 -2.100558974841192 0
-6.948949656126486 -1.803782812002016 0
-7.407164201968073 -1.603684261377039 0
-7.004766501038033 -1.306908099160629 0
-7.462981046984633 -1.106809548741898 0
-7.060583346116768 -0.8100333866636581 0
-7.518797892091231 -0.6099348363023291 0
-7.116400191238371 -0.3131586742566855 0
-7.574614737219981 -0.1130601239103566 0
-7.809561902792281 -1.900460423364852 0
-7.921195592937589 -0.9067109983340865 0
-1.113415065696877 -7.186798328497675 0
-1.515678626070987 -7.483756282489366 0
-1.459637274537434 -7.980605723390225 0
-1.917942187678972 -7.780714236938497 0
0.6174976245798119 -3.21778158380803 0
-1.225572690473691 -2.418484304320439 0
5.490925977395148 -3.926019364647718 0
6.692459494627398 -3.035734358624969 0
7.09384686116975 -2.738874544846148 0
3.881871699961088 -5.113851191058371 0
3.89184576255269 -1.338947106962719 0
5.167035812612499 2.828156485980117 0
-3.453057056013059 -1.928044390006929 0
-0.7113921137903304 -6.889671063297037 0
1.389768873694408 5.422267124046667 0
2.78716127178511 -6.998424224288506 0
3.245468433634804 -7.198315453997262 0
2.843204650823423 -7.495273433753369 0
-4.925273942885044 3.454987274032852 0
5.916099902684832 3.918161859727775 0
6.374314923557227 3.718064396854504 0
6.318494973308028 4.214931996830322 0
6.776709854920322 4.014834215059171 0
2.708596161466655 5.318847316957329 0
6.720892548974322 4.511707870342148 0
-0.06589283091737307 0.07324991850722494 0
-0.03485623806277769 0.09369370367231142 0
-0.0768682435877529 0.1098161810485695 0
-0.03118600549927069 0.1420746058289948 0
-0.1103035876519157 0.1717007448432491 0
-0.03616469860240606 0.2167319203324826 0
-0.1148160167921354 0.2604122979701765 0
-0.02579563945651447 0.3237183094028966 0
-0.1710826608705618 0.3696155080633584 0
-0.003130419997652171 0.4875936475332258 0
-0.2103523438462407 0.5672629404693014 0
0.02173363959122384 0.7309736788385913 0
-0.2868247905515953 0.8553000233208017 0
0.009203263707446653 1.087661590915011 0
-0.3827055597473229 1.249661267297223 0
0.3614386388676544 0.8400785826515598 0
0.1237525020244472 0.3681268323606715 0
-0.6681085618749649 0.9293228726319362 0
-0.8266203233051828 1.381614121544384 0
-1.144021675854804 1.040768478240379 0
-0.3589630708387821 0.4136740619488395 0
-0.4781808389612109 1.720172207080249 0
-0.1784785767360707 0.1767930709271274 0
0.3761523470165045 1.319425581638758 0
0.7759392444314964 0.9998695443101248 0
-0.9465342164134738 1.865531415856224 0
7.549884425571444 -2.975617136071675 0
7.499821443191271 -2.447600450818289 0
7.042512924606905 -2.242514423752992 0
7.44556105566487 -1.945638022498311 0
6.865840721385025 -4.525693836650738 0
3.34594005004381 7.403021529932471 0
3.804154595884876 7.202922979263899 0
2.887725504689663 7.603120081716065 0
-7.853698894937163 2.371313371408975 0
-7.797882062015247 1.874438670490842 0
-2.789979367729776 7.720027682887414 0
-6.813956305273084 4.752265968136459 0
-0.09989104609605139 0.03036378822546104 0
-0.1181541636529981 -0.074363230045183 0
-0.1262719147855648 -0.09690209383517188 0
-0.1474142516877965 -0.08130894738647311 0
-0.1511295764834997 -0.1170570140252723 0
-0.1810608670004779 -0.1008177477521427 0
-0.1869361818053487 -0.1314763281063359 0
-0.226288721543053 -0.1117290517503871 0
-0.1458138965145129 -0.1654356400113911 0
-0.2303878474851997 -0.1623421869924862 0
-0.2770009874110546 -0.14267011579626 0
-0.2841342559015704 -0.2113496327771183 0
-0.3467607532809027 -0.1523796736569167 0
-0.3531852446815107 -0.2349785218004714 0
-0.4194389178263335 -0.2040111611444348 0
-0.4177375170052435 -0.297733592749174 0
-0.5167334426143608 -0.228470507028302 0
-0.5249012697796903 -0.3360710426464179 0
-0.6411879486855799 -0.2897490929030251 0
-0.609804179857116 -0.4544390990113443 0
-0.7901464723850679 -0.3696504204711727 0
-0.7947833622375793 -0.5419384467155901 0
-0.9647043669485537 -0.4438231586267773 0
-0.9969189909744464 -0.6520360805963608 0
-1.253428461203317 -0.5893386436817265 0
-1.197736511442767 -0.8693886432638297 0
-1.477785513822458 -0.7423779533557425 0
-1.985717069517607 -0.02784707685137167 0
-1.92487122517364 -0.0283962831020825 0
-1.895181419680901 -0.02851866461847786 0
-1.954978573674799 -0.02867262453246857 0
-1.874663017829801 -0.02846569729117077 0
-1.501455813143106 -1.093909088743749 0
-1.874252585307815 -0.8978492255325613 0
7.903996730639043 -2.145543101053603 0
7.848274000011025 -1.64784376095861 0
2.982880824165883 -0.3971119108023787 0
-0.07655228407546366 -0.1079731840033858 0
-0.6663571723582432 8.210159064686037 0
0.06211172145322445 0.06004789056581922 0
-7.697928214970934 -2.894209853735071 0
0.7938340440083629 1.542319412850358 0
1.196666791272592 1.277312699905954 0
1.17439642988221 0.7844674399629979 0
1.545426041502237 0.9849957307435174 0
0.09133974596215558 0.004999999999999967 0
-7.17221703637081 0.1837160381273547 0
-7.630431582354226 0.3838145884698618 0
-8.032829283202073 0.08703842643497163 0
-8.08864612833769 0.583913138812274 0
-6.714002490385578 -0.01638251221128771 0
-6.602368799827616 -1.010131936581039 0
-6.490735110532963 -2.003881361600627 0
-5.865071040522931 -3.694606365942704 0
0.1267584389456027 5.028812238685583 0
-7.048903453078903 2.964865642044925 0
-7.507118060055809 3.164964274736438 0
-3.885538783247718 5.835949773917067 0
-5.14854871051426 5.44249597425833 0
-5.606763259133312 5.642594529359941 0
-6.423237742898801 1.274142113701145 0
-0.3314561066936508 5.2289107898163 0
2.820244913903549 4.325132387452225 0
-2.399885263829452 4.243175725430264 0
-1.997088720104525 4.539301875796992 0
3.457573740626864 6.409272109620336 0
0.1046788091350988 -0.08643189377028877 0
3.301509902184146 -7.695164881520573 0
4.126622706450541 0.4467374053099179 0
4.529446910421712 0.7444789298887026 0
5.735039452964053 1.63639104147044 0
6.027443354548772 2.925105281131865 0
6.83265343240179 3.518249714564796 0
7.234945117089302 3.814783103628549 0
8.306653810533229 -1.847595862799733 0
8.250678091649894 -1.350581506085208 0
-2.387581666370496 8.016803844229187 0
3.290123205662109 7.899896242172002 0
-0.5430274581599837 -8.38038869996603 0
-7.072263593741639 -4.584933594960996 0
-8.25609664947163 2.074537280618049 0
-0.5839547445518963 2.207182397222827 0
-0.1077921791799289 0.08823244213999344 0
-4.455387017446902 7.029797749992774 0
-4.857784718806193 6.733021588650999 0
-4.052989316087614 7.326573911334551 0
1.226758635779341 1.784861587160261 0
-7.216354041044172 4.455489852647475 0
-0.05303568357918705 0.01399492868839312 0
-0.02546876250944859 0.01189606687186393 0
-2.845796212009755 8.216902395359888 0
-1.867111315190576 -1.352947984996724 0
-2.248274028756045 -1.175874725503242 0
-2.279856355949196 -0.6631943966895133 0
-2.587946643317712 -0.9164002370926962 0
-2.633215323243172 -0.4580720442162376 0
-0.1010895179281785 -0.03726948530768821 0
1.581149336203614 0.5886478544287579 0
1.534578403313275 0.02895863275958398 0
1.564571776355279 0.02909629849547643 0
1.504687934365216 0.02833324255927905 0
1.584999999999998 0.0286602540378443 0
1.227699545780283 0.4283723780191869 0
1.39494244875044 0.0286270268084171 0
1.365000000000003 0.0286602540378431 0
1.425130046335473 0.02858517175105491 0
1.105000000000002 0.02866025403784327 0
1.145000000000002 0.02866025403784349 0
1.075000000000003 0.02820009400139917 0
1.265733983618273 0.02827161027413634 0
1.225748767924287 0.02905549832255229 0
1.205000000000003 0.02866025403784529 0
1.244415772080417 0.0276744098912778 0
1.124908294481917 0.0282425868885512 0
1.285000000000001 0.02861508700100216 0
1.304999999999999 0.0286602540378443 0
1.444774063525137 0.02854783153273091 0
8.372786236201234 1.430741077956646 0
8.42882760145265 0.933891638608732 0
-1.861900836175969 -8.277563677850681 0
-2.320205749580242 -8.077672191496356 0
8.316744870949623 1.927590517305117 0
-0.2639594710047229 8.506935226014608 0
-1.848440485872691 -0.5075856957309076 0
-1.78513001638123 -0.0284404169496245 0
-1.755020919955779 -0.02867233217994781 0
-1.814999999999998 -0.02866025403784489 0
-1.545096293977425 -0.3731143866847945 0
-0.07332019158658053 -0.01378921629175376 0
-0.06074257287504677 -0.01856303721815905 0
-0.2112007649695078 -0.2421928005859971 0
-7.586294599237765 -3.887959449186032 0
2.899246359790599 -7.992122833846953 0
0.02929145210718995 0.1657266722766116 0
-0.1132946814445972 2.042487293571596 0
0.0117526550943194 -0.04586455320263549 0
-1.188194630839615 -0.3103578504950261 0
-1.000403284312806 -0.248792450989762 0
2.831908660005897 8.099994793263889 0
-1.044590937963492 0.5777655360209274 0
-1.064999999999997 0.02844195449411798 0
-1.035 0.0286602540378442 0
-1.094999999999997 0.02866025403784174 0
-1.370776509243171 0.7698507847878747 0
-1.974744927967129 0.02951307610371401 0
-1.914865171709598 0.02839608915934174 0
-1.944975183855522 0.02867458164553828 0
-1.894999999999992 0.02866025403784081 0
-1.874999999999994 0.02866025403783755 0
-1.572759430564163 1.092193598597362 0
-1.911321905535973 0.8360942056062981 0
-2.020787067688489 1.229620830418739 0
-2.298200163732014 0.8837466610600899 0
-1.321276191449931 0.3906862383062019 0
-1.504999999999997 0.02866025403783889 0
-1.535190450330957 0.02845859334013407 0
-1.474999999999999 0.02866025403784464 0
-1.194999999999998 0.0286602540378487 0
-1.234999999999996 0.02866025403784368 0
-1.164999999999996 0.0286602540378462 0
-1.374999999999998 0.02866025403784386 0
-1.334999999999999 0.02866025403784256 0
-1.214999999999997 0.02866025403784587 0
-1.354999999999998 0.02866025403784574 0
-1.254999999999992 0.0286602540378442 0
-1.394999999999997 0.02866025403784421 0
-1.315000000000001 0.02866025403783653 0
-2.471961026214033 1.287715574826775 0
-2.740944020476595 0.9534571624115414 0
-2.579732095217824 0.4593414485806292 0
-2.885020372166769 0.5640854015045216 0
-2.116432800021998 0.4672549575967075 0
2.511420221623681 -0.2533058167895042 0
2.008452943288352 -0.00464092724892486 0
2.518294051604451 0.1552113789677901 0
2.429942521337874 0.5680043725545193 0
2.587575146572707 -0.5710219260059792 0
2.258731166783552 -0.5301528637453546 0
1.975000000000006 -0.02866025403784029 0
1.945 -0.02866025403784521 0
1.925064076154993 -0.02862325965251258 0
2.287034155824127 -0.830830034498934 0
2.006187820761114 -0.685563807870367 0
2.064517744051724 -1.112683144499712 0
1.937588731547762 -0.4017463359498602 0
1.684834975908087 -0.0285649773339564 0
1.654999999999998 -0.02824130907035612 0
1.715364421215194 -0.02872455365449587 0
1.824999999999999 -0.02866025403785405 0
1.795002334757922 -0.02865890606472529 0
1.854999999999996 -0.02866025403784117 0
1.775147500499031 -0.02933347070431563 0
-2.304605125432947 -0.2338618674419196 0
-2.008660254037844 0.005000000000006556 0
-0.7731975157793106 -0.1991961904906434 0
-0.653670543246294 -0.163071572185844 0
-1.061294866177817 2.351656750717968 0
-1.4141200445514 2.012861576088458 0
2.222798611760574 -0.2105160183580812 0
-8.491043829185678 0.2871369767770746 0
-8.546860674321687 0.7840116891535513 0
3.357551358443301 -8.192014310458603 0
0.03136053786989265 0.06880163921614497 0
1.681728793808428 -0.8913645696440495 0
-0.08472254651682846 -8.580280186973262 0
-1.572288537133693 -6.9865236988807 0
-2.376247101127031 -7.580822750600406 0
-2.77851066302006 -7.877780705155208 0
5.332775899253399 1.339433075836944 0
-0.8246672715025839 -5.895590101881266 0
-0.4223052096438078 -5.598895585897235 0
-0.4781279946117537 -5.102034481195695 0
-0.01991324018989278 -5.302132595146393 0
-0.07573135530224336 -4.80526080917632 0
0.3824488317975796 -5.005362918544749 0
0.3266260485180523 -4.508489287074014 0
6.987552969556133 -1.744894371588582 0
7.792384057200037 -1.150662550768689 0
8.194672929047623 -0.8536492526034797 0
6.58533887888632 -2.041710298714776 0
-7.686248426109759 0.8806893023586712 0
-5.060278867658182 -3.101061430117812 0
-5.518496449175278 -2.900969830748278 0
-2.825023984353737 -3.604661134387192 0
-2.657568220611028 -5.095293878902986 0
4.059969870093572 -2.82949542364227 0
4.518274794896522 -3.029386896535624 0
4.116011240214458 -3.326344862315639 0
4.574316154460651 -3.526236336529639 0
4.172052605164166 -3.823194301677758 0
3.71374768734645 -3.623302827842178 0
3.76978905244807 -4.120152267206749 0
3.311484133705982 -3.920260793477397 0
-0.9921626227351048 -4.405060553416509 0
4.696372887499096 -0.745031173607248 0
-4.602065855217485 -3.301163490849458 0
-1.929367120731242 7.816705293098474 0
-1.98518396501122 8.313580005570952 0
-5.406856239688675 -3.894704333388495 0
4.362130880361165 2.234312614937354 0
0.1942550746335603 8.306836674881691 0
1.501409744453605 4.428534145938279 0
8.026564047746803 0.6369336729637388 0
8.484868958617401 0.4370422102148951 0
8.082605412998289 0.1400842336156359 0
8.540910375407904 -0.05980722845033711 0
0.5849729845848566 4.828713687554866 0
2.440941449593828 -7.792231347136951 0
2.496982861258216 -8.28908078116843 0
2.038677958371636 -8.089189293624274 0
-4.578700416261576 4.248647918154198 0
-4.176302770002987 4.545424152923698 0
3.70377352039595 -7.398206920537285 0
0.5291561403048936 5.325588400027366 0
-4.008449317815395 3.054254480201889 0
2.585352889225716 2.537858365021135 0
-8.43522698404961 -0.2097377355992699 0
-1.403595922737799 -8.477455164192438 0
-5.574313799862594 -2.404096276951198 0
6.26267792639073 4.711806245274611 0
6.665075593977128 5.008582329278356 0
7.123290133987568 4.808483765257971 0
-6.411558620201728 5.049042151180899 0
-6.869773202967429 5.249140751781526 0
-4.120485933902316 4.048549451350986 0
-3.718088243089693 4.34532562674735 0
4.976579702446018 -3.229278386930594 0
-0.7338538080529368 4.932134628474524 0
-0.7896706523329033 5.42900934094702 0
3.736659315825963 3.924901647382873 0
6.206861029885006 5.208680838153025 0
6.609258722539995 5.505456979562457 0
6.15104417237455 5.705555520328446 0
-1.19206835369219 5.132233179605242 0
2.429510958643788 7.803218631915637 0
2.373694114296044 8.300093344232939 0
-0.4430897952368906 6.222660214799483 0
-3.24819391336904 7.92012623401811 0
-3.773905089127431 4.842200341562275 0
-6.467375510510537 5.54591692498539 0
-3.315690546902136 4.642101794981027 0
1.971296412924996 8.003317182864214 0
4.374002830183811 6.009075003416663 0
4.776400531151215 6.305851163861059 0
3.971605128866092 5.712298842170068 0
5.234615076725155 6.105752612580778 0
5.178798232410553 6.602627324973967 0
5.637012778033148 6.402528773805107 0
4.720583686765532 6.802725876091468 0
3.367525497505631 -4.417110230841178 0
-0.5049902638575028 -0.1372228131300492 0
-0.423175171144143 -0.1085475837024923 0
0.4382944471580404 -5.502234348875459 0
-0.3660955914173279 -6.095591182493043 0
4.417847027254918 1.737840424646108 0
5.276883925148672 1.836174114818056 0
5.388817264504956 0.8425836364886224 0
6.942837815324674 2.52669769492197 0
7.290815002487256 3.318029852364251 0
7.693154286224543 3.614672240602876 0
7.748881443930688 3.118002680716881 0
6.137483705784126 1.933104229484429 0
-0.2173397027100385 2.543719808480021 0
-3.04475723409905 -0.7001361391430767 0
-3.191118525162045 0.9532052073587812 0
8.775583297184227 1.728935470362031 0
1.916121433052078 8.499321593708839 0
1.513188844671701 8.203270683688764 0
-0.3320511730959254 -0.0956549115955667 0
-0.2819779971645301 -0.07931518252553266 0
-0.5883726184829776 -0.6980201229300483 0
-1.518124491319529 2.474855299733699 0
2.994757316954076 -0.8920350034317194 0
5.57854511712309 6.893333263725435 0
2.094719321703929 -8.586038733173044 0
1.636414411980363 -8.386147246409413 0
8.422417959870593 -2.353131939053794 0
-0.4844569314179781 -8.871439340816314 0
6.551459319556256 5.997791742942283 0
7.634493034485144 4.105033418298278 0
8.087948410184644 3.902444628005709 0
-2.179076521282084 1.674681079269861 0
-2.647284284453785 -1.390904916909803 0
-1.79463974923989 -8.773147606322524 0
-2.728195185092181 -8.364796833283474 0
-3.178237395074228 -8.165095393415918 0
-3.236392771492497 -7.676282007767178 0
-3.635094723781072 -7.964967712980901 0
-3.6944059633087 -7.476129165510066 0
-4.096600894941198 -7.772997682472537 0
-4.15319579943585 -7.277514362490068 0
-8.306094414691737 2.563521925561295 0
-8.703352387088302 2.265047857702041 0
-0.7217719295937464 8.706488588779209 0
-4.907676269790015 7.221862217821569 0
-5.314230468860376 6.931868887912184 0
0.1054842312811375 -0.02881746628561612 0
-8.643613229064627 1.777629632590798 0
-1.420346310966185 -1.53409558227433 0
-0.219794542921241 -0.07070266658312691 0
-0.1846225741140438 -0.06097159822567252 0
8.699780849859737 -1.551462883115916 0
-1.795339212205853 -1.817035722077374 0
0.05383208684147683 -0.0146314157193337 0
-3.048672513534604 -0.2630526379495254 0
7.73637395670911 -0.6537439891959665 0
6.529592612069735 -1.544597191289412 0
-0.1315549886354884 -4.308387044128587 0
0.2708415790302239 -4.011611037519902 0
-6.825635927878751 0.9773665892366475 0
-6.36742146660547 0.777268150607364 0
-5.976706228589619 -2.700860367333624 0
-7.160537202499512 3.958615147817103 0
-7.618751780677202 4.158713742303643 0
-1.124504703500206 8.410166751063702 0
-4.801967874526231 6.236146876178507 0
-5.965023777814211 1.074044332540889 0
-1.247885197972156 5.629107892077736 0
-1.650282899331442 5.332331730735961 0
-2.510895146329973 5.235654120524909 0
-1.226752090294606 -6.192451603501899 0
4.639294112783264 -0.2486370325249865 0
4.231573025769844 -0.546101321399292 0
5.042726076347179 0.04855655036768159 0
0.06648664529655947 0.01281057308778176 0
1.451729115375381 8.684818364369407 0
1.053962499923857 8.40091142969011 0
0.9916744434581458 8.882943952831067 0
0.7625933960934667 2.046228891467054 0
-2.667706943116087 1.716946359825914 0
-0.1446949651728797 -0.05527842575316553 0
1.86831827050441 0.7445397010481104 0
1.903745887451953 0.4597567830357734 0
1.685 0.02800715807212432 0
1.715308557034783 0.02832941533816855 0
1.655 0.0286602540378443 0
1.984760772293608 0.02853625347084419 0
1.944999999999998 0.02866025403784405 0
1.824999999999996 0.02866025403783898 0
1.794999999999994 0.02866025403785262 0
1.855000000000002 0.02866025403784593 0
1.96501109251486 0.02839909218948526 0
1.735000000000003 0.02866025403784474 0
1.92510236784346 0.02852152063086818 0
1.960755676976486 1.208231712569252 0
-0.326351184663173 8.987048774510242 0
-4.54702401571758 -7.555159499887242 0
-4.610065051468434 -7.07437945313816 0
-5.003776020150166 -7.351736327005291 0
-5.067871869843724 -6.873358781873432 0
-4.209444414520693 -6.779260770275737 0
2.304310950442112 8.807048258357511 0
-3.107258565374764 -8.643239101756059 0
-5.394911800035055 7.399484904450785 0
-5.472032785628644 -7.179066331972373 0
-5.524964866735199 -6.671424822993247 0
1.704699011288554 -1.395223546607721 0
1.229432558492692 2.246102867747866 0
1.708579434609982 2.006226691288981 0
8.875594392479773 0.7326987436377095 0
-0.01324935329305872 0.03885419209023368 0
3.228493212171392 8.373034363865793 0
0.1220937227605424 0.04496589331750121 0
0.1312512401743645 0.05838436430515045 0
0.02816039770572418 -0.01040138531816196 0
-8.864293242486779 -0.006364787484269348 0
-8.81271492289169 -0.5037156382468388 0
-0.1233142553184857 -0.04751807454763613 0
-0.1341120426291918 -0.2668046393589754 0
3.670655291820887 8.180918518388625 0
-1.678219934905462 0.4633440432122772 0
-1.784891008335231 0.02908925217885669 0
-1.755020919955786 0.02867233217994911 0
-1.816044443341719 0.02875816167795333 0
-1.644399148980469 0.0281211468169412 0
-1.614602535252012 0.02810147953026937 0
-1.67516182271459 0.02956898946408429 0
-1.834990637324869 0.0286134690754943 0
-3.414449408086184 0.4805321605178972 0
0.2745371400605773 2.387990704470958 0
-4.54391382969861 -8.066076134574693 0
1.303610712878251 -1.121207472733401 0
0.05684382759963091 0.1015454047139519 0
-0.03111524986213858 -0.1824865529215012 0
-0.6911743738270465 0.5637988399118246 0
-0.7749999999999992 0.0286602540378442 0
-0.8149999999999992 0.02808656024944068 0
-0.7461033021558717 0.02866982050097596 0
-0.6251687319989702 0.02918525205721966 0
-0.5947548603265601 0.02828230676136607 0
-0.6553428664443632 0.02799314855428943 0
-0.7951406544506794 0.02839861093472356 0
-0.5749999999999996 0.02866025403784455 0
-0.6750248935506651 0.02867462633602251 0
-0.8362062327195372 0.0285826806053218 0
-3.286287466437667 8.392970001377886 0
-3.685731285928396 8.092188682517323 0
0.09153310790032174 2.867563846952181 0
-2.682489819154404 -0.04928826763861049 0
-7.753636717886001 4.702792575067257 0
-8.11693663086027 4.291952743281094 0
-8.009308632022986 3.834002959546745 0
0.1379130012397332 0.04393803830814722 0
0.1481489865870617 0.05609489899961277 0
0.1406981895501135 0.07523518586383555 0
0.1626500124553933 0.07016452269573949 0
0.1515618684603711 0.09885118567233807 0
0.1820488325044841 0.08982255420535745 0
0.1654057739483617 0.123726382864972 0
0.2045978769363137 0.1175728239821876 0
0.1280341844606029 0.125079192491828 0
0.2273602261844622 0.08872837110928816 0
0.2531668691797543 0.1093785331752184 0
0.2341775396386252 0.1652274082233178 0
0.2993544889292071 0.1474670214288979 0
0.1547868756510234 0.171880619119808 0
0.2886606225982256 0.2032827810813952 0
0.3598488060157667 0.1936508783969457 0
0.3312663423464903 0.2780755195644897 0
0.4313625769573564 0.2448999545179598 0
0.6750248935506674 0.02867462633602218 0
0.6350756445396145 0.02861658064253605 0
0.7051449370612389 0.0283572145876076 0
0.6550000000000006 0.02866025403784439 0
0.4533505281216119 0.1675917106272093 0
0.5235162253247325 0.2075617759819017 0
0.5243326454713017 0.3227248726088645 0
0.6204972323182034 0.2793221208603685 0
0.8350000000000011 0.02835040263528245 0
0.7949434362638367 0.02862759694954374 0
0.865143872957454 0.02855802308134247 0
0.8150432881767727 0.02863526159733372 0
0.7747242617934089 0.02881945156565009 0
0.5412968480285719 0.1392757735019365 0
0.3750386771925725 0.1214098347904584 0
0.635686358566329 0.3771559574336271 0
0.7498778442664309 0.3029560293944357 0
0.9650000000000009 0.02866025403784657 0
0.9950000000000025 0.02866025403784747 0
0.9350000000000022 0.02866025403784507 0
1.015000000000003 0.02866025403784469 0
0.7628250417682562 0.2004805925578872 0
0.8771668503303666 0.2423708125430635 0
0.8927168038464531 0.389228523015437 0
0.8650792190203754 0.1409268026515848 0
0.2675759643465169 0.07993466755874561 0
0.4829627265335356 0.0947144415978623 0
0.1934862695343134 0.06183257972897946 0
0.6531167054942567 0.1579990842012132 0
0.2443195165356138 0.05543186087700509 0
0.1519105665636132 0.04156358645253931 0
0.3184316461839229 0.09460501499456105 0
1.013023632029364 0.2926602443204163 0
0.1721331470094641 0.0550344433589967 0
-2.847230203194126 8.755724878696812 0
0.007434107839536647 0.1074893429846168 0
8.730607719826679 2.230499355145354 0
8.263017671476529 2.42483965498827 0
8.670208339631497 2.724190521356865 0
1.204004878134177 -0.7475333318759846 0
1.562935230836089 -0.5467013830827075 0
1.544999999999999 -0.0286602540378442 0
1.515022966963586 -0.02867351402045428 0
1.575288899085564 -0.02831265583265209 0
1.273941872202159 -0.3483470271929375 0
0.4805646722886877 0.4809943482924627 0
6.106913906864614 6.762786935419666 0
5.888773162988384 7.173691432981977 0
-1.17534159219246 8.91500500767048 0
-6.979193068061014 5.814227915938925 0
-6.523192368523304 6.042791655756411 0
-7.354248559812281 5.435792345904435 0
0.0908219386653243 -0.06258001138640393 0
0.1187424359232595 -0.06038845067378643 0
0.1308997462876979 -0.08490637133252177 0
0.1456582260011553 -0.06258445752952728 0
0.1594232495104248 -0.08627082216548319 0
0.1730378971404679 -0.06251598159434131 0
0.1889940572373153 -0.07889174165064972 0
0.2003791900094621 -0.06245166450635182 0
0.2140583676622201 -0.08614375249301799 0
0.2271396440710767 -0.06761283413890404 0
0.243524716328785 -0.07940030577916038 0
0.2555578910938505 -0.06619699470378985 0
0.2685983675290577 -0.08599539985535561 0
0.2459280806801183 -0.112814511934386 0
0.2868139194494473 -0.1159508738314695 0
0.2737584489807794 -0.1561007173050133 0
0.3250945075324655 -0.1502333917764498 0
0.3471238830888929 -0.1087079971125697 0
0.3837600960882407 -0.1480062195329959 0
0.405161306828287 -0.1100713462301455 0
0.436564829755041 -0.1257715542729848 0
0.4540046046916816 -0.09458342668958329 0
0.4845612099300181 -0.1212791191682704 0
0.453233444806174 -0.1885636478403321 0
0.5322802437248332 -0.1725729346250759 0
0.5037461842883321 -0.0824385173241713 0
0.5147773091221099 -0.2474453769547089 0
0.5949206048427909 -0.2201501618080526 0
0.5610945010827125 -0.3362450627757655 0
0.683859496636426 -0.2939481845712971 0
0.7270101820312915 -0.1966711416543003 0
0.8101421295441401 -0.257179992978762 0
0.838193441002829 -0.1839871366555466 0
0.8988285235643966 -0.2053290176252278 0
0.9179174393986431 -0.1483198466681365 0
0.9820510543430306 -0.2031326193301031 0
0.9673873960926228 -0.3003325686441567 0
0.8109155532048071 -0.3984834568086053 0
0.9978297522837918 -0.1362355812895969 0
1.046229134211107 -0.1540400691508695 0
0.6146585833110917 -0.1495804392028393 0
1.062208730462112 -0.1115592908626176 0
1.107039155124533 -0.1483618725795772 0
1.118554078321953 -0.1060648370372086 0
1.151951640252235 -0.1170801757339768 0
0.7602514909112513 -0.1144147698508716 0
0.8573366451962663 -0.09746477199132121 0
0.310799768840459 -0.07664049571715008 0
1.162536911835072 -0.08412190729693723 0
1.192668407990923 -0.1043287442441645 0
1.192057473940683 -0.1543558192789554 0
1.233585046270333 -0.1294555491408555 0
1.074158072523966 -0.2256809860032006 0
0.9432199896004058 -0.08916354467870422 0
1.017743077398263 -0.0759970231465722 0
1.199996388453667 -0.07193564209037782 0
1.082163678790857 -0.07145671498561441 0
0.3763070800235379 -0.07004911624135536 0
0.4224340822989619 -0.0680544971854983 0
1.243012848781215 -0.1886901906398981 0
1.305763309755654 -0.1744819546292008 0
1.294120606889358 -0.09202394683817522 0
1.346695229529029 -0.1339296443484135 0
1.358325678635671 -0.1941671453622872 0
1.40617398661497 -0.1547554541802351 0
1.422789170491191 -0.2239627924832076 0
1.476328311826845 -0.1739590920842813 0
1.250000942388052 -0.07419207365915738 0
1.458897214705463 -0.09533574971508456 0
1.339308388854181 -0.07528450208232132 0
1.500752706178573 -0.2706133279711542 0
1.573665800905429 -0.1967554672108601 0
1.558743152826661 -0.1229549113945567 0
1.129786133422472 -0.06208325047689842 0
0.4733221432720609 -0.06070867577677494 0
0.2407085420903951 -0.04461474581105642 0
1.592553423595496 -0.293169878995612 0
1.657136160873381 -0.2339815591392778 0
1.657677768676861 -0.130541154929108 0
1.695882062595786 -0.348097002139897 0
0.357212245323142 -0.2192612788447171 0
0.2148014243869367 -0.0451918214334569 0
0.1853410364057305 -0.04562286144491613 0
0.5587685605263127 -0.1194195566863597 0
0.9616074809502021 -0.4757289903436348 0
0.1320473121670701 -0.04762081636142634 0
0.1593114038124527 -0.04789284590439989 0
1.416525225046622 -0.3292398665117452 0
0.1517346963945836 -0.1188859269886685 0
1.82266518024019 -0.297404741047974 0
1.772047229606574 -0.1562981033577771 0
1.390104731579765 -0.09825986771809549 0
0.1047906962915278 -0.05028773686762012 0
-3.726284232204088 0.9714078731875316 0
-0.7750119682006126 -0.945485144379074 0
1.783257663650071 -0.5460220683855408 0
0.6323109420405372 0.6770227187275403 0
-0.2810486524720047 -0.3379971195158561 0
-0.1056868773848807 -0.02880660229902172 0
3.614570109228991 8.683907514429327 0
0.9739568106212751 0.1962811854898146 0
1.111084126563624 0.2235650700386704 0
1.053592554076859 0.1317578931859206 0
-3.481533015207182 -0.4799044315824514 0
-3.478671313752955 -0.9637523309072091 0
-1.1760335448771 2.838301041063479 0
-1.869126022848505 2.093349539140518 0
-2.018919916346197 2.639417233050557 0
0.1973363649197255 -0.1130755605151705 0
-3.934074242080475 -1.236777482686232 0
-0.009233233805843913 -9.146850632039065 0
0.3735823795542624 -8.780171668631578 0
-0.4474536382131705 -9.38592449010498 0
-1.350173927894169 -9.056767591104007 0
-1.795502562652681 -9.279837622384839 0
9.280856976941683 2.015293374878271 0
1.692455768340373 -8.882996686754099 0
1.239147743904001 -8.671648488695844 0
2.123126912149579 -9.061152526655862 0
-3.939902857002473 -0.1970074189062541 0
-0.4159972693492894 -1.782052772204502 0
-0.8682898505931108 -1.536542871899885 0
0.2840029215417803 -0.06194724113160918 0
0.2694085938817197 -0.04467340394958981 0
3.435504756916634 -1.137965613749765 0
7.071904032022835 5.818631915850625 0
6.958295801761671 6.305243094427892 0
0.1447911306081895 0.03464127270070943 0
1.112491238568681 -0.3378655025447905 0
0.3445524756090462 1.815571094391823 0
-0.4113461982302029 -0.436029161773699 0
2.25449306793397 0.9261292305712824 0
-0.8243331601523739 -2.103835647558176 0
-0.1623531379475688 -0.06330741768693014 0
-0.157203261756866 -0.04645845212206906 0
-0.1454419255527587 -0.04121122363605973 0
-5.3369760074915 -7.653139900588853 0
-0.2420896919781682 -0.07977246928864179 0
-0.2440289337060277 -0.05649562800613649 0
-0.2233102128877115 -0.04783409942586196 0
-3.400050294306672 8.892883659278365 0
0.1540973529352822 0.02964442483608528 0
-0.3858350619773325 -0.1215945440486585 0
-0.3730826854595571 -0.07469521621196888 0
2.708422415690268 1.017584769436608 0
1.048346094945481 0.4831927948281584 0
-3.292856928018888 -7.18103977792264 0
-0.7163752618275572 2.695736190644601 0
0.8488648516117366 0.5950662122199744 0
0.8407119710914491 -5.205341482389642 0
0.8968656584433931 -5.702226828154245 0
3.717355607483141 0.1485902882400873 0
3.78081184730774 -0.3493742432085644 0
0.729051580723281 -4.211641779853472 0
0.8970756294143544 -1.936400997912622 0
0.6732429970678911 -3.714826854648975 0
0.2150676530745937 -3.514699494538177 0
-5.125559653880873 -6.379245085406681 0
-5.584209111257718 -6.17929472784083 0
-5.982751469534068 -6.469419769385987 0
-6.04248503861314 -5.97904106872206 0
-6.433193133009781 -6.274717529579698 0
-6.489150706562363 -5.778111746843324 0
0.4946962953570571 -5.99899063486008 0
0.1586109471109879 -3.016752114784771 0
1.355735380306698 -5.902088557329883 0
1.243303125459597 -4.908332758591881 0
1.075736032353942 -3.417889125297817 0
1.828879864161395 -2.335046741130653 0
-5.182764566815045 -5.882358275741518 0
-4.666674629795604 -6.57885006339002 0
6.931798723515068 -1.247706814425484 0
-1.614511205901225 -2.721150627773016 0
6.12727984207068 -1.841599042361972 0
6.183313010970101 -2.338455830811837 0
4.630357508783107 -4.023085801909239 0
-0.2441092457822524 -3.313045370818133 0
2.234407753581468 -2.040672043924153 0
3.825830396027844 -4.617001723002652 0
6.473541642616334 -1.047758944910524 0
2.909218699031968 -4.217219261034843 0
2.853178899392429 -3.720369403790112 0
2.965259752963786 -4.714068784135187 0
2.562980360782139 -5.011029128890081 0
3.02129991026068 -5.210918245451087 0
8.138642747623475 -0.3567744653937815 0
8.596948604557902 -0.556663930620842 0
8.990271304694526 -0.2802051478981882 0
9.123688202949671 -0.7984299008314801 0
9.457520306032142 -0.459589880939781 0
8.652993402663107 -1.053506089074542 0
7.680339642858407 -0.1568787496801509 0
2.450913249926185 -4.017328263730508 0
-2.085043557052016 -2.530124116841906 0
-7.283850555443887 1.177465244859278 0
-6.769819264571286 0.4804921117695498 0
-6.311604747562935 0.2803936011162532 0
-6.255787935990361 -0.2164810697038315 0
-5.920888672767301 -3.197733454813665 0
-5.853226366603256 0.08031051724432757 0
-5.462674841904906 -3.397833642083973 0
-5.004458588488876 -3.597928284267288 0
-4.546244331549065 -3.798027496923116 0
-1.048052813166001 -3.90806449452073 0
2.394869912637021 -3.520480852567218 0
-5.797363715237039 -0.4165997032543058 0
-6.199936150398869 -0.7133591242228724 0
-5.741533413182801 -0.913480891233048 0
-2.366821373810674 -3.804740045037675 0
-2.769205681965567 -4.101538247172339 0
-3.227417947431608 -3.901443448934555 0
-3.171600479818252 -4.398319187091608 0
-3.629814541411986 -4.198221433048229 0
-3.685631366281987 -3.701346751564481 0
-2.713385880347124 -4.598417825675061 0
-3.115782753788764 -4.895195350562105 0
2.797135580846445 -3.223520826606292 0
3.036465410160367 -1.430154386072069 0
2.540815282539906 -1.16056504953477 0
-3.283235977670083 -3.404566783876995 0
-3.011775946158984 -2.125864972352892 0
3.601664770879197 -2.629603980322368 0
-2.25517104813667 -4.79851684653513 0
-1.26499999999999 0.02866025403785089 0
-1.259999999999983 0.03732050807568869 0
-1.270206256259395 0.03743959018259041 0
-1.264301546019906 0.04710979907571029 0
-1.27579180722105 0.04731463795067038 0
-1.270896515026565 0.06147503301561814 0
-1.284855649942643 0.05760628343856773 0
-1.254137484296258 0.05787571272826123 0
-1.259669256547169 0.07472108116619361 0
-1.239018012462217 0.07272561125254244 0
-1.281644489018681 0.08197900951925599 0
-1.308117993650585 0.07806226423306425 0
-1.251362791239207 0.0976847754664316 0
-1.221422800639007 0.0976700548567379 0
-1.307285845462915 0.1003827788950711 0
-1.335147939587346 0.08316900123868708 0
-1.330368870002183 0.1252999517019809 0
-1.368434985317341 0.1096099947413639 0
-1.235632580794079 0.1362086928068445 0
-1.19043367793801 0.1224147841535645 0
-1.370791972700115 0.1528913136037611 0
-1.41909341979963 0.1271884666344942 0
-1.318050220837436 0.1796148674606757 0
-1.213734546578347 0.1868393004475132 0
-1.149500454383959 0.1676134347720341 0
-0.9252483805357007 0.02857126246738452 0
-0.9549769393789739 0.02867356809360138 0
-0.8949999999999972 0.0281706507577361 0
-0.8750000000000006 0.02866025403784241 0
-1.420389537994617 0.1880503959770018 0
-1.474944804332106 0.1621722847662921 0
-1.12098607570897 0.1232799002641254 0
-1.086613868168361 0.156881481226284 0
-1.064313503756088 0.1071181439039747 0
-1.02947649769803 0.1444650973897554 0
-1.008846676871309 0.09970553037291113 0
-0.9747153295155115 0.1337648892999061 0
-0.9890787136327487 0.2033588883626002 0
-0.9186832123795298 0.1845398585320328 0
-1.103331665831836 0.2349177224020853 0
-0.9568220659159828 0.09123741155822872 0
-1.1702898976563 0.08268519421756204 0
-1.249999999999986 0.03732050807568246 0
-1.473185324353499 0.2322091454755549 0
-1.557343936070471 0.2047863347796469 0
-1.558008495765459 0.1314554753619121 0
-1.619723982647356 0.1534319313125956 0
-1.488696932401205 0.09307868653096006 0
-1.615520504473486 0.1065464166569805 0
-1.416318083014056 0.0812692158349247 0
-0.9426953745877921 0.2778756288255786 0
-0.8494384055205912 0.2377129854506423 0
-0.8240585464658672 0.1596178923171829 0
-0.7638953342130922 0.2022521114840483 0
-0.7444460855595558 0.137520219207146 0
-0.6924175742616522 0.1711264672031355 0
-0.6761301800149345 0.1112265096209747 0
-0.629063610878233 0.1452585673512757 0
-0.4949999999999998 0.0286602540378442 0
-0.5252397653645177 0.02938776038442679 0
-0.4751114288950144 0.02818034612381115 0
-0.6285820991296914 0.2250660974608186 0
-0.5635586723217956 0.1952057934659749 0
-0.6154842883604497 0.1033519531921646 0
-0.7956081925824293 0.09191320300538043 0
-0.7227957762671758 0.07915274902989509 0
-1.207551016708717 0.06128403104478545 0
-0.6555231946091563 0.07105650693059763 0
-1.37733421954588 0.06485793444000319 0
-1.098698947361605 0.06841080229437006 0
-0.5577273637558207 0.2825116939858919 0
-1.043037404050768 0.07224727608738805 0
-0.995126460568362 0.06407791053508338 0
-0.9749999999999992 0.0286602540378464 0
-1.332834390323337 0.05817564525843959 0
-0.4760770280089086 0.2253309425341792 0
-0.4641358778866775 0.1471240663022971 0
-0.3939257730280233 0.1682398432116197 0
-0.395760141095907 0.104649212430184 0
-0.5395072442052035 0.1134393635588257 0
-0.8834646921434564 0.3532798261584796 0
-0.6477585691351767 0.3437396505024302 0
-1.306323629922973 0.04991192626486271 0
-1.232612098421067 0.05176721285480655 0
-1.627986922023546 0.2288785573733512 0
-1.696659179596049 0.1798519029979606 0
-0.8906460484099926 0.1194712604963259 0
-1.676712850428081 0.1264830455615357 0
-1.747961872740974 0.1477236342204168 0
-1.771881273176686 0.20545292440014 0
-1.837759481505971 0.1603949299314301 0
-1.857435808792128 0.1998014526597209 0
-1.895643857396216 0.1609527056070345 0
-1.863000146307353 0.0934537578620796 0
-1.926642796081751 0.235259409803837 0
-1.995830369176812 0.177865334979076 0
-1.951020978383033 0.101748716200656 0
-1.79488310212379 0.08899177749150032 0
-1.717387478990372 0.0816827098831495 0
-1.871485680787699 0.3168292315071235 0
-2.022371477012212 0.2532195522288905 0
-2.076755569645975 0.1886796241134416 0
-2.039613897076944 0.103073702027854 0
-1.727221268673264 0.2913142802311765 0
-1.275034376043232 0.02868010105566435 0
-1.28000000000001 0.03732050807569817 0
-1.290000000000012 0.03732050807567901 0
-1.465000000000006 -0.0286602540378467 0
-1.460000000000007 -0.03732050807569193 0
-1.449778846085571 -0.03744819134772082 0
-1.455717649691349 -0.04713678643621485 0
-1.442929261644859 -0.04732183340973239 0
-1.451796565085133 -0.06147812826935672 0
-1.434903057878379 -0.0603409854171543 0
-1.468397577266263 -0.05719461175862015 0
-1.445039160938725 -0.07703440423756491 0
-1.464276047714585 -0.08004536530486916 0
-1.421205648435435 -0.07786844721142647 0
-1.447850006884826 -0.1018139223676444 0
-1.481833964544228 -0.1066752023130704 0
-1.414519622776099 -0.1114002211493617 0
-1.381772741799129 -0.09276457871283401 0
-1.377782563076818 -0.1290232901736241 0
-1.410465176463693 -0.1657320158863033 0
-1.353650420230451 -0.1039302221018831 0
-1.487434007147898 -0.07109040914574132 0
-1.51572705446233 -0.09026158047263727 0
-1.517303052883659 -0.1352423834314712 0
-1.551767848055176 -0.1038749811069988 0
-1.334901894048311 -0.1477584166175536 0
-1.296879847357812 -0.1204895716020367 0
-1.358959366345789 -0.2020756983215839 0
-1.564964256395318 -0.1594438918250726 0
-1.614959951656747 -0.1371169817535788 0
-1.470000000000004 -0.03718257365175304 0
-1.506339159065019 -0.1958388853550464 0
-1.602289144293053 -0.07961941627606954 0
-1.654396699835521 -0.1112861545203607 0
-1.658368524187084 -0.1476634287636946 0
-1.697316476890978 -0.1186582471456196 0
-1.710269613055079 -0.1743208869611476 0
-1.757162151116342 -0.134070154299663 0
-1.771592197818888 -0.1983218373381247 0
-1.826186475213175 -0.1523144746784088 0
-1.845115975697069 -0.2237377166179523 0
-1.900414047147956 -0.1774530980781701 0
-1.912098357871104 -0.2701605036955603 0
-1.998615136132023 -0.2000418132872227 0
-2.013115446061835 -0.3156742279225594 0
-1.980180962548192 -0.1213178974190245 0
-1.558789420671054 -0.07280453663172456 0
-1.882387642190382 -0.1033641467719415 0
-1.806883267800087 -0.09527928474226045 0
-1.737948672503165 -0.07973912522776745 0
-1.523327793759548 -0.06164606652349765 0
-1.638948452927686 -0.06614969303964149 0
-1.311012448300012 -0.06980542222484032 0
-1.410191920936023 -0.05984054238387748 0
-1.356826921649896 -0.06123541436830952 0
-1.28725447240028 -0.1664904328172502 0
-1.242676707896518 -0.1382253589212346 0
-1.250451729678528 -0.07526569501391642 0
-1.711344574015049 -0.2546313810112344 0
-1.429294518572263 -0.0456282520023139 0
-2.091758495859897 -0.226669973784277 0
-2.128551668195869 -0.3489679009085183 0
-2.253260153363465 -0.126223844609605 0
-2.085342112780111 -0.1373320126349507 0
-1.679592909591435 -0.0791009808815441 0
-1.383536889494805 -0.06199948792845143 0
-1.482618340875953 -0.05047398718403329 0
-1.559846520262969 -0.2472203468012501 0
-1.215143003603438 -0.1921230780961094 0
-1.166655266029993 -0.1443231371034742 0
-1.181063326503402 -0.09737698058702705 0
-1.284318228069873 -0.2674270923472056 0
-1.400840852128956 -0.3234195304108016 0
-1.554996189957806 -0.0286624537667383 0
-1.549995554950777 -0.03732307442606268 0
-1.539493652950364 -0.0372912630885865 0
-1.559999641855337 -0.0373207148506163 0
-1.543675342391032 -0.04505243870240922 0
-1.533766491556672 -0.04669292854537439 0
-1.542681264917398 -0.05830449382052331 0
-1.52904885772888 -0.03726229272830309 0
-1.53475327507101 -0.02849605936944271 0
-1.464974956191841 0.02867471308722731 0
-1.469995826031972 0.03732291791725336 0
-1.459866475447618 0.03730742455073882 0
-1.479999304338665 0.03732090971595282 0
-1.465713287076063 0.0470798875223833 0
-1.453216115100418 0.04745562963252421 0
-1.460859401989467 0.06042018956558606 0
-1.47750056679861 0.0560485794542761 0
-1.445913948809893 0.05980712692999341 0
-1.452432665126785 0.07068079197656048 0
-1.448761108368506 0.03758996684688107 0
-1.454790703472677 0.02860090965939196 0
-1.405023918881215 0.02867406361035212 0
-1.399999999999998 0.03732050807568937 0
-1.410182411320698 0.0373026921652809 0
-1.389241232623868 0.03871268325387849 0
-1.404589530235385 0.04764201588412249 0
-1.416124898107984 0.04721920389112799 0
-1.420796043215744 0.03720055094610619 0
-1.429045472333321 0.04548529951341453 0
-1.415167062236275 0.02848044412891927 0
-1.825025162354716 -0.02867478153011401 0
-1.820004193725785 -0.03732292932440229 0
-1.830133708599782 -0.03730725539644356 0
-1.810000698954289 -0.03732091161714829 0
-1.824286233866473 -0.04708047746585317 0
-1.836235468118122 -0.04717321936803703 0
-1.827429725480229 -0.05998925456041407 0
-1.813205044529673 -0.05506012923941733 0
-1.845561634152433 -0.05923603411313965 0
-1.831941295458302 -0.07780693103073733 0
-1.786961784993868 -0.06837717266813262 0
-1.840531764722059 -0.03714481813477362 0
-1.835115105946093 -0.02846779290920401 0
1.505003827827259 -0.02866246403494362 0
1.509801452236286 -0.03744029634041665 0
1.520471675445401 -0.03730816596063554 0
1.514077284507939 -0.04519425395937617 0
1.50267981068532 -0.04692802123162954 0
1.524679811558009 -0.04638719612861485 0
1.514163384202869 -0.0575686052411546 0
1.494561027118914 -0.05928988387138373 0
1.504766714396074 -0.0764072229566614 0
1.52674827820917 -0.0718579285074855 0
1.544280673359725 -0.06142913309686645 0
1.487892323249359 -0.04499749351374852 0
1.4785668940977 -0.05840017835771325 0
1.455012351361134 -0.02816634682406811 0
1.530361514761096 -0.03722622600038871 0
1.472099214598193 -0.04479412313984275 0
1.462945036678559 -0.05679788146219145 0
1.458364277097482 -0.04419028184134507 0
1.448650972349969 -0.05303229975947005 0
1.443789697025528 -0.04062128385724877 0
1.434518395635734 -0.05081323472378144 0
1.436073901736105 -0.06354733163213246 0
1.420804611066188 -0.05952049528700688 0
1.414235459352722 -0.04553335850833492 0
1.40401747317132 -0.0550252410624474 0
1.427948710629309 -0.08255354551268204 0
1.525142692861681 -0.02849190331725939 0
-1.615000000000002 -0.02866025403783614 0
-1.62006774269523 -0.03743784186567934 0
-1.629999999999993 -0.03732050807569432 0
-1.609823580529134 -0.03744843808021128 0
-1.614087879217366 -0.04561514095867156 0
-1.602693353297663 -0.04694863306581542 0
-1.610049636314665 -0.0587692826135332 0
-1.593679360456729 -0.06106725558867799 0
-1.588517691226339 -0.04602020765072398 0
1.805000389126315 -0.02866002937566439 0
1.799810201671854 -0.03743008819152852 0
1.810161018866457 -0.03744992417948387 0
1.805970190071076 -0.04523244022164914 0
1.817056384354269 -0.04768654137543907 0
1.794092410463558 -0.04832583116166233 0
1.80736387797979 -0.05698821258682405 0
1.822422657419815 -0.06204475020097357 0
1.793028869080443 -0.06253446169020381 0
1.806450610484191 -0.07804071509176294 0
1.831560716113136 -0.07721801998338466 0
1.777425776753143 -0.05453967954547567 0
1.854844571972216 -0.06726003186438449 0
1.85724949830537 -0.091111763365942 0
1.879914955890412 -0.06939323363256741 0
1.886024493514129 -0.1007096904849688 0
1.907054185350128 -0.07443110530243326 0
1.921402462612652 -0.1034233492357671 0
1.951357997231509 -0.09483245447033092 0
1.952879324999538 -0.128937945057505 0
1.985459331460673 -0.09595335038795098 0
2.004597090424321 -0.1390946194727926 0
2.023235430689391 -0.09795666600630931 0
1.875 -0.0286602540378442 0
1.960535134001017 -0.1938531706913512 0
1.860846904980296 -0.1293304720728919 0
2.03882634430326 -0.2060483486026742 0
2.018649364125262 -0.06634105898870468 0
1.779151206287365 -0.07514031824141808 0
1.758166457417484 -0.06395694060513021 0
1.754858259789177 -0.09078340873358876 0
1.736445079550246 -0.07203645909718957 0
1.734725764298694 -0.05018873409451521 0
1.717432735860412 -0.0612050571391301 0
1.711338364818699 -0.08381229704959282 0
1.694753499048862 -0.06773185447746242 0
1.778765090049037 -0.105840148767241 0
1.735000000000007 -0.02866025403783836 0
1.9731637242221 -0.0633603151154473 0
1.9442516288036 -0.05778334564434871 0
1.698087512282125 -0.04378561002848599 0
1.841967195149553 -0.0456017204413767 0
1.896756246269276 -0.05647943792774631 0
1.877225546195077 -0.04933662706120613 0
1.754385177054503 -0.04762245754938891 0
1.720271323844633 -0.04608530639992354 0
1.681822797773841 -0.09471472666934845 0
1.665094026459488 -0.0726926710410707 0
1.703551610015156 -0.1172285230213539 0
1.673417075827761 -0.04583757616585015 0
1.64976558049768 -0.05452554440312634 0
1.635473976449108 -0.02828313950149305 0
1.643501174370692 -0.07162623684538946 0
1.633325418086975 -0.05743006640569528 0
1.621567726814415 -0.07475836324206675 0
1.602712979299935 -0.05867543725082216 0
1.595000000000001 -0.02858670558353017 0
1.594322242214128 -0.08082161078615123 0
1.580474201481765 -0.06203208521986608 0
1.569822137279255 -0.08787958557944479 0
1.618914483292782 -0.1076296347149251 0
1.593127207773825 -0.04633032044755902 0
1.578789103981975 -0.04535692902554375 0
1.568804089891029 -0.0541115962112213 0
1.562150225049615 -0.0385388353571023 0
1.607669087557258 -0.04278377093992526 0
1.660485393157537 -0.04315217203939261 0
1.639562984302638 -0.04461763784994224 0
1.624386847260489 -0.04032419218817481 0
1.926088878224905 -0.05832193498427077 0
1.911804762203027 -0.04240238767656568 0
1.890513428529424 -0.04378747698958356 0
1.780885002994198 -0.04135980807449613 0
1.725060736869198 -0.02838701188261061 0
1.815026901332128 -0.02868178594478369 0
1.819999999999997 -0.03732050807569987 0
1.830777381102659 -0.03742578736089518 0
1.835129563517115 -0.0285422767748357 0
-1.745003486659295 0.02866226706152801 0
-1.749805107385524 0.03743772643438011 0
-1.760451189854881 0.03731349658312306 0
-1.754075223366875 0.04521133132343781 0
-1.742685981233384 0.04692614537562526 0
-1.765550293035638 0.04674884468742978 0
-1.752933165817032 0.05876534137499408 0
-1.770443346809248 0.03684220729638765 0
-1.777878957905933 0.04622783978928635 0
-1.771021677338323 0.05996309252051509 0
-1.787320033022743 0.05652756347944344 0
-1.761005643679286 0.07625849239506441 0
-1.794642558297726 0.04376524526234868 0
-1.803202689349066 0.05520313070319496 0
-1.808081236392764 0.04120642029573777 0
-1.818735560097952 0.05258880439962037 0
-1.812446747961615 0.06942688707634274 0
-1.831509726111015 0.06455293520470937 0
-1.825892007904709 0.08980820053065708 0
-1.799921960176821 0.03246937579447014 0
-1.834087605901135 0.04724259503473442 0
-1.847748874589223 0.05737095796500367 0
-1.733183075858809 0.06165925621759139 0
-1.727921617865654 0.04540673556640858 0
-1.715796256880838 0.05986906741745894 0
-1.69849234811416 0.06974801742741818 0
-1.695000000000005 0.0286602540378436 0
-1.695684299692681 0.0494735496952102 0
-1.680499943606212 0.05966851615494233 0
-1.711384711554114 0.04505826514423423 0
-1.681815906120909 0.04484307145262503 0
-1.667089095938076 0.04838196683214266 0
-1.662973999434972 0.067309127886254 0
-1.648073049317007 0.05338260372986234 0
-1.64251546043489 0.07321107412494414 0
-1.628985663373755 0.05622388506837637 0
-1.635374818793569 0.04240742383643972 0
-1.616215001692769 0.0463728805477021 0
-1.594999999999999 0.02857943412387465 0
-1.611525936211705 0.05968260542328528 0
-1.601217255176989 0.04644169792632083 0
-1.594004701416651 0.05980961114663122 0
-1.585263101128647 0.04837603056530627 0
-1.578652349656733 0.06396986357174471 0
-1.569250059726105 0.04792984491097708 0
-1.562210586500628 0.06102116824802321 0
-1.555000000000003 0.02866025403784546 0
-1.554174420022835 0.04906257906953259 0
-1.543474860005327 0.06350766834799604 0
-1.532216254396893 0.04893272215961886 0
-1.523256646471592 0.06419636864843532 0
-1.514358172703833 0.04969529451824967 0
-1.504330838549608 0.06610133234235123 0
-1.493907529542036 0.05071023696313553 0
-1.51970607428325 0.0378947768298241 0
-1.567475964760585 0.08332659036846762 0
-1.626634938638587 0.03518593833421779 0
-1.655354101679501 0.04106906282350278 0
-1.848922207565302 0.04384025489129849 0
-1.863323277158433 0.04905603694856704 0
-1.666394506176787 0.03705303099064587 0
-1.658178562617455 0.0311337598379733 0
-1.864631632115193 0.06746853666621246 0
-1.879250226141111 0.05665141005295369 0
-1.820650421568186 0.03995042382131383 0
-1.53710493830726 0.09112903657302594 0
-1.765152576103318 0.02843660958737391 0
-1.685474209102591 0.02855349658715939 0
-1.844989076879015 0.02810952747537969 0
-1.165000000000001 -0.02866025403784479 0
-1.159749244001392 -0.037465282118986 0
-1.17020896333217 -0.03748941112620283 0
-1.164021655352173 -0.04540387333658401 0
-1.176092291527311 -0.04861332326533942 0
-1.152570146501909 -0.04722599141427383 0
-1.160436153152234 -0.0579986882152843 0
-1.144427967591806 -0.06013729778064129 0
-1.154740104163216 -0.07651201106913333 0
-1.129993674179433 -0.07774172840385761 0
-1.118386698529892 -0.05950575715072542 0
-1.104830349849139 -0.07058878452862981 0
-1.097311438801996 -0.05772663355964312 0
-1.083107983593726 -0.07406252114953076 0
-1.10214954693605 -0.09871791341820627 0
-1.062998597062474 -0.09333630459496695 0
-1.074548066440717 -0.1332091898579102 0
-1.030860154355939 -0.1233948997346934 0
-1.014542407033778 -0.08610498907638663 0
-0.9840067653279707 -0.1170123514561232 0
-0.9733902899651323 -0.07863147599443827 0
-0.9463906007446153 -0.09656946156509806 0
-0.9358853602707963 -0.07200558821800621 0
-0.9139030380634804 -0.09795177974894087 0
-0.9292245421722242 -0.1400470777096403 0
-0.878578151669189 -0.1217401366918254 0
-0.8829807772583352 -0.1797862046711974 0
-0.8685690330325293 -0.07974491736333926 0
-0.8368332155553587 -0.1044190327469111 0
-0.8304291271347749 -0.07812940190055921 0
-1.050328621219448 -0.06685685630142416 0
-0.9962215752372489 -0.05681598360670041 0
-0.9584679450305377 -0.05652613791531248 0
-1.139125753131052 -0.04571358282722508 0
-0.900948884129395 -0.06216529844833808 0
-0.9222221177787966 -0.05060296081938237 0
-1.072333053739143 -0.05819508042561589 0
-1.084806969718101 -0.04354840440737456 0
-1.10897072085362 -0.04580168407428781 0
-1.141967957095841 -0.1049672683416551 0
-1.176219881066511 -0.06837186563419616 0
-1.190760139891191 -0.05681278397584785 0
-1.189964852954475 -0.04281758828357825 0
-1.202839459223696 -0.04712468174981662 0
-1.205964543402259 -0.05947778314205698 0
-1.219927608030531 -0.05067248432453175 0
-1.198751382860602 -0.03621377920371615 0
-1.222713535345072 -0.06886980352138326 0
-1.235211789372718 -0.05445674811154518 0
-1.264981255099745 -0.05889851102521657 0
-1.253664629494868 -0.04458343979593984 0
-1.234297139421464 -0.04040066922057475 0
-1.278499531435053 -0.08065056782365643 0
1.194999999999997 -0.02863886002796684 0
1.19024556384829 -0.03745871876129547 0
1.179795363459746 -0.03748531954387113 0
1.184037324811039 -0.04538286372073749 0
1.173993628226418 -0.04708095345406797 0
1.196178990453732 -0.04959430283105597 0
1.20071232318263 -0.03773573608316708 0
1.209307440504142 -0.0447751186356063 0
-1.404999999999998 -0.02866025403783712 0
-1.399999999999999 -0.03732050807568259 0
-1.390000000000005 -0.03732050807568726 0
-1.395451863591218 -0.04526219785924398 0
-1.154999999999994 0.02866025403784522 0
-1.159999999999993 0.03732050807568837 0
-1.169999999999992 0.03732050807569139 0
-1.149812915585862 0.03742852131255273 0
-1.155706518005776 0.04707984373607059 0
-1.142953607294136 0.04719078113892439 0
-1.148454008752 0.05718690774221741 0
-1.163190643007358 0.05842391083931665 0
-1.134288787070532 0.05940917637387076 0
-1.114999999999999 0.02833948726690487 0
-1.148638700685393 0.07261555085240969 0
-1.127838780472379 0.04468053476840735 0
-1.118271788962695 0.05761554089828544 0
-1.1112132604038 0.04478657283769259 0
-1.175000000000001 0.02866025403785449 0
-1.179999999999995 0.03732050807570011 0
-1.304999999999998 0.02866025403784146 0
-1.964996428945802 -0.02866231578694693 0
-1.9602086448099 -0.03744577996075842 0
-1.949537771621768 -0.03732483820822532 0
-1.953972885617151 -0.04522543364397014 0
-1.965955773040085 -0.04839811201746036 0
-1.943723133761204 -0.04671796118021699 0
-1.950456470748324 -0.05756543971871225 0
-1.933228199796894 -0.05824980120519319 0
-1.964675164381559 -0.06626227671714731 0
-1.983636558932955 -0.05571716989907744 0
-1.943926134109283 -0.07562224213649191 0
-1.93943703811478 -0.03708107683100045 0
-1.983141955790461 -0.07210467238839488 0
-2.001435900084169 -0.06655454532916585 0
-1.994457699234901 -0.08697664032143826 0
-2.020516322436332 -0.07276583617545697 0
-2.023116598980193 -0.05066574489447365 0
-2.039904954497879 -0.05515247542730368 0
-2.048548721314769 -0.03504296260951962 0
-2.067760717266217 -0.04907759505293577 0
-2.063063569458634 -0.01816218988454188 0
-2.105401420756886 -0.03329965944236694 0
-2.091548606979179 0.009038746630147261 0
-2.060625118510965 0.02272165073566704 0
-2.139195183836401 -0.003624314633165479 0
-2.136230820150751 0.0462891294686426 0
-2.199211979135403 0.02002766030889213 0
-2.187560895905537 0.1096328324084915 0
-2.295335073538572 0.06322598572587383 0
-2.288724258799162 0.187815785921962 0
-2.03875367795164 -0.005721691317218799 0
-2.008660254037844 -0.01500000000000323 0
-2.008660254037842 -0.02500000000000122 0
-2.01732050807568 -0.02000000000000706 0
-2.017320508075695 -0.01000000000000424 0
-2.00034075046688 -0.03037826544092207 0
-2.008717045782317 -0.03506304424015511 0
-2.000185067391712 -0.04005090919940174 0
-1.914436100606347 -0.08135431690077778 0
-1.912543617070661 -0.05529662867036671 0
-2.457462582053521 0.1097182513436811 0
-2.396002023538032 -0.09688206259029371 0
-2.024079869520226 -0.1344031695711602 0
-2.101450464738752 -0.08172177245499775 0
-1.924265171046497 -0.0461341558379432 0
-1.909323566061313 -0.04019599543048757 0
-1.896482054485295 -0.04770044980965446 0
-1.897164775228648 -0.06385170895074095 0
-1.88179357140985 -0.05709452586718947 0
-1.858817301718885 -0.0795074783018602 0
-1.844642540430061 -0.1074254805619303 0
-1.88368799880395 -0.04228098718308147 0
-1.871016669729453 -0.04609913149095968 0
-1.94157840461776 -0.1055673054062586 0
-1.978430044509738 -0.04184903188821571 0
-2.008660254037826 -0.04500000000000328 0
-1.94482556390189 -0.02847946487503141 0
-2.017320508075699 -0.02999999999999657 0
-2.02598076211354 -0.02499999999997962 0
1.465273726487781 -0.02930870255036872 0
-1.054998115531633 -0.02866694974814059 0
-1.049996405842271 -0.03732950527654532 0
-1.039440663041273 -0.03731343414776741 0
-1.060008746677158 -0.03730282006488467 0
-1.045138754377998 -0.04999705920811882 0
-1.032379660958102 -0.04568321558530766 0
-1.028585771036276 -0.036878425796809 0
-1.019361420344227 -0.04554449522269138 0
-1.029884915794486 -0.06139508469074724 0
-1.034664330147041 -0.02842856880134437 0
-1.064963640329248 -0.02863018138016561 0
-0.9363442772433982 -4.90193696711435 0
1.864999999999998 -0.02866025403784572 0
1.859999999999993 -0.03732050807568852 0
1.870370924365843 -0.03787981890030211 0
1.866028750109947 -0.04604434863293718 0
1.88135164984839 -0.03717446877181219 0
-1.024976290068567 0.02867394297313892 0
-1.029996048344761 0.03732278956490422 0
-1.019493771389628 0.03727938109308274 0
-1.039999341390792 0.03732088832388387 0
-1.025572781879323 0.04704192446075479 0
-1.013840330940821 0.04707613476976303 0
-1.009050960289397 0.03732989651069575 0
-1.020119766170613 0.05797142444167444 0
-1.002736796609759 0.04658704372758135 0
-1.014783285563686 0.02856933654844087 0
-1.344999999999998 0.02866025403784421 0
-1.349999999999997 0.03732050807568674 0
-1.360220270288665 0.03744768118614872 0
-1.354630954225534 0.04749748236613758 0
-1.365827923736664 0.04499262161662913 0
-1.361799576859433 0.05810462440464382 0
-1.382651186316696 0.05142038984723402 0
-1.396878312208688 0.06252579328530837 0
-1.954991990128474 0.02866040540559569 0
-1.950181534257269 0.03743088877542549 0
-1.939519320193267 0.03728954601645827 0
-1.943964366383311 0.04520140197856549 0
-1.932770458830308 0.04685526045235667 0
-1.955903583867849 0.04832033588135477 0
-1.940120977466018 0.05800260162552936 0
-1.924374653582228 0.06117443326894107 0
-1.954110066191052 0.06995424760289655 0
-1.97294347728038 0.05379816550899257 0
-1.994999999999998 0.02866025403784419 0
-2.004988408038157 0.02910372996841622 0
-1.999998068006355 0.03729619556625424 0
-2.010617104262769 0.03740560888758877 0
-2.004266718816535 0.04717144381272207 0
-2.014999999999997 0.02866025403784501 0
-2.018130911164868 0.04711423397568811 0
-2.00917649369794 0.0605078825854295 0
-1.989989604116733 0.0374830360184646 0
-2.027527941583509 0.06097260514491575 0
-1.928171654136881 0.03715732104004581 0
-1.974761778159452 0.07639742921365088 0
-1.986639092481209 0.1067087900689991 0
-1.992428438660101 0.05749931995868916 0
-2.033444155250241 0.04240860365892947 0
-2.052578370048211 0.05882342025978389 0
-2.083093987558317 0.05127649109332681 0
-2.115083570167923 0.0939647177659083 0
-2.015955856140249 0.08029289363555439 0
-1.969098477798054 0.0413481364056992 0
-1.934611026364278 0.02846827698142656 0
-1.964802025468166 0.02947145109824952 0
-1.979371090004736 0.03840981214088653 0
-1.735000581109876 0.02842791557516004 0
-1.739185099851504 0.03722375687117015 0
-1.224999999999997 0.02866025403784476 0
-1.219999999999997 0.03727105651345072 0
-1.20981100378712 0.0374213831630378 0
-1.214435995548651 0.04786713459381841 0
-1.202858123255488 0.04808718180182386 0
-1.193631198747594 0.05639841223495947 0
-1.745003486659294 -0.02866226706152624 0
-1.750004067769168 -0.03732285660331928 0
-1.760484349918811 -0.03729435161127809 0
-1.740001259071408 -0.03713126795823352 0
-1.754322372088641 -0.04706758551519635 0
-1.766098806436385 -0.04706394167900121 0
-1.756750297251325 -0.0621148723179711 0
-1.770894622047204 -0.03733009925904133 0
-1.780258169801502 -0.04539058376739284 0
-1.744363897870352 -0.0573016021250066 0
-1.717096389510069 -0.06571975226300712 0
-1.76833206005592 -0.08552520435260234 0
-1.765202516581554 -0.02857701660144942 0
-1.004993447566115 -0.0286494988028003 0
-0.9999989079276889 -0.03731871553651411 0
-0.9899998179879499 -0.0373202093191572 0
-1.010392447497236 -0.03717528126697553 0
0.9849999999999982 -0.02866025403784455 0
0.9899999999999982 -0.03732050807568751 0
0.9797976866245149 -0.03743731375748524 0
0.9857342562286812 -0.04715927055317837 0
0.9728340179300242 -0.04730081748461128 0
0.9800949895583057 -0.05967637614548926 0
0.9999999999999979 -0.03732050807568675 0
0.9939349836013999 -0.05531306611122513 0
0.9924692247933279 -0.07459701018435839 0
1.02098328696415 -0.05453109752719169 0
0.9642308987489396 -0.05928455622990116 0
0.9606995374771711 -0.046502061450109 0
0.9487118638450383 -0.05561853052898317 0
0.9386249610989028 -0.04473654725027893 0
0.9320473052207199 -0.05635631433538398 0
0.925939908657051 -0.04209906337744432 0
0.9155879767079999 -0.05484732261296845 0
0.9498798991352502 -0.03273194754015984 0
0.9237280140130932 -0.0718580626934663 0
0.9025142691014832 -0.06894956909629377 0
0.8976579510673414 -0.04926943750748678 0
0.8822000142666139 -0.06084368558707812 0
0.8830092777897206 -0.04466310292482303 0
0.8659376801019142 -0.05647800706686049 0
0.8641725102364821 -0.0417706939940972 0
0.8511216369691651 -0.04875018665462125 0
0.853003951390108 -0.06891849733257148 0
0.8365511295702251 -0.05628042151054876 0
0.8395869008137056 -0.04404127466590513 0
0.8222537761578602 -0.05116887485782465 0
0.8211759316280814 -0.0666014598442683 0
0.8071116792449933 -0.05319089420776305 0
0.8032227232017982 -0.07244153198230351 0
0.7879991360807708 -0.05698786282573457 0
0.8278538003548227 -0.03456871448282697 0
0.8236971954116968 -0.09195264543243131 0
0.7952240539115508 -0.04371755705034916 0
0.775521586583489 -0.04742201963954645 0
0.7714418134227791 -0.0588139419230641 0
0.760290834759753 -0.04734413952875501 0
0.7529190346968525 -0.06382298243785488 0
0.7436969502104669 -0.05019691213964788 0
0.7346051583360382 -0.06625008669661335 0
0.7231730192047523 -0.05101206477400261 0
0.715282264110364 -0.06883942911860783 0
0.7003886726333562 -0.0558738487377614 0
0.6943680973701841 -0.07287285459866504 0
0.7103386974189815 -0.09213579555511511 0
0.6810923377318571 -0.05658384266781843 0
0.6735533751808892 -0.07465917740757684 0
0.662676627220712 -0.0556441068797538 0
0.64968861363667 -0.07693324630606641 0
0.6663830046035399 -0.09963778215283779 0
0.6326102876476147 -0.06061908979952272 0
0.6268177508893482 -0.08130554809922029 0
0.6152456733003334 -0.064344689276235 0
0.710450873749869 -0.0379588188815853 0
0.6021445590232198 -0.0856132353889794 0
0.5865013141011769 -0.0677356242321423 0
0.5966268411429949 -0.04631423552821586 0
0.6244042278933531 -0.04878036539598146 0
0.6372810695257854 -0.04442851452644574 0
0.7770950989562774 -0.07912568555437823 0
0.8062241871002553 -0.03948809178648953 0
0.7961316377959394 -0.03367319201607159 0
0.6704125665055332 -0.04490019453526659 0
0.6542238653678693 -0.04238925851116883 0
0.6636236888395145 -0.03382950128931485 0
0.6843577416538607 -0.03881837095704829 0
0.9118045507450829 -0.04218576953450735 0
0.8533292836459465 -0.03774058045586552 0
0.8616468428416393 -0.03004956744633359 0
0.9170925304828493 -0.1013392507349239 0
1.004999999999999 -0.02866025403784404 0
1.565354806007533 -0.02871610508619946 0
1.555741899186769 -0.02923223389779999 0
1.551946364063469 -0.03947820890565403 0
1.541720376001721 -0.03840530512961533 0
-1.344996199338766 -0.02866244835063091 0
-1.33999556589523 -0.03732306810727427 0
-1.329488926807503 -0.03729851372723639 0
-1.335341883136187 -0.04749092520976404 0
-1.349998627539002 -0.03710231794420715 0
-1.323778258334826 -0.04719135628375532 0
-1.328162628234967 -0.06025529750217785 0
-1.319050401771993 -0.03734185821893752 0
-1.310003189459082 -0.0458940679331514 0
-1.324784303271569 -0.02857734752541803 0
1.664999999999994 -0.02817148490911409 0
1.674972495984676 -0.0285629130657439 0
1.679704091286754 -0.03726454080507732 0
1.69034122973968 -0.03651930925739779 0
1.685846769284097 -0.045906253660191 0
1.700297844933866 -0.03478297343311026 0
1.668929842709455 -0.03629925420932513 0
-0.9650000000000033 -0.02866025403784347 0
-0.970000000000003 -0.03732050807568832 0
1.045000809621808 -0.02866072328623188 0
1.049785931940329 -0.0374572108802329 0
1.060182153802517 -0.03747924111736767 0
1.055884349661368 -0.04818493267234322 0
1.044318868121788 -0.04746193961717072 0
1.048870908500479 -0.05859460236606546 0
1.067210940410187 -0.04786903950640528 0
1.0650339995095 -0.02868554617342202 0
3.83951499110149 -0.8464313826635474 0
0.9450000000000046 0.02866025403784551 0
0.9400000000000037 0.03732050807568974 0
0.9297611211594028 0.03745842483861419 0
0.9357209041429581 0.04718557193285138 0
0.9228962533515251 0.04741795392408323 0
0.9289982417131808 0.06170186206254537 0
0.9107293950719803 0.06154706062995629 0
0.9459498250630421 0.05797082122523407 0
0.9404450867015087 0.07496579954710239 0
0.9611852438592094 0.07286131923853889 0
0.9500000000000018 0.03732050807569225 0
0.9195294105212041 0.08513680426405001 0
0.8947425141520838 0.07583033005675567 0
0.9487042087914171 0.09657763443074542 0
0.9149999999999997 0.02847545392349677 0
0.9802987831682473 0.09352482154580964 0
0.9922908410866395 0.06545366759455111 0
0.9677600745032521 0.05208640613551802 0
0.9079060613861591 0.04618497701528685 0
1.010798424480777 0.08575832490335325 0
1.022029084345837 0.0615269567958474 0
1.004367691720637 0.04822191240839944 0
1.038479702969111 0.07898852519849998 0
1.050307122018631 0.06073219597044267 0
1.063887966161163 0.07373110747939045 0
1.054999999999999 0.0284523781922144 0
1.072109567285376 0.05423420498168212 0
1.086493600894973 0.06857145400397428 0
1.093857485764048 0.05019058482212851 0
1.107637890933926 0.06399700979802053 0
1.102988637652914 0.09083876014695959 0
1.128044357947284 0.08080041186409508 0
1.12183051499555 0.1183594322146522 0
1.15661668746792 0.1016902845999512 0
1.163927422682291 0.0679656819096118 0
1.193460576705115 0.08370260361741137 0
1.191906941321264 0.1205712482069303 0
1.230893330519941 0.1067629074142241 0
1.224425541018866 0.1571403594551672 0
1.272995151256574 0.1384435893349734 0
1.165000000000005 0.02866025403784371 0
1.275463024710743 0.2088251093448574 0
1.33549935136097 0.1538774097291579 0
1.334803111704028 0.102448343570073 0
1.397402014349518 0.1249644401271785 0
1.39927037721347 0.1820131199006593 0
1.45449632633233 0.1509138594506332 0
1.467345682621862 0.2297607795312739 0
1.533431396560067 0.1785028779298717 0
1.285091083113032 0.07447129503525469 0
1.513901345925206 0.107354987157806 0
1.383900452452769 0.0850123308017388 0
1.194669098717464 0.05768832223932948 0
1.547597221111883 0.2561622687059 0
1.609484330956565 0.1987147785721714 0
1.607301395864754 0.1243748700392318 0
1.465616446279137 0.3445585276896886 0
1.644324167568227 0.3203635082694411 0
1.743070569139352 0.2525283386561389 0
1.134873298185474 0.05673311221752384 0
1.708918122060568 0.14660253980032 0
1.114856985966749 0.04750857432124275 0
1.19593976254326 0.2275435928585396 0
0.9189008552459476 0.1233940535653468 0
0.9579850471949783 0.1357048004517652 0
1.032811559203048 0.0477697415378396 0
1.430172851797073 0.1028342801369009 0
1.058264160718591 0.04635176784907801 0
1.081501514729053 0.04332573130186821 0
1.22060728646302 0.0794398295303005 0
1.217820119512241 0.05086748274794319 0
1.065 0.02834103887853626 0
1.070136679499493 0.03803786094315895 0
1.155000000000005 0.0286602540378444 0
1.150230580701498 0.03745363390576845 0
1.140238281403711 0.03651062736900888 0
1.144632593302854 0.04645554740081866 0
1.155610234047226 0.04865468988114167 0
1.125910049888834 0.04648142003740802 0
1.160000000000011 0.03732050807568878 0
1.170000000000009 0.03709922303712977 0
0.6650041489251123 0.02866264942087378 0
0.6698175965100662 0.03743140800677316 0
0.6804781760027873 0.03728665873735517 0
0.6760352675386428 0.04519266725045321 0
0.6646439223735194 0.0488262545927811 0
0.6861234634153941 0.04662939401883243 0
0.6795829221932264 0.05760445656872692 0
0.6968725893178827 0.05812975404115787 0
0.6654224570207933 0.06629202186008511 0
0.6864150278712693 0.07531600437473059 0
0.7088138352673562 0.07784023708131142 0
0.648261057797847 0.05523153965720528 0
0.717051630521351 0.05734898839428602 0
0.7302729386427983 0.07666443640059349 0
0.6475578128410835 0.07598705547002375 0
0.6287509178566577 0.06296740085393863 0
0.6152504803875142 0.02828942192290098 0
0.7250000000000029 0.02835963135350924 0
0.6269184730229849 0.09242876681496885 0
0.6061814832460034 0.07348967461293777 0
0.5549789667928702 0.02867239756564229 0
0.5749999999999998 0.02866025403784521 0
0.7213716248133167 0.1059632585048324 0
0.7526077549748708 0.09484179306578168 0
0.7645761364137934 0.06675210430166192 0
0.7842628519362075 0.08628473456676324 0
0.7916085546483622 0.06174176032885022 0
0.8115806821507398 0.07873863268817724 0
0.8223880579046482 0.05964032021823312 0
0.8367182774843791 0.07238293513174685 0
0.6016290098912676 0.1022932381791491 0
0.8434223186770955 0.05195113326530081 0
0.80787560719611 0.1140695075802434 0
0.6032588464157237 0.05208933159456863 0
0.5882423298508487 0.06192979653375769 0
0.6905689094759492 0.03705259308368918 0
0.6246332210236386 0.04575117652632967 0
0.8576396568848822 0.06542472576606677 0
0.8650240311808427 0.04908640811213859 0
0.850678830592655 0.03824169160775794 0
0.8054284307472802 0.04488610791671762 0
0.776363207663635 0.05163944906728334 0
0.8593956687735217 0.09443387024141311 0
0.8293466326337412 0.04553480613064233 0
0.5782917488657516 0.08281968969898602 0
0.5569950875303705 0.06634605181678586 0
0.5675626554644516 0.04867109554678077 0
0.7417410969723928 0.05115537705344654 0
0.7058899648265021 0.04652684309733551 0
0.7277540728054931 0.0455602023453501 0
0.5923868937729961 0.04474995661836389 0
0.6036949744014558 0.040003419606142 0
0.6851786631715681 0.02844962262209036 0
1.935188391883761 0.02853821404887347 0
1.940202600023796 0.03700536792596392 0
1.95022464577801 0.03737818882143117 0
1.944327024629079 0.04681821091341595 0
1.957042950830393 0.04714393249844044 0
1.948575823345863 0.05690266087068117 0
1.964450818294015 0.05919569343021733 0
1.934501271171607 0.05724604194884745 0
1.947101393109889 0.07367287468849787 0
1.921274905023978 0.07217840037510054 0
1.929815655426878 0.0970473258506484 0
1.898084360318848 0.09568657913413316 0
1.917271062402159 0.1389999484510921 0
1.961867544308366 0.1343259873137123 0
1.874181773208622 0.1328984465996182 0
1.886379637941895 0.1865257989747176 0
1.951530070546171 0.1891318951946171 0
2.015812458494212 0.1613587511462228 0
2.012642736679584 0.2500882932582 0
2.104676851557235 0.2055584824839847 0
2.105242354226211 0.1173713764823373 0
1.852682794147363 0.08524840224844166 0
1.833051518532144 0.1136556570138208 0
1.811651235766789 0.08041551810201467 0
1.888296982969538 0.06597683207987985 0
1.875000000000004 0.02866025403784357 0
2.18134405892541 0.1414315039982308 0
2.168236637074891 0.06463543220050318 0
2.098500056114745 0.03343360343389767 0
1.912479512758018 0.05187668618822452 0
2.127503659563777 0.3383734905511697 0
2.020169017176808 0.1032365975162892 0
1.836049281148947 0.05910918923219975 0
1.785541366882923 0.1118514853874318 0
1.771992205894285 0.07238343015599519 0
1.794602956579648 0.05464345602012281 0
1.774999999999996 0.02866025403784195 0
1.972056429588825 0.04474076717061248 0
1.981343924290391 0.05806856040376408 0
1.971498396309866 0.0768666332609084 0
2.247391367260771 0.09199282815798655 0
2.271868320124779 0.2174629254000807 0
2.246707011926573 -0.02016969280504715 0
1.798976023802548 0.1567966607179526 0
1.986757905254819 0.04499648343959227 0
1.996542884782881 0.05492449291294097 0
2.003445790214973 0.04230124453710248 0
2.01012845512458 0.05185185850133595 0
2.016632336026288 0.04121762390994353 0
2.024944026530432 0.05388148697324684 0
2.033273624231062 0.0367083879413231 0
2.008660254037844 0.01500000000000394 0
2.047318601585309 0.05081278286462445 0
2.008705768862443 0.02492116601129967 0
2.01732809387978 0.01998686100188804 0
2.017429686429187 0.009810897544673253 0
2.025008465025505 0.01375551164981048 0
2.026808382540767 0.002737016715637072 0
2.037453018198307 0.01101694808028996 0
2.039214133249386 -0.004616920631893479 0
2.055565681480517 0.004033877309515115 0
2.054580532427518 -0.01750081634362541 0
2.03909939124891 -0.02906688277272313 0
2.054734534841352 -0.04063971063477356 0
2.084194629066567 -0.03067840426988027 0
2.078856395984618 -0.06545416774009974 0
2.1197602953898 -0.05160544113770445 0
2.120769166278699 -0.1104824955112808 0
2.025829979206253 -0.009461083165132366 0
2.00070244153991 0.03055621587324884 0
2.177888041603447 -0.08063432938392075 0
2.049033410987446 0.02694746301961573 0
1.925996033446006 0.04631265096219622 0
1.914080197998236 0.2873541315151425 0
1.739109826056344 0.1122685646956922 0
1.688973887573853 0.1025877476565383 0
1.735453081350068 0.06855356470947216 0
1.658255528397101 0.1471927283224367 0
1.865000000000003 0.02866025403784591 0
1.860229590236681 0.03745306206064203 0
1.850038265039449 0.03734260040651184 0
1.85630337883294 0.04512449464630153 0
1.866262836098748 0.04672196869120139 0
1.857765675135252 0.05955697480023171 0
1.870000000000012 0.03732050807569302 0
1.880000000000009 0.03709999742354891 0
1.955020045773202 0.02864295122299753 0
1.961121633282673 0.03710949110674275 0
-1.084999999999997 0.02866025403784243 0
-1.090209784806866 0.03744162739040519 0
-1.079825179327603 0.03746181394285624 0
-1.085457713156352 0.04643219229450386 0
-1.072920344657627 0.04717210383876826 0
-1.097598897914207 0.04545551319672859 0
-1.080122230235745 0.05798811044185342 0
-1.064646587099442 0.0592969563982259 0
-1.05929406987282 0.04559723287171354 0
-1.104999999999998 0.02830302442899886 0
1.335000000000004 -0.02866025403783932 0
1.33019335448555 -0.03743214133996261 0
1.319838871262064 -0.03745074688401362 0
1.324028591129072 -0.04520191926041336 0
1.312691731777335 -0.04689492939748167 0
1.334399872010366 -0.04658582492043164 0
1.324522658591713 -0.05789892651054247 0
1.304557485778539 -0.05920632232687926 0
1.300891168887682 -0.04642757288747421 0
1.289104678277338 -0.05600549167722128 0
1.279035907817759 -0.04482729370808019 0
1.274229758781505 -0.05406333509443622 0
1.266268465211946 -0.04172536462553431 0
1.290315398955135 -0.03139996386077526 0
1.257811527822862 -0.05444291671574899 0
1.251958907218264 -0.04127672583439642 0
1.242240722379544 -0.05518605880459209 0
1.259700871952602 -0.03204498820739479 0
1.225301398699395 -0.06522937371284954 0
1.23902557873023 -0.04166585082679718 0
1.36500379031523 -0.02866244237736242 0
1.369776781120703 -0.03745448968128641 0
1.38048056626464 -0.03733393292831835 0
1.374077401297611 -0.04528281045572404 0
1.363937588852049 -0.04704413143434541 0
1.370845489194502 -0.05720857080757174 0
1.383129811732415 -0.04750712616610428 0
1.389782009644279 -0.03679274077430309 0
1.386297512956672 -0.06397627435269676 0
1.405834607880651 -0.07186708478658571 0
1.385047552966716 -0.02843118270326533 0
-1.904977528618261 0.02861622655809611 0
-1.900230901831866 0.03744864370690928 0
-1.890038483638633 0.03734186401421519 0
-1.896308803783691 0.04514033280765834 0
-1.906407882372994 0.04679360338060333 0
-1.896710514620863 0.05749189367827121 0
-1.885333708269927 0.07613859080827226 0
-1.907553495579158 0.1091417135897353 0
-1.910064038076842 0.07371980977462271 0
-1.932778555711476 0.08116350544626294 0
-1.910146229314048 0.03730732785789644 0
-1.919163183666146 0.04606109977255191 0
0.7349999999999979 -0.0286602540378449 0
0.7299999999999958 -0.03732050807568956 0
0.7399999999999957 -0.03732050807569149 0
0.7506646308283681 -0.03825042931591068 0
1.955000000000005 -0.02866025403783865 0
1.950000000000008 -0.03732050807568373 0
1.940000000000003 -0.03732050807568758 0
1.960212811039809 -0.03744337458679455 0
1.954259419705806 -0.04736467476191848 0
1.965408527853385 -0.04819477613168308 0
-1.545031741721829 0.0286266439215598 0
-1.54000000000001 0.03732050807569012 0
0.8856253367072381 -0.02857155999026685 0
0.8905583667691613 -0.03743623241023402 0
1.025000000000001 0.02866025403784129 0
1.020000000000004 0.03715354639904837 0
-0.8850000000000009 -0.0286602540378446 0
-0.8799999999999998 -0.03732050807568818 0
-0.8899999999999997 -0.03732050807568965 0
-0.8697693047328711 -0.03745370005026667 0
-0.8755874841793889 -0.04713378616893067 0
-0.8642383073456364 -0.04735024987999622 0
-1.114999999999998 -0.02838160543624863 0
-1.125 -0.02858604215057579 0
-1.118995120142269 -0.03699300999582671 0
-1.13052014554555 -0.03701463335776245 0
3.657706220733179 -3.126453407127647 0
-1.255000000000001 -0.02844089665816557 0
-0.9799999696646595 -0.03732045828293173 0
-0.9759999939329335 -0.04485473087909875 0
1.784999999999995 0.02866025403784753 0
1.779999999999994 0.0373205080756845 0
1.769796360931721 0.03743807914657066 0
1.775714905304424 0.04496698903982779 0
1.765038477572028 0.04657118006667921 0
1.789999999999986 0.03732050807568866 0
1.799999999999984 0.03732050807570394 0
1.805000000000002 0.02866025403787092 0
1.809999999999995 0.03732050807568571 0
0.7849446163428765 0.028681344111097 0
0.7899255586139418 0.03712926292882005 0
0.7800415471163918 0.03753174123946811 0
0.7693051530741771 0.0390377730871165 0
0.7638988614407823 0.0486997115462235 0
0.7581964033145431 0.03759759065144581 0
0.7641043160638202 0.02913600073987671 0
-0.964996156563161 0.02866247304713844 0
-0.9602260966918524 0.03745622274994526 0
-0.9495153273760395 0.03733551942277045 0
-0.955922059165626 0.04529161622272289 0
-0.9445602674043941 0.04683268660665953 0
-0.9659684662500495 0.04699702475441279 0
-0.9393860321248617 0.03692594079881476 0
-0.9327734912995015 0.04560375395876669 0
-0.9393517126828489 0.0594578456381379 0
-0.9214796782909545 0.0577433069914923 0
-0.9296955041957827 0.07483789373315707 0
-0.9058089376840214 0.07175522589879753 0
-0.897709372072017 0.05553317032124438 0
-0.8851762755831101 0.06526917414658483 0
-0.8796080826555642 0.05164959840262916 0
-0.8667118516537454 0.06446079443104187 0
-0.855687315868439 0.04875561096245518 0
-0.8468561102966444 0.06179526168412481 0
-0.8511757972588682 0.0849707878997734 0
-0.9132791426560988 0.04199610048703631 0
-0.8419124118997677 0.04659045303831914 0
-0.8310734444744952 0.0561710354496311 0
-0.8254448677865129 0.04284386141975573 0
-0.8160596906593448 0.05422178554258782 0
-0.9548443501069767 0.05528087933258873 0
-0.817297292991621 0.0730858719866138 0
-0.7986871826921043 0.06424268333710716 0
-0.7739447634360058 0.07718041541503498 0
-0.7778553348264666 0.05400143105450329 0
-0.759494527981756 0.05934020098296864 0
-0.7590254744680329 0.04164855509307849 0
-0.7925709038405317 0.04660803017231587 0
-0.8079800109984833 0.04056912502723829 0
-0.7823558854379716 0.04032901222421336 0
-0.7469990422085019 0.08924611767834523 0
-0.8911122092769345 0.04391774453083935 0
-0.944813049813312 0.02845308978905151 0
-0.9699999999999973 0.03732050807569329 0
-0.9800000000000018 0.03709922303713101 0
-0.9850000000000007 0.02866025403784845 0
-0.9897886477451072 0.03716630567370702 0
-0.9850000000000032 0.045980762113535 0
-1.914865798539161 -0.02905120426024478 0
-1.904895130713559 -0.02914636780242834 0
-0.1345743123546431 -0.02841448316120685 0
-0.1294519547346744 -0.0371029794662717 0
0.5749999999999995 -0.02866025403784459 0
0.5799999999999991 -0.03732050807568851 0
0.5697993725100917 -0.03743634041099434 0
0.5737419708504256 -0.0450572206529511 0
0.5639015524103995 -0.04689761057160958 0
1.664995211462699 0.02865748937453935 0
1.660181436437234 0.03742526045156462 0
1.649843216342114 0.03744594462139663 0
1.654028551100286 0.04521854405445347 0
1.642660225209457 0.04689124663352693 0
1.665948762672007 0.04832353243087893 0
1.650393605345067 0.05757795031190473 0
1.633226083673223 0.06145580345630398 0
1.645274805086354 0.07698346627962892 0
1.634999999999993 0.0284098753187822 0
1.665127805018231 0.06640823692724214 0
1.680778275688771 0.05567818144910654 0
1.627807089072437 0.04495893432230716 0
1.614466351965424 0.06045489003270265 0
1.612113405674907 0.04386906652661483 0
1.601193863803768 0.0538597175314789 0
1.596777554258306 0.04196215600912277 0
1.586580592964119 0.05356340404163491 0
1.595510447426576 0.0684973921918343 0
1.574335007945045 0.06670116489310025 0
1.569912974291978 0.04759988089034639 0
1.551141561312883 0.06284233773418306 0
1.557990062711667 0.0812718157396967 0
1.552717457504363 0.04455790082941926 0
1.540213538477094 0.05164599291287807 0
1.539502444675901 0.03849424312642544 0
1.526960366181332 0.04588032002239431 0
1.52913573530362 0.06258468137864151 0
1.514249263954287 0.05476703971571951 0
1.548538301252443 0.03228145114058375 0
1.514770896439386 0.04118407977386123 0
1.502084053978527 0.04557921369620901 0
1.499155385338246 0.06142445358947329 0
1.485273396235746 0.02850240864753621 0
1.485469078329923 0.04893567187763199 0
1.482470488365571 0.06786003742922805 0
1.467621473965711 0.05438214478580747 0
1.463060434536754 0.07521402449429078 0
1.449000119473467 0.06053818805683032 0
1.454763533843296 0.04662687818342953 0
1.439091717747341 0.04686787342223302 0
1.431024342901056 0.06310667988992784 0
1.424102011145738 0.04901137840118957 0
1.41351638699266 0.0621909373398017 0
1.403164016068423 0.05099506000517818 0
1.41032399500729 0.0353964346206054 0
1.473995150269849 0.04129399110565984 0
1.514399998110043 0.07482941527663409 0
1.483050449706525 0.09226810679361619 0
1.605850992848712 0.03474949837310461 0
1.595973036503011 0.02957907496899592 0
1.679914849297992 0.04295333296695985 0
1.693139112082424 0.04711534707223263 0
1.695504556270012 0.05861191899722559 0
1.708441690019159 0.05001954344732643 0
1.702624187792729 0.03868338415620691 0
1.712152526720339 0.06697787639418903 0
1.584668297908417 0.04137241760306111 0
0.8750239788262458 0.02864321554509404 0
0.870175853451544 0.03773517240986791 0
0.8800333053796353 0.03738677904925889 0
-0.6650612933325045 0.02855146517361467 0
-0.669827120577962 0.0374128772988967 0
-0.6804797633474338 0.03728357028604385 0
-0.6742104792686018 0.04777721312979032 0
-0.6861187819420338 0.04718891751798619 0
-0.6823197430913073 0.06100601019145748 0
-0.6618429190490406 0.0462604775842035 0
-0.690858418782728 0.03719283294016525 0
-0.6993096450902851 0.04552369002163205 0
-0.6852271792801373 0.0284724811896181 0
-1.514951012380533 0.0286642613489948 0
0.9257953109047748 -0.03030792200284846 0
1.124999999999997 -0.02866025403784325 0
1.129999999999994 -0.03732050807568767 0
1.139999999999997 -0.03732050807568945 0
1.119999999999995 -0.03711986432474439 0
1.144999999999998 -0.02866025403784462 0
1.150242571469469 -0.03746055677888523 0
1.146310908175902 -0.04517204340648549 0
1.156065567429856 -0.04703667225872239 0
1.354977021088038 0.02867352091885233 0
1.359996170181344 0.03732271922251932 0
1.349483386874128 0.03730373417134757 0
1.369999361696892 0.0373208766001585 0
1.355655219940609 0.04711492971874252 0
1.343746009697219 0.04698567740509114 0
1.349434311187682 0.06088383414308372 0
1.363959356462733 0.0555968972589493 0
1.334653064868899 0.05938373589100975 0
1.339409514398065 0.03689358615911803 0
1.363427351500419 0.07384791355766181 0
1.344811653726705 0.02843970444075336 0
0.6600000000000011 0.03732050807568731 0
0.6500000000000012 0.03709815330942182 0
-0.7649958452652852 -0.02866265277505043 0
-0.7601857265477504 -0.03743333440150896 0
-0.7495193756573797 -0.03728930122051698 0
-0.7559188332815424 -0.04516768207150592 0
-0.7441937970867207 -0.04869787698198103 0
-0.7660731549777308 -0.04696423228885924 0
-0.7572444593468034 -0.05698211471886144 0
-0.742952856820399 -0.0626770579504602 0
-0.7565437218684882 -0.07726570249952412 0
-0.7754453058345241 -0.05918248489123248 0
-0.727607675266341 -0.05520664678921712 0
-0.7271686700523524 -0.07474240088520107 0
-0.7063178889085928 -0.06308854444072008 0
-0.7085931326840141 -0.09075754457771201 0
-0.6852705468135047 -0.07587695243185154 0
-0.7369724499942173 -0.1019067833024173 0
-0.7812045674364571 -0.07878187817234621 0
-0.7394835439956843 -0.03739676145306097 0
-0.6862606539271701 -0.05242573122730671 0
-0.6696709943211006 -0.06056440933646155 0
-0.6595384349742193 -0.08372398620384137 0
-0.6374628374586105 -0.06954807292132019 0
-0.6342341528666904 -0.09186453984503568 0
-0.6195426524607633 -0.07540702184350837 0
-0.6061268475160962 -0.1032606821714054 0
-0.5768326378632493 -0.07881505816503313 0
-0.5904129926733412 -0.05475154661268201 0
-0.5729516858855893 -0.1160692958466142 0
-0.6224696837931312 -0.05012529940369278 0
-0.649668872368363 -0.04523019449397511 0
-0.546655596434895 -0.08670212591132076 0
-0.5547194974564092 -0.05907198334550583 0
-0.5269512144327121 -0.06709198412417285 0
-0.5377613263511755 -0.0510397727932752 0
-0.6992476522228926 -0.1310834726393254 0
-0.7978133219943851 -0.06141846693802849 0
-0.7864826856847354 -0.0475998010782839 0
-0.8118761700055449 -0.04796962550706147 0
-0.8002275539504483 -0.03518736885923688 0
-0.7127012795531646 -0.04633655079908886 0
-0.6712438273941799 -0.04543527935417403 0
-0.6815160051749253 -0.1036442829471491 0
-0.7448296652074623 -0.02850769934508541 0
1.009999999999999 -0.03730883957729705 0
1.019999999999997 -0.03717270662667185 0
-1.385000000000003 -0.02866025403784551 0
-1.380000000000005 -0.03732050807568878 0
-1.375000000000004 -0.02866025403784593 0
-1.369772359086266 -0.03745193661851513 0
-1.375354135915693 -0.04805915371112344 0
-1.364522471507893 -0.04792779565233607 0
1.314999999999996 -0.02866025403784777 0
1.30961341093589 -0.03729856142217437 0
4.294109333890288 -1.041989139142332 0
-0.6150000000000015 -0.02866025403784453 0
-0.6100000000000015 -0.03714461926195776 0
-0.6002914669724548 -0.03699419429164502 0
-0.6050000000000033 -0.04598076211353338 0
-0.585385384274593 -0.04065175614164044 0
-0.6196987718801361 -0.0376673313606943 0
1.005000000000004 0.02866025403784717 0
1.009894615286776 0.03780432855146872 0
0.999877051167905 0.03771945070696021 0
0.9900000000000053 0.03732050807569449 0
0.9850000000000029 0.02866025403784983 0
0.9800000000000012 0.03726235273561996 0
0.9853106104668158 0.04822775852106426 0
-0.8950000000000008 -0.02866025403784543 0
-0.8999999999999999 -0.03732050807569004 0
-0.9100000000000007 -0.03715439735287117 0
-0.8943248140215642 -0.04763420934599294 0
-0.9150000000000015 -0.02863256891737567 0
-0.9197637855254094 -0.03761232257617118 0
0.9250000000000005 0.02866025403784811 0
0.9195905974896303 0.03734158100861703 0
1.744999999999997 0.02866025403783668 0
1.740195032988527 0.0374331104241037 0
1.729837472509575 0.03745187748218301 0
1.734023172239386 0.04511362754952026 0
1.743104805498151 0.04963155088653064 0
1.721353626775151 0.04836797650155342 0
0.8250072146961303 0.02829459532810379 0
0.8207755695773326 0.03683356246896879 0
0.3649999999999999 -0.02866025403784437 0
0.3699999999999999 -0.0373205080756886 0
0.3598049670114807 -0.03743311042411127 0
0.3800000000000001 -0.03732050807568858 0
0.3637491360486299 -0.04504334795131847 0
0.3528547922802032 -0.04680589998055031 0
1.645078996074851 -0.02808118645523923 0
1.64998470771896 -0.03829526431039031 0
-1.865 -0.02866025403784465 0
-1.861133928591366 -0.03767014503896297 0
-0.7350411139531187 0.02866456762260794 0
-0.739999999999999 0.03732050807568826 0
-0.7298681178375926 0.03730567185251619 0
-0.7359110822865741 0.0458340769335695 0
-0.7238685939525559 0.04663397969958278 0
-0.7187959619092392 0.03704229504121347 0
-0.7469735822371256 0.04690425573106653 0
-0.7122233527015244 0.04702973870461279 0
-0.7362433565161052 0.06078625789817009 0
-0.7247841989499912 0.02844577192035692 0
-0.7636226796924503 0.02973364088200928 0
-1.054999999999994 0.02840557123682779 0
1.88522527497473 -0.02813072289550084 0
-0.8649999999999989 0.02866025403784367 0
-0.86977409523924 0.0357968178850295 0
-0.880000000000004 0.03732050807568302 0
-0.8599999999999948 0.03732050807568858 0
1.024999999999997 -0.02863562046300759 0
1.094999999999998 -0.0286602540378412 0
1.100204766651057 -0.03743873015679643 0
1.089829361124119 -0.03745843383697756 0
1.095979879010455 -0.04529396559838052 0
1.106183392864949 -0.04681664980360562 0
1.095618460553294 -0.05713184997483053 0
1.085553887876742 -0.04647541096797114 0
1.174965893909955 -0.02868772261587367 0
1.605101668412391 -0.02772292071487047 0
1.384990408125075 0.02865471616627308 0
1.389988809479254 0.03708272086176472 0
1.401322709475575 0.03868934898021362 0
-0.9046485608309415 0.02837574999230274 0
-0.8989557698719018 0.0358384509867391 0
-0.9149618244161882 0.03062172190443846 0
1.4446127115666 -0.02995881446815534 0
1.915074755514156 -0.02818248685047125 0
1.215461206788009 0.02930881099359541 0
1.21088329985067 0.03882573724901629 0
1.200147216641778 0.03757137960457676 0
1.204678958386968 0.04964400688342848 0
1.222122447500458 0.04038670526738643 0
1.231471849781512 0.04921142761550613 0
1.232838785823338 0.03739916245448679 0
1.243674623882156 0.04308282149589267 0
1.243088265842125 0.0581762496942846 0
1.258100599750969 0.04922352424410365 0
1.260309732150425 0.06857224306461217 0
1.273461449698417 0.0563883348982064 0
1.300838512723978 0.05988070645350059 0
1.287840260543434 0.04657395185035546 0
1.270849769423166 0.04304809986382389 0
1.253902422117818 0.03816451180470207 0
1.195024536106962 0.02870206595932625 0
1.190028625458122 0.03736928865074539 0
-1.68526302757475 -5.992363554465318 0
-1.629045858471203 -6.489302394950438 0
1.474779502820825 0.03007730848984 0
-1.584999999999998 -0.02837299713059826 0
-1.174989140075883 -0.02858167027165153 0
-1.180355678704237 -0.03707476916179706 0
-1.085000000000001 -0.02866025403783533 0
-0.5953795786660653 -0.0284147649846409 0
0.7150241561768753 0.02850522881287013 0
0.7204218903281057 0.03660916504773532 0
0.584926879640017 0.02837439538551425 0
0.580175192804285 0.03899888052756671 0
0.7752431346344258 -0.0286130793418833 0
0.5649665620850151 -0.02866203675963682 0
0.5593605767254356 -0.03734236580189615 0
0.5502336992527828 -0.04480139601380841 0
0.5559161402861823 -0.0583850496050856 0
0.5424294568259651 -0.05890021719406575 0
0.5360514852398846 -0.04572488152361548 0
0.5265268515812946 -0.0538442459428965 0
0.5271297814477574 -0.07320178928515061 0
7.334101812361697 -0.9507109089764113 0
-0.5650661260094091 0.02862207616851109 0
-0.5698103935116587 0.03742997743277161 0
-0.5801690264085171 0.03745458530384178 0
-0.5759718817610341 0.04524034760444483 0
-0.5873158843167806 0.04693920863027091 0
-0.5646291350861873 0.04885494830839283 0
-0.5774933150359459 0.05693968184370247 0
-0.5632233851337357 0.0626330504281032 0
-0.5484586238313633 0.05522241852275387 0
-0.577383212687366 0.07621242896954765 0
-0.5944590294224258 0.05972395117252487 0
-0.5989218175352643 0.04657935311606844 0
-0.6114529486015841 0.05780664614983168 0
-0.6210108442186095 0.04535898477930221 0
-0.628795006560518 0.05452453778595072 0
-0.6341490787147229 0.04320103687648569 0
-0.609650144050094 0.03378986798979304 0
-0.5476620561544923 0.07459419936436035 0
-0.5295259395614191 0.06404146215947852 0
-0.533406599165497 0.0474022952492283 0
-0.5159706576543523 0.05103047891297383 0
-0.5096652789502333 0.07391583438290412 0
-0.4958574997502285 0.05612606821400212 0
-0.4878584190297883 0.07314735393369647 0
-0.4683989867094054 0.06223487397297225 0
-0.4627368657347094 0.09668515565390949 0
-0.4475697145470734 0.06629699497899114 0
-0.4575095594467061 0.04864340522455464 0
-0.4358995428874255 0.05151884233896361 0
-0.4266933826474512 0.06724290449640122 0
-0.4154177679366973 0.05670734644875603 0
-0.4384225806972433 0.09007873184889328 0
-0.4061629170113049 0.07118141761236375 0
-0.3677716795935169 0.08718275869975038 0
-0.392140499371723 0.05689817954454737 0
-0.3620936874269368 0.1174123504673544 0
-0.3398155449762487 0.09625618916007843 0
-0.3207041583781086 0.1341279943490168 0
-0.2766305310583712 0.1087587367158239 0
-0.3176563662065185 0.2059096546244766 0
-0.3072004006530479 0.06122934856183988 0
-0.3464984090879653 0.06176674202859967 0
-0.2669732659233245 0.1541293756503951 0
-0.2364894743308169 0.1148853323824765 0
-0.2502138994283155 0.06967896120762913 0
-0.4043724724575319 0.04009247634613216 0
-0.4721576679882705 0.04513760710982802 0
-0.4616692271869669 0.0371492174747248 0
-0.4249029989645567 0.04119396046370804 0
-0.5449291413932561 0.04107152459825939 0
-0.5348179123644258 0.0352386915808664 0
-0.5038144526975209 0.04343849964722423 0
-0.5152595427745198 0.03709606442300891 0
-0.5051686919680108 0.03101660851781388 0
-0.4865438617798285 0.04443153664269771 0
-0.5313973236914538 0.08832430287209329 0
-0.6420840222853166 0.05522147731954683 0
-0.6488874256002353 0.04304012965644156 0
-0.6405720766298132 0.03252465874195099 0
-0.6333935109090617 0.07232407216050558 0
-0.7855567444321214 0.02903825706582388 0
-0.771333283379124 0.03912464361046643 0
-0.7549999999999993 0.03310396225610662 0
-0.8451539468959178 0.02859822117653003 0
0.1850000000000001 -0.0286602540378442 0
0.1550000000000002 -0.02866025403784414 0
0.1507185673020757 -0.03763918870749982 0
0.1396276465781911 -0.03764696388897269 0
0.1432301599348837 -0.04911733122219133 0
0.2150000000000001 -0.02866025403784422 0
-1.725000000000012 -0.02866025403784352 0
-1.720191867719262 -0.03743128295504766 0
-1.709840110233965 -0.0374497454349428 0
-1.714849117009023 -0.04438393391687624 0
-1.704088634658236 -0.04651082673527269 0
-1.724497062175054 -0.04567028131364795 0
-1.704973351705661 -0.02866552174942013 0
-1.699373380089217 -0.03731050761159872 0
-1.692761408907301 -0.04683551099406563 0
-1.699003428004932 -0.06144539015161406 0
-1.495 -0.02866025403784214 0
-1.489603056812661 -0.03806937892077224 0
-1.500000000000001 -0.0373205080756863 0
-1.494988578083726 -0.05111148671981593 0
-1.508253775899453 -0.04866069274885963 0
-1.521481606678437 -0.0457011120300306 0
-1.504977248098808 -0.0286218152757516 0
-0.4949957477208814 -0.028662709092339 0
-0.4901827489277563 -0.03743174667880952 0
-0.4795166541422429 -0.03728476301596469 0
-0.4839641586111501 -0.04519942393645354 0
-0.4738737404796292 -0.04663100835079614 0
-0.4807642274563896 -0.05707037223218362 0
-0.4626333638596894 -0.05762711077294182 0
-0.4949826738310716 -0.04911029347703336 0
-0.4735554148464244 -0.07534408980773012 0
-0.4942065269349225 -0.06987523603229641 0
-0.5162124992490321 -0.09019203273109171 0
-0.4694257315067429 -0.03704918354178113 0
-0.4488883394706262 -0.08078231449110411 0
-0.4425245200611767 -0.05769116988019524 0
-0.4277129902869771 -0.07175933793840308 0
-0.4177051747573333 -0.05457786068640164 0
-0.4083350221365243 -0.07435718276250756 0
-0.3947854332612744 -0.04961005905299681 0
-0.4675133286889461 -0.1082449575662828 0
-0.4078552737798739 -0.04398174316928468 0
-0.4539543115945858 -0.04649078174959676 0
-0.4310298070309482 -0.04506468083748941 0
-0.4748194786623785 -0.02844660228350286 0
-0.255 0.02866025403784411 0
-0.2599999999999997 0.03732050807568849 0
-0.2702220483815836 0.03744870776856921 0
-0.2499999999999999 0.03728258747014052 0
-0.2662854618063821 0.04511016556144946 0
-0.2762181958945906 0.04795570111607812 0
-0.2675478471764574 0.05827565157965049 0
-0.3249999999999998 0.0286602540378442 0
-0.3299999999999997 0.03732050807568858 0
-0.3399999999999997 0.03732050807568876 0
-0.3197963609317295 0.0374380791465718 0
-0.3253466546257118 0.04741942665445389 0
-0.3145761611530148 0.04767467048284067 0
-0.3210964572753559 0.05826985578625484 0
-0.2950610495057802 0.05013641701071372 0
-0.5449079381415803 0.02889490489060858 0
0.3050034996715829 -0.02866227457417468 0
0.31000408295018 -0.03732286536807389 0
0.3204830453758145 -0.03729141403475026 0
0.3000003289697767 -0.03732069800647763 0
0.3163138983354025 -0.04495785265794996 0
0.3264326662381918 -0.04676867199966831 0
0.3309509616350413 -0.03728215984914218 0
0.3398642174388246 -0.04574448546903748 0
0.3332759173178477 -0.0587431934626886 0
0.3252092115077511 -0.02857033180401526 0
-0.2049999999999999 0.0286602540378442 0
-0.2098130873776753 0.03742842212850266 0
-0.220155760518604 0.03744640780397166 0
-0.2140169252341395 0.04521119324011497 0
-0.2027254681196355 0.04692655234464537 0
-0.2253739846574435 0.04883059923062335 0
-0.2103728242863287 0.05757132575309633 0
-0.1948043937547756 0.05952812146047707 0
-0.2054623762741457 0.07497453267319744 0
-0.1820059392570703 0.07477685956645365 0
-0.1695043593700277 0.05862343300952417 0
-0.1567326997769498 0.07494685060294058 0
-0.148858952269033 0.0575922197620373 0
-0.1646105798441288 0.09972828414630824 0
-0.2264376480112537 0.06605580297089472 0
-0.2419554260008448 0.05507211777121161 0
-0.1893561161135895 0.04556075345228123 0
-0.1599356567921141 0.0450018261144295 0
-0.1332483596154928 0.07233036461608726 0
-0.1263412806410931 0.05711106430544041 0
-0.1365461040599736 0.04072675462710913 0
-0.4045542379995203 0.02971677625105481 0
0.2749999999999996 -0.02850533774094876 0
0.2790680989802862 -0.03692187936865341 0
0.5149794401065595 -0.02864838377783192 0
0.5198487759028726 -0.0370089577713422 0
0.5097536845363274 -0.03739228502535213 0
0.5158201223805364 -0.04626042958707233 0
0.5029486917730255 -0.0471523751207065 0
0.5117997355472971 -0.06037931859087356 0
0.490550279359531 -0.06098894842051305 0
0.4903282087806731 -0.0441810838575007 0
0.4673584881795267 -0.04672928921265398 0
-0.5649452284763469 -0.02862863168391866 0
-0.5697702393233105 -0.03718785568715165 0
-0.5599525779666109 -0.03729312895194576 0
-0.5499920963277691 -0.03702676805268092 0
-0.564219450468828 -0.04730617812805653 0
-8.9161168372441 0.4909585100835296 0
-9.005075220305683 0.9841102394948177 0
-8.590805152069246 1.281919570462786 0
0.2250000000000002 0.02866025403784437 0
0.2200000000000002 0.03732050807568876 0
0.2300000000000002 0.03732050807568861 0
0.2098130873776754 0.03742842212850287 0
0.2157064318802691 0.04708326327298048 0
0.2035853081552492 0.04792380722845729 0
0.2089564760990402 0.05834154941136271 0
0.115080705213523 -0.02868645607913957 0
0.1200134508689207 -0.03693940431184179 0
-0.145472563971387 0.02833741469322341 0
-0.15103806233573 0.03666472777079346 0
-0.1750000000000001 0.02862134412611466 0
-0.6950000000000008 -0.02864258493634075 0
-0.7000000000000001 -0.03732050807568824 0
-0.5250000000000011 -0.02866025403784414 0
-0.520174480306441 -0.03762271683136195 0
-0.5100290800510746 -0.03718440296250047 0
-0.5140530143621967 -0.0452319036931672 0
-0.500000000000001 -0.03732050807568915 0
-0.384982796216128 -0.02865470629651952 0
-0.3799933352956729 -0.0373217758860966 0
-0.369490682644892 -0.03729566029275854 0
-0.3756441741822844 -0.04494742198830284 0
-0.3643719592812803 -0.04671160111256744 0
-0.3594954514909985 -0.03681868959984189 0
-0.3519865975873004 -0.04622370063397201 0
-0.3601417016716928 -0.05964590957924631 0
-0.3428040513189284 -0.05648164981796605 0
-0.335313311804012 -0.04374650507757751 0
-0.3266781197843071 -0.05527450395322419 0
-0.321841173909972 -0.04141539742521359 0
-0.3122945411705081 -0.0530742752257722 0
-0.330064724197571 -0.03228652979307309 0
-0.3178384921799717 -0.07119343221589081 0
-0.3092974257094128 -0.03993099947283638 0
-0.2980512543029173 -0.04816325432481639 0
-0.3648272249489661 -0.02842426750223415 0
0.3149964675006919 0.02866229352727105 0
0.3102049351500755 0.03744358624841337 0
0.2995415644314952 0.0373221404958542 0
0.3039725086643291 0.04521368380275316 0
0.3159548720381977 0.04838663275539722 0
0.2935965054293476 0.04678765403312853 0
0.3008109100188887 0.05635453432563466 0
0.2890543753124885 0.03728251207940731 0
0.2799805577925255 0.04585394609070438 0
0.3143646718967159 0.06728242507193428 0
0.3313033376074063 0.05555792999431954 0
0.3299845950884682 0.04308932477298426 0
0.34326516408133 0.04741922081353953 0
0.3456526411826883 0.0628619009584908 0
0.3591942272231293 0.0507039026795117 0
0.3621372512447028 0.06562382942664596 0
0.3789223386470326 0.05616293189739605 0
0.3776837020021674 0.07898557726531096 0
0.4003670879180681 0.06078611615492938 0
0.4034731218395656 0.09051934530716606 0
0.4234844126457109 0.06674474774223108 0
0.4172331218781418 0.04920353308539618 0
0.4400988925662208 0.05410920932647915 0
0.4472175419077573 0.07165001581378318 0
0.4581988939537266 0.0550677333804666 0
0.3984717904499094 0.04523439611588195 0
0.4112557366259718 0.0362190686609399 0
0.4322519677290014 0.093530684975468 0
0.3519949548919514 0.03811072454901042 0
0.448609588598571 0.04409143788839787 0
0.4651528066385853 0.04302742282032398 0
0.4731794558948033 0.05306803372280147 0
0.4950231796931674 0.02867363683993394 0
0.437059569740828 0.04090550419001228 0
0.4458941801689711 0.03403854086442373 0
0.410662375205298 0.1189392293902001 0
0.3711787049051978 0.04226517406572452 0
0.3851546202121709 0.0441791500836876 0
0.3793983008452522 0.03319455821718929 0
0.2947939924771263 0.02857579468849264 0
-1.864999999999998 0.02858339878813344 0
-1.86972054619307 0.03782024467323028 0
-1.879959838305277 0.03740735683168767 0
1.178942252448179 -8.184346331730456 0
-0.1153630967777414 0.02842330607282998 0
-0.1205334916505712 0.03718142771741332 0
-0.108889101536281 0.03622339624131168 0
-0.2250259600864341 0.02868123732589141 0
0.2450000000000003 -0.02850527980015363 0
0.2492847570150661 -0.0369120354146367 0
0.2606155584827973 -0.03687961997462724 0
0.4449999999999998 -0.0286602540378444 0
0.4497600376507029 -0.03745905040265107 0
0.4603530876383718 -0.03732882731599946 0
0.4555910532675517 -0.04708297434134037 0
0.4430461231936216 -0.04859743655531833 0
0.45179398583762 -0.05759823948650718 0
0.4398134490513878 -0.03743818744823324 0
0.4299999999999998 -0.03732050807568901 0
-0.2150000000000002 -0.02866025403784439 0
-0.2091910132790869 -0.03810707799897652 0
-0.1998651688798477 -0.03745160306290299 0
-0.2034574659762076 -0.04625215304738968 0
-0.3450035015252487 0.02866227564438927 0
-0.3500040851127903 0.03732286661665761 0
-0.3604889997930042 0.03729917890789466 0
-0.3546865402838931 0.04778855701453733 0
-0.366179935561385 0.04726672770502145 0
-0.3709105610503948 0.03736109294014916 0
-0.375391615209749 0.04500682189053971 0
-0.3652051311638546 0.02858208390826428 0
0.3849999999999996 -0.02866025403784404 0
0.4249999999999995 -0.02866025403784452 0
0.4201473033223512 -0.03757564491412659 0
0.4098006808512168 -0.03749228211510036 0
0.4144255818470148 -0.04634959754842612 0
0.4040004918367119 -0.04722104121699383 0
0.6149999999999997 -0.02866025403784476 0
0.6100698954874476 -0.03633680099336815 0
0.6200000000000002 -0.03732050807569024 0
0.289844737991677 -0.03725410161298098 0
-0.1355515085707141 0.03002211958535763 0
0.1750000000000003 -0.02866025403784424 0
0.1700000000000008 -0.03732050807568835 0
0.160005994222906 -0.03603461015265528 0
-0.8250183138944233 -0.02862019174072266 0
-0.8297844594716093 -0.03744003566356963 0
-0.8401826694227333 -0.03746663397773579 0
-0.8359711518538496 -0.045240354738786 0
-0.8459959558111345 -0.04696828506502198 0
-0.8236884429352221 -0.04673798993793702 0
-0.8200000000000039 -0.03732050807569293 0
-0.1449591388517806 -0.03000644462188877 0
1.695437364632123 0.02851757441374578 0
0.4350000000000008 0.02866025403784418 0
0.3453324924819924 0.02850943909454281 0
0.1349379410963653 -0.02871466334005828 0
0.1750000000000003 0.0286602540378443 0
0.1700996992830967 0.03682968461277555 0
0.1797672474500757 0.03715677117032462 0
-1.665000000000008 -0.02866025403785457 0
-1.67000000000002 -0.0373205080756931 0
-1.659768418346734 -0.03745421180556118 0
-1.663701764998536 -0.04512562475934372 0
-1.682059141893152 -0.05731694154199485 0
-1.654778210744705 -0.04571551826292936 0
-1.661000012785569 -0.05837104846601401 0
-1.679777885743433 -0.03709463926005902 0
-1.638429846585541 -0.04762984597637365 0
-1.654961403057789 -0.02868253799282548 0
-1.649918005358206 -0.03706505547884142 0
1.095013799782091 0.0286522867299419 0
1.100000000000007 0.03732050807568921 0
1.085016099745773 0.028114105469439 0
-1.444999999999996 -0.02866025403782407 0
-1.224597200924564 -0.02838443759697615 0
-1.234464679836042 -0.029769041676722 0
-0.165 0.02830373819283705 0
-0.1691559427986857 0.03686434551312809 0
-1.634486986630374 0.02974309462921445 0
1.965035468506638 -0.02868073178969456 0
1.98502094667989 -0.02867234760911117 0
1.980003491113322 -0.03711534453185553 0
1.990345329783075 -0.0372760739228644 0
1.984051650814453 -0.04858215901993384 0
1.995987777193566 -0.04822230913702056 0
2.001594241227596 -0.03685465875755797 0
2.008650689122825 -0.04859126414595472 0
2.013286232206101 -0.03671412662571718 0
2.023460364449515 -0.04777176007916508 0
1.990557831217456 -0.06571994833239299 0
2.00668589208217 -0.02771232184852795 0
2.017101906174801 -0.0264426878577304 0
2.011082933823717 -0.01888285725472986 0
1.995251162920532 -0.02865118755631305 0
1.970000000000008 -0.03732050807569389 0
-0.5339460120508128 -4.60516251615004 0
-0.1650536157125526 -0.02855828163237981 0
2.553024243679815 -8.785930218537993 0
-0.2250000000000001 -0.02866025403784424 0
-0.2200000000000003 -0.03732050807568867 0
-3.594774770448357 7.126475360203832 0
1.514970075046682 0.03005646107742954 0
1.524999999999985 0.02866025403785663 0
0.4850414732509731 0.0286407703792611 0
0.4900028049486393 0.03732024339185514 0
0.5005208960936481 0.03730662170584007 0
0.4945603750261944 0.04764132973726126 0
0.5066614978364578 0.04749369293424397 0
0.5016075482438948 0.05877427786180673 0
0.5184278984104469 0.05879658887912605 0
0.5110627754138261 0.03744431925361193 0
0.5052047569214698 0.02863432447261404 0
0.4802693678171817 0.03691882407041457 0
-8.142484244076815 1.080960048343868 0
-7.741735443547316 1.377592671088061 0
0.5649964944654779 0.02866227795914485 0
0.5604230194537987 0.03777125822274656 0
0.5495815495672771 0.03737438750127172 0
0.5546362458526061 0.04520358556736164 0
0.543829390708275 0.04663967145260624 0
0.5391801979897519 0.03713341863151529 0
0.5303581353126533 0.04587594532718451 0
0.5381251562279654 0.05816225247833445 0
0.5313819773864829 0.07557006358855199 0
0.5180517888174144 0.04615528777329652 0
0.5447901190583171 0.02849634893082385 0
0.5696314724376026 0.03655275325881682 0
-0.4449755147060991 -0.0285032174370522 0
-0.439376038486135 -0.03651776814233746 0
-0.4250000000000004 -0.02824389547731334 0
-0.4195128936525938 -0.03866204280503261 0
-0.7149757147319925 -0.02849547235735487 0
-0.7194435615094447 -0.03696597578261557 0
-0.6450000000000017 -0.02849354237413136 0
-0.6407781453947302 -0.0374837176674381 0
-0.6296577668446685 -0.03857907090618155 0
-0.6374250171411797 -0.05143222533546687 0
-0.2849954983166713 -0.02865765498976234 0
-0.2799992497194457 -0.03732007490100826 0
-0.2698098756187081 -0.03743013204684738 0
-0.2757049374108107 -0.04710048117035239 0
-0.2646076676748357 -0.04707504651789633 0
-0.2713231459402022 -0.06057243917527275 0
-0.2854389520299535 -0.05721842697629913 0
-0.264968312603118 -0.02867852469970422 0
-0.2599999999999992 -0.03732050807568914 0
-0.2499999999999994 -0.03713210786653341 0
0.8450577236898525 0.0287024595595081 0
0.8389175842655577 0.03804031547646827 0
0.4644897640002406 0.03044520778114811 0
-3.259938858207489 4.145315429435913 0
6.29457690948654 -3.332201609300271 0
5.893043509776311 -3.629077777710744 0
5.836977813857475 -3.132231050039171 0
5.434870898835517 -3.429171463004198 0
0.2350000000000003 -0.02847945076053853 0
0.2309514236817327 -0.0369077305747009 0
0.2200896247700797 -0.03717744638746675 0
0.115 0.02843155931525008 0
-0.1875791716783071 -3.811136454780478 0
-0.435316034444352 0.02846751342284148 0
-0.4405186306663151 0.038018657395757 0
-0.424989541727238 0.0300247510954468 0
-7.272170926961933 4.952364620600375 0
2.777217391645821 8.64682732412771 0
5.119888768716801 7.092420111108095 0
4.664251405898981 7.298420267467217 0
5.06716454381697 7.596376749841916 0
4.616523380247659 7.785893380261037 0
5.081849577845559 8.055191488166336 0
0.09133974596215556 -0.005000000000000024 0
0.08292416741143886 1.849806554229127e-17 0
0.08310635120653094 0.009899521696415713 0
0.082679491924311 -0.009999999999999997 0
3.055176049434065 6.112495971559253 0
1.155040428578243 -0.02868359548837677 0
1.159999999999999 -0.03732050807568797 0
0.2550000000000004 0.02866025403784419 0
0.2500000000000002 0.03732050807568851 0
0.2601881879234798 0.03742915842396743 0
0.2542335821504071 0.04712623846256631 0
0.2664359917665797 0.04767571477779897 0
0.2049688478962793 0.02866237019779587 0
0.1992929208823372 0.03754704479564679 0
0.1930613247196759 0.04612785124561509 0
-1.095240784359425 -0.02848143018002344 0
-1.584999999999994 0.02864678405217286 0
0.68427669738095 -0.02982028133376327 0
1.926580008815054 -7.095494402117385 0
-0.1949775281466413 -0.02868210320237996 0
0.2949747611055061 -0.02864955470524626 0
0.2939746647505392 -0.04829588266594238 0
0.6251299986941352 0.02847696973284938 0
-7.104720366106849 3.461740445914806 0
-6.646505827686403 3.261641904396563 0
-6.702322522990389 3.758516418331941 0
-7.560961447080491 3.657183240548425 0
-7.961901507994027 3.358760660101022 0
-4.948641145559651 -4.094801628785012 0
-4.490426574719546 -4.294900122268685 0
0.7768174828744614 -8.480986048228452 0
0.8646134518237157 -9.048329504758177 0
-7.228033798788119 0.6805906458035605 0
3.744693482128105 7.697172043581867 0
1.099436551207145 4.13273008454896 0
-0.2528867013398509 -7.089703645295096 0
-0.3095954641109361 -6.592484715559563 0
0.9873707670093095 5.125490034531353 0
0.9315539362402128 5.62236477794297 0
0.1251703216408877 0.02844740324978583 0
5.290431921870723 5.608877902090457 0
-6.244105138165217 3.558414084566424 0
-6.614061174265324 -4.785059914329954 0
-7.016448461191009 -5.081812229062673 0
-7.446998202008516 -4.875910104161076 0
-7.392659159694721 -5.430211405917672 0
-6.914051179426182 -5.587241937761445 0
-6.548320987738371 -5.283365242693034 0
-6.098048813264589 -5.482470910957939 0
1.725024338257394 0.02862700915564746 0
1.720000000000002 0.03732050807568844 0
4.350150688304336 -1.538838579908751 0
-3.371507392044047 5.138976508602166 0
-0.8454874966075083 5.925884053431774 0
5.903163549350912 0.145842721898833 0
1.333951766773121 5.919141235085136 0
-0.3872729509699381 5.7257855022972 0
0.01512475062812128 6.022561664185744 0
8.815008571248834 -2.001269826569263 0
9.117875175925171 -1.729804950988379 0
-2.259586179924189 -8.565272611411277 0
0.1490218112489351 -6.792581406417433 0
-3.05996543869826 -5.392068968442212 0
5.256786464477535 -5.713525656116419 0
5.312827820156579 -6.210375096428511 0
4.910564258951316 -6.507333050886354 0
5.368869176506339 -6.707224536708621 0
4.966605614210823 -7.004182491313617 0
5.770663513015335 -6.409630963395415 0
5.8291130474913 -6.931443822897261 0
5.715013180341342 -5.913311205107132 0
6.117341914474623 -5.616441530667423 0
6.172833664611747 -6.112546473589043 0
6.575563917476134 -5.816220704667266 0
6.51960034775088 -5.319476628046091 0
6.961593958966196 -5.497272587149078 0
6.63170121416161 -6.313200113884139 0
6.919157468139167 -5.018852488319914 0
7.36037374876346 -5.195595464202878 0
7.320389327765294 -4.720496974838044 0
7.782450548286155 -4.925476809326677 0
7.774522647108493 -4.446643858543945 0
8.214994447850467 -4.183034839383917 0
7.700793452964565 -3.877835381625483 0
8.187909458913735 -3.674362831976792 0
7.837138194178022 -3.360664303303976 0
8.254635394355086 -3.221727350275149 0
8.680334035782087 -3.887584529975944 0
7.789798873318857 -5.470724522352964 0
7.278582446320962 -4.222099335142228 0
5.427763658606762 -7.218037040200295 0
5.034758058819702 -7.531354168768718 0
4.566360568377688 -7.306194151892663 0
4.63858835965847 -7.828100009926835 0
5.892388603252324 -7.488243057696454 0
6.46312003143448 -4.822032558999664 0
-4.522882401358041 3.751771645418939 0
-4.064601738316337 3.551583552316171 0
1.043260851283857 4.62878303757029 0
-0.295 0.02866025403784435 0
-0.29 0.03732050807568873 0
-0.3 0.03732050807568888 0
-0.2800624845670283 0.03735589822001189 0
0.5453731232206273 -0.02830937822758489 0
0.5352913911699838 -0.02829046577776626 0
-2.008817466285608 0.01451576871886215 0
-2.017400130300332 0.01001182125821475 0
-2.017333778446481 1.970209714659126e-06 0
-2.027295345943803 0.004218704770172115 0
-2.027159161112288 0.01576842391281505 0
-2.041346357411851 0.01088984504579864 0
1.557693919542008 3.932729595007896 0
1.166501013983313 7.409764868829528 0
-5.204365574184728 5.939370712570282 0
-5.66258011822273 6.139469261567209 0
0.1298536352349086 -0.0372913097804977 0
-2.008662465766311 -0.004999671631714375 0
-0.9849999646087694 -0.02866019594629619 0
-0.5850643662815835 -0.02998471884506087 0
-0.4845795366804401 0.02828453341740948 0
0.7551107718047264 -0.028815240911214 0
0.9749999999999971 -0.02866025403784318 0
2.008643898638508 0.005028328382627963 0
2.017320508075666 1.545638051941856e-14 0
-4.199693793670176 -3.004445465216759 0
-7.339612241040649 1.67434448938741 0
7.624300126711711 0.3399748665431337 0
1.982636627125443 -7.592339850412706 0
7.178639223098295 4.310537919480745 0
7.570525098183036 4.579189760758441 0
7.582290204871314 5.089672594306558 0
-1.873550276450748 7.31983058062718 0
-1.471152575091572 7.616606741968703 0
4.473736276528054 1.241435750539089 0
-7.865378747814071 -1.403585710737874 0
-8.267776448667254 -1.700361872784792 0
-8.211959603532042 -2.197236585163084 0
-8.661331336803244 -2.009127971821183 0
-8.702574406210825 -1.512779985555507 0
-8.595294345315462 -2.479651909394632 0
-8.991190231493327 -2.302327854589484 0
-8.319690529050764 -1.20557327089969 0
-8.75429189697604 -1.002401358863192 0
-0.1805853431520459 0.03696854935225827 0
0.1108220583337794 0.03719510154783316 0
0.2400000000000002 0.03732050807568856 0
0.2500719191819868 7.809961963023946 0
4.708890671428889 3.027899366043754 0
4.764275656386292 2.531343321602332 0
7.568259067570213 0.8368250065310191 0
3.859971440572971 6.706048267726019 0
-6.546551955107973 -1.507006649388492 0
-6.088337408574428 -1.707105198377979 0
-6.144111239059572 -1.210235472767706 0
-5.685870229838783 -1.410378484146319 0
-2.857590829634618 4.442229808553482 0
-2.980041895989042 2.141405300012061 0
-1.974356176120628 -7.283553958486893 0
-2.433152052482235 -7.083186232701706 0
-0.4049061553620051 -0.02815142153856565 0
4.015684215941361 1.440746399739718 0
1.764966060155279 0.02867984921632548 0
1.674994413373146 0.02800336640130392 0
-2.087531222681342 -6.289078414419281 0
-1.706099743611264 5.829206443208768 0
4.752414250388564 -1.241880613273093 0
6.43002043182746 3.221860028055149 0
-7.642111374129009 -3.391084575952502 0
-8.083959018607889 -3.189147424206292 0
-8.035171157386266 -3.686811748144552 0
-7.967913489669461 -4.179745393651966 0
0.1849612079083461 0.02852187794499448 0
-2.802763508112951 3.946888695953168 0
0.2050000000000001 -0.02866025403784428 0
0.2000000000000001 -0.03711463865662259 0
-0.5449986827212955 -0.02861129736734343 0
-0.5399999999999993 -0.03732050807569035 0
0.1900568394009552 -0.03698551504576508 0
-4.187982587446655 0.7705250389810504 0
-3.81189281662313 1.524486925067026 0
-4.869322824298632 2.957933182238789 0
-5.351041368332563 -4.39158356582355 0
0.09125367692808703 0.01449902233493204 0
-0.3046736761740723 -0.02909239796335646 0
1.122202823834279 -7.689089607889546 0
-6.188277211370746 3.06152461965028 0
3.757734053477859 -7.892237614261006 0
3.819362434336961 -8.374559554207357 0
3.428526257360484 -8.660854203004922 0
2.764414498766902 4.821976023418193 0
3.16681030159234 5.118747837223116 0
3.222629752520438 4.62187909382978 0
3.110993068199427 5.615621658648609 0
-4.343753328886971 6.036048325047785 0
-4.287936484607013 5.539173612575294 0
-4.690334169873303 5.242397429787985 0
3.647731440202414 -6.901357563026768 0
5.679903521250523 2.132535547639952 0
-1.705000000000003 0.02831500139033584 0
0.6450126074232706 0.02861591601091434 0
0.2350000000000003 0.02866025403784431 0
-5.159805569424168 1.667123514257779 0
-5.618402323670925 1.867645128839033 0
-3.606441949458129 3.351559195985666 0
-3.662334085593422 3.848535950957884 0
0.3177028180703101 -8.282950999590275 0
-4.466963364873325 3.254759003846612 0
-5.28301699577694 -1.113855776361891 0
2.328847064878782 -6.798533984238237 0
3.043503652900643 2.337613756741885 0
-4.981095887054975 3.951868784014985 0
-7.753745057788055 -2.397335136050935 0
2.876133324166525 3.828421557097836 0
3.334300064216007 3.628213533827156 0
6.238351563992821 -2.835380243857418 0
5.780892160544737 -2.6353952528954 0
-4.014092212810188 -8.264919309787274 0
-0.09133974596215562 0.005000000000000009 0
0.6409961599503872 4.332311461784993 0
2.65277865826085 5.815720520526321 0
7.859132182004537 2.127173329906154 0
-5.506617341057329 0.8739642513853954 0
-1.012938029425902 7.41650819089847 0
-4.410294457026679 2.756734732812382 0
4.027421977928331 5.215424140648712 0
-7.977012438067274 -0.4098362859440835 0
6.639303789042216 -2.53877828343469 0
2.131452250558123 2.747835523027213 0
2.174132982320439 2.258670907622352 0
-2.443398510650475 8.513678556701665 0
-2.026316856990205 8.798404146648402 0
-1.579486607499659 8.609644707463167 0
-1.63117884651728 9.108749352417618 0
-0.195 0.02838788465573701 0
-0.1993107713954847 0.03723212112146248 0
2.384896610317313 -7.295382594286467 0
-5.392981993842369 -0.1196933415560131 0
-0.09133974596215561 -0.004999999999999971 0
-0.08267949192431123 3.646184949606712e-17 0
-0.3149660601552882 0.02867984921632482 0
0.4049667801418689 -0.02868888304441298 0
0.4849999999999998 -0.02839265908441265 0
4.1390558631971 4.221675166156011 0
-0.08269247527900503 -0.00993871559623789 0
6.595638042145112 1.733416737142934 0
5.860280696085527 4.415031162620465 0
5.402065716012843 4.615128718922803 0
-1.538649210771513 4.338582305790974 0
5.500921828619556 -0.1511518567154136 0
-0.1750089359520923 -0.02864325863693357 0
-0.1795562121357042 -0.03817023029966209 0
-0.1723283368621319 -0.05109609085828495 0
-0.1700000000000002 -0.03732050807568873 0
4.306400303831064 2.731156456070183 0
0.03611631050356633 -5.798839629346035 0
-3.136560224809099 6.926376809073128 0
-5.953343825768258 4.848943268525173 0
5.445092593516486 0.3457149974030338 0
7.165995505783784 0.5398670128579363 0
2.641084655487429 2.046388384892268 0
5.84716117761081 0.6426889623825179 0
5.088662415293184 -4.222977309737606 0
-5.171961292079998 -2.10752529120649 0
4.920538339811544 -2.732428937391767 0
3.278468081022029 4.125053579029112 0
-6.590682351186685 2.764758367658158 0
5.692829623205847 5.905654063376916 0
-6.32328546853207 -3.494507545789904 0
-0.23 0.03732050807568838 0
5.457883097685608 4.118255237049907 0
0.8757370569161858 6.1192394101665 0
3.077340054661595 -5.707767667047983 0
-1.001332362907552 -8.180497210402375 0
-0.6780369637729708 4.435259916002028 0
2.082930122070232 7.009567805058432 0
1.445600761254813 4.925426859849149 0
7.955289164421111 -2.633508764826125 0
4.452259215556671 -6.307441579721642 0
-7.521168033121655 -4.380205317208009 0
-0.08267949192431126 0.00999999999999999 0
1.580532294484673 -7.888927525092592 0
-4.434604775223682 -4.791763489235077 0
0.1101558878208948 -0.03795090217148799 0
6.540142258249931 2.2296600912976 0
-6.658179818992926 -0.5132577839398956 0
8.135914459581564 3.411845571230143 0
-0.6750000000000012 -0.02835918959217596 0
1.275272937854246 0.02824639122437434 0
-0.09133974596215559 0.03499999999999982 0
-0.09425387329020636 0.0461169776160437 0
-0.08403117128032594 0.05779561203375207 0
8.803100767908431 1.232407198618473 0
2.186903125979647 1.720185478524738 0
-3.192377069089064 7.423251521545625 0
-7.907974059261663 2.865822733140648 0
-8.342954986424171 3.033213429839639 0
-1.184999999999998 0.02866025403784653 0
1.424928274485216 -0.02833428540733973 0
1.429634679531276 -0.03750665292519701 0
1.414980526835232 -0.02809096319554897 0
7.076072690677349 5.293292472246414 0
-1.169747455651172 -6.689768422645365 0
-1.244999999999993 0.02866025403784385 0
1.905012459252359 -0.02807384892236444 0
1.900828016597912 -0.03690538871520511 0
-1.136251509412226 4.635358467132749 0
-1.526408307594434 8.11334773374575 0
1.485072141148287 -0.02839305693426177 0
1.624759241839792 -0.03032374426093434 0
5.804463433656536 4.911904917554965 0
7.389945436384805 -1.447909404869348 0
-0.04069209343643985 6.519436377151489 0
-6.020829927116718 1.570905476941649 0
-5.908983840901777 0.5771907777025362 0
-1.594503549000436 4.835560521409351 0
0.2099818415261694 -0.03696839006506832 0
0.9697200462768981 -0.03732608245874399 0
-0.5050041379619933 -0.02863797902806213 0
4.508637050309465 -6.805133297387737 0
6.061232209507315 -5.119499497121106 0
-0.9440082877824997 -8.680907144552348 0
3.68084601925376 4.421784483908698 0
-1.068650186002339 7.913345472442572 0
5.748646491330279 5.408779405506913 0
-0.8450304449037899 -0.02868460835485217 0
-0.7749949260026453 -0.02865681801162737 0
-0.7802421006113182 -0.03738934345685635 0
0.7349764844336655 0.0282335333519515 0
0.7396769040709278 0.0383846080977672 0
6.104164918869023 6.20771396962985 0
-4.50429101954804 7.51729936527969 0
-4.104207824491131 7.817213757170865 0
-4.591162951068106 7.979154988235476 0
-4.156281667117641 8.313423195000608 0
-6.009160897314172 5.345818283832555 0
-0.2400000000000001 0.03709046703364542 0
-3.646379029902267 7.61763824446505 0
-0.3945851693882804 0.02859088098343057 0
-0.3900021642582424 0.03714942967454467 0
-1.605000000000001 0.0286602540378269 0
1.765024583416504 -0.02877245681559033 0
1.769963074841143 -0.03755516661094688 0
1.759895472552023 -0.03765193420049701 0
-8.376966345116251 -0.7065387200163294 0
0.1303683693120161 8.784947674858458 0
-4.746151025617086 5.739272157537216 0
2.485327807801039 7.306343930611858 0
-6.064977803478013 5.842693078766612 0
-0.31 0.03732050807568865 0
0.3249994112501158 0.02802743581010304 0
0.3207309858366133 0.03682127213449699 0
0.265000000000001 0.02866025403784361 0
-1.795021669396864 -0.02862361452314324 0
-1.789364992311162 -0.0371043339248047 0
-1.79989789344371 -0.03727843972167252 0
-1.793516257185648 -0.0464626669205126 0
1.905000000000007 0.0286602540378382 0
1.900000000000016 0.03726729488482954 0
1.909510956059951 0.03820126437963457 0
1.494993555100161 0.02844423874601033 0
0.505 -0.02866025403784427 0
0.5949999999999994 -0.02866025403784466 0
0.5902711401904981 -0.03737608697813525 0
0.6006222240015454 -0.03758811554686634 0
-8.156142758369134 -2.694111297480676 0
3.625025009540612 4.918649657771028 0
-0.5850000000000007 0.02866025403784519 0
-0.5902688290355441 0.03731681048148352 0
3.513390616347553 5.912397469145361 0
2.027113262794809 7.506442483192155 0
-2.455238901379761 4.739132509813828 0
-0.275047422158102 0.0286875190107116 0
-5.562486953351264 1.370737021685513 0
-0.1152330192817163 -0.02861620647685883 0
-0.1199999999999999 -0.03732050807568896 0
-4.232119619857499 5.042298872824921 0
-2.164314289250469 6.029304994339581 0
0.2651025930804661 -0.02840603700795595 0
-1.124999999999997 0.02830037091164555 0
-2.834813604503144 -7.380435934358253 0
-2.052751110186136 5.035735173357954 0
0.07094159470666261 5.525686951252013 0
-2.108509196553201 5.532460215860763 0
-3.427324237394391 5.635851222501069 0
-5.259887620067501 6.436036884219854 0
-5.712688392709127 6.629973834605143 0
-0.1898998181936989 -0.03748761913830898 0
1.935010679359166 -0.02865408830695596 0
1.930075263307249 -0.03725743872818888 0
3.569207520527946 5.415522893841517 0
4.106429429266609 -7.102231647374992 0
2.958793951739969 -8.490929806117801 0
-2.913292847689278 4.938877959183139 0
0.1800663126344478 -0.03752221419054019 0
0.1750000000000001 -0.04788389250118317 0
3.915788290329278 6.209173567794051 0
4.162078491250965 -7.598098400319114 0
-0.8050234424084454 0.02779851845754876 0
-1.303702042247832 6.125982604560029 0
-0.8259351878815187 0.03049513858069307 0
-3.829721934379684 5.339075055330465 0
-0.2904761552732023 -0.03766555807053568 0
-1.339999999999998 0.0373205080756885 0
-1.329999999999998 0.03732050807568767 0
-1.869999999999992 -0.03732050807568783 0
0.4733393145756185 5.822463154979888 0
-6.11525984130103 6.332291515460096 0
-6.545234408738637 6.510133586521931 0
0.6345937676618661 -0.02833683653196295 0
1.585048149847593 -0.02819265296676436 0
-1.074999999999993 0.02866025403783881 0
0.7051185446853189 -0.02884659276592087 0
0.6999123970973369 -0.03708085677776977 0
0.715063186670073 -0.02913986370653157 0
-1.495000000000005 0.02866025403784378 0
-1.500000000000009 0.03732050807568349 0
-1.489817805646787 0.03810882082400149 0
-0.2450000000000001 0.02861559376324571 0
0.3549999999999998 -0.02866025403784421 0
0.3497153828900443 -0.03732167987779255 0
-1.354999137812963 -0.02862425473472931 0
1.568916544010728 7.706516853068027 0
4.262283235219866 7.002627707477551 0
0.2702472802427986 0.03736435607712484 0
-0.2297183688146186 -0.03762939762774335 0
4.15867083094581 8.052465250844108 0
4.318171669037112 6.505916931061135 0
0.9049999999999984 -0.02813844198641295 0
1.214988456113932 -0.02850383110295734 0
1.217935017941727 -0.03735487581453292 0
1.230426970417675 -0.05035718694429919 0
-1.884657008768413 -0.03029966483117064 0
7.033964776054372 -6.016242159329419 0
-0.8649615507888121 -0.02868245270027405 0
-0.859999999999997 -0.03732050807568889 0
0.652318816800885 8.106304314851773 0
1.379996429883537 0.03728001531551928 0
1.386017321365209 0.04829550255677733 0
0.9016701447635965 -0.03670787663032952 0
-1.365036711714776 0.02868144955625447 0
-1.369216981148021 0.03542050289451268 0
-1.294977512064427 -0.02862231159438277 0
-1.290197458575188 -0.03743035099925775 0
-1.280032909762533 -0.03733881522962109 0
-1.284789918673066 -0.04726617361972916 0
-1.296552013938972 -0.04732635252636908 0
-1.292119588034835 -0.06022211659562729 0
-1.275005484960422 -0.02866330523016769 0
-1.27000639912049 -0.03732406780007067 0
-1.259778504769224 -0.03688829274799049 0
-0.9450000000000022 -0.02866025403784454 0
-0.9400000000000023 -0.03785152819027755 0
-0.9294976505507027 -0.03875903374376236 0
-0.9357595221843314 -0.050312146677605 0
-0.9248769060126861 -0.02894402987919223 0
0.8049999999999996 0.0286602540378469 0
-0.6585074018444491 0.03628598351499667 0
-1.229715726002502 0.03796816162397485 0
4.208429488387549 7.506583604815946 0
0.5939025226388157 8.597071932631618 0
0.5059983504864591 9.150842862786869 0
0.9432336330637549 9.397263710018358 0
-0.9600000000000036 -0.03732050807568877 0
-0.950000000000003 -0.03740901142812084 0
-8.579251046192145 -2.990722787601534 0
1.110529030761393 7.906105260473014 0
-0.239953061469103 -0.03734058963283825 0
-0.2355018898262334 -0.04730487384785031 0
-1.484969518330909 0.02879170643594045 0
0.4650588479397286 -0.02849886063652044 0
1.355000631719207 -0.02866061876109652 0
1.350000027406957 -0.03721374737885279 0
1.834999999999998 0.02866025403784696 0
1.829999999999987 0.03732050807568731 0
1.819999999999997 0.03732050807567364 0
1.82600821352481 0.04785242682694942 0
1.840006377506572 0.03732419013082017 0
1.374997699950918 0.02865264368663233 0
0.3899999999999992 -0.03710449726785716 0
0.3850000000000007 -0.04598076211353239 0
0.3999999999999988 -0.03732050807568931 0
0.629969237260667 -0.03718532463481709 0
0.4988384308483373 -0.03698345268306397 0
1.114893010228903 0.02853769664074115 0
-0.6550000000000014 -0.02842274789032174 0
-0.6603491451256215 -0.03839873972006846 0
0.9050000000000009 0.02844465390443726 0
-0.2449921769115172 -0.02863220092917668 0
1.890000000000009 0.03727488743519567 0
1.896073496154955 0.04470305034570008 0
-1.325000000000004 0.02866025403783372 0
0.975 0.02865056148116863 0
0.9703285802980034 0.03799775380007122 0
1.236253829770854 -0.0300736271598295 0
-1.145 -0.02846586086215771 0
-1.204968500631185 0.0286770665524053 0
-1.199606271278966 0.03750363577123149 0
-1.189934378546494 0.03716347250546144 0
1.785174807799786 -0.02944410084674798 0
-1.376739430673672 0.04003620676315858 0
-1.044999890231794 0.02861787027903683 0
0.7600555100683446 -0.03699710280137173 0
0.7699999999999924 -0.03732050807569435 0
-0.624892756454135 -0.02892781839042754 0
-0.5599999999999989 0.03732050807568824 0
1.574903694659684 0.02888949087651229 0
1.294999999999999 0.02860755916152895 0
1.300230381551494 0.03713354770868579 0
1.310038396925245 0.03728934801452286 0
1.314995838159467 0.02864908141568433 0
1.319999999999994 0.03732050807569903 0
1.316233770571754 0.04503472656085238 0
1.169999999999995 -0.03732050807568336 0
-1.634999999999998 -0.02866025403784927 0
-1.384999999999993 0.02866025403783736 0
1.084971964604583 -0.02868300998734464 0
-1.565000000000003 0.02866025403784306 0
-1.560570746624828 0.03815899136792866 0
-0.5307335735386187 -0.03863713690620119 0
-1.425000000000003 -0.02842014934878314 0
-1.825280917039128 0.02906525113359041 0
1.339932208983817 -0.03723095381345731 0
-0.6910399484327513 -0.0390091362504754 0
-0.6800000000000023 -0.03732050807568923 0
1.045000000000001 0.02862560806357063 0
1.84502159391952 -0.02850506735013242 0
1.849498131511512 -0.03709594620516764 0
1.434984018310103 0.02858881459899778 0
-1.984999999999998 0.02866025403783842 0
-1.101503657187479 0.03669081484754001 0
-1.639999999999994 -0.03732050807570894 0
1.814999999999998 0.02866025403784487 0
-1.804986710299143 -0.02864720331663482 0
-0.7700647192751586 -0.0373218443181177 0
0.8850095473676481 0.02866845945131401 0
-0.3898664161575178 -0.03787049635010469 0
0.6400000000000055 0.03732050807568377 0
-1.149272546227414 -0.03731444468707789 0
-1.549341241045766 0.03806933173110014 0
-1.569964161270186 0.03614597048604935 0
1.64497386939035 0.02863943034228554 0
1.63917384353863 0.03717090080914933 0
-1.360000000000007 -0.03732050807569362 0
0.9550000000000022 0.02866025403784871 0
-0.8500000000000002 -0.03732050807568901 0
-1.479763724293253 -0.0376841607073262 0
1.845007440424337 0.02866454976883748 0
0.8900071421245486 0.03733292080685918 0
0.8854987030761994 0.04765742361275866 0
0.8768041808668582 0.06142394548989772 0
1.495012661495922 -0.02839054312789922 0
1.499182829548814 -0.03718981075570434 0
-1.069323094715822 0.03727127521382176 0
1.029999999999994 -0.03712872629274779 0
1.039999999999992 -0.03732050807569331 0
1.135024429314272 0.02809094178477528 0
1.114999999999998 -0.02862681341268565 0
-0.8849999999999989 0.02808905021105027 0
1.745000000000013 -0.02866025403783382 0
-1.51 -0.03732050807568629 0
1.360000000000004 -0.03732050807569354 0
-1.144984091461379 0.02864834381451382 0
-1.138879689858778 0.03711447860557877 0
1.029905055150761 0.03731146294914051 0
1.039619435725637 0.03761138946293333 0
-1.300251010028091 -0.03734808942581283 0
-1.725000096851639 0.0283395351873119 0
1.624853576510568 0.02840480444177092 0
1.110084314839404 -0.03729112049608291 0
-0.8500159760527937 0.0376488826931481 0
1.749956307677759 -0.03739623897340168 0
0.9004855339184517 0.03713587921125689 0
-1.239999999999989 0.03732050807569274 0
0.9599999999999964 0.03732050807569503 0
1.175000000000004 0.02862337319808314 0
1.080062205161873 -0.03722100033234536 0
-1.474960620715544 -0.02869787373912882 0
1.050480599407372 0.03718252644720602 0
-1.976245995050452 -0.03026164957529752 0
-1.969405269479428 -0.0373225579114358 0
-1.884999720323982 0.02867828815359687 0
-1.439514250868734 -0.03730080547136979 0
-1.564999305302192 -0.02866065512181609 0
-1.56999982452626 -0.03732060938550425 0
-1.565000000000005 -0.04598076211354042 0
-1.574595472670248 -0.05836357101574096 0
-1.580586252625436 -0.03703300285944106 0
-1.295000000000004 0.02866025403784036 0
1.109999999999998 0.03732050807567901 0
-1.410000000000001 -0.03732050807568112 0
-1.420715753095378 -0.03701593492310924 0
1.885000000000004 0.02861589882240512 0
1.18000477090969 0.03728561052514119 0
1.176000954181945 0.04451466673795836 0
-1.735000790955121 -0.02862904952221295 0
-1.579999999999997 0.03732050807565955 0
-1.590393607647314 0.03745880951403092 0
-1.729948496653476 -0.03706051594074782 0
1.914866591250843 0.02874410886817239 0
-1.684962980957239 -0.02850870629714086 0
-1.320000000000001 0.03725917959410271 0
-1.310220604987169 0.03790415220572931 0
-1.300257372485029 0.0383620529469722 0
-1.050715550249234 0.03698883927305508 0
-1.045212629155237 0.04624619468969672 0
-1.604984998344309 -0.02865019534721202 0
1.749716639747763 0.0377480197690948 0
1.759999999999971 0.03732050807570481 0
1.740000000000033 -0.03732050807566369 0
1.729176304168759 -0.03770976166969871 0
-1.599236362533801 -0.03726962766409433 0
-1.509882768972327 0.03776821638886087 0
-1.859043575109148 0.0370978567034572 0
3.255442251562157 -3.423411542228499 0
-3.57399720741256 -4.695095751729874 0
-3.518176380485737 -5.191962041544813 0
-6.434918684131447 -2.500757032026057 0
4.228093953293124 -4.320043771365891 0
-4.143852039203708 -3.501263132859135 0
-4.032210826248311 -4.494995517862244 0
-4.088029946569099 -3.998125742420982 0
-6.379102359035034 -2.997632936144118 0
-8.197808545202898 1.577756319018246 0
-5.630096292036742 -1.907296314311941 0
2.619015041430429 -5.50787876533411 0
-6.032520566117406 -2.203979908993289 0
4.284135293768793 -4.816893241995647 0
6.071277866409488 -1.344714843164286 0
7.27807481084716 -0.4538383234951709 0
3.423565907429214 -4.913959891155269 0
-0.5898754649558765 -4.108099837687703 0
5.725011922414454 -2.138534369226819 0
5.37881902870916 -2.932323664861847 0
3.479606482533143 -5.410809396492228 0
5.032618776202271 -3.726128110459832 0
8.909882358482642 0.2106495118042633 0
-3.808202396761259 -6.482566405109275 0
0.7849758549848845 -4.708436199508777 0
-3.751379181299002 -6.980621245265898 0
1.131709602563986 -3.914634149975439 0
1.278604388555489 0.03596876922908424 0
-2.892153503829843 -6.882535843294832 0
-2.031014798536118 -6.786267551626619 0
-3.439462034801602 -0.02521688544602946 0
-0.7682116212477669 -6.392416339709771 0
0.9534381085340918 -6.198951927312483 0
0.09259278971813681 -6.295717473923824 0
1.070415459538269 -0.03744197865164704 0
4.176493992084466 -0.05006207331228487 0
4.583731409483509 0.2478067582204075 0
4.98780465881389 0.5457667695934144 0
4.931757434086359 1.042516777023524 0
-4.266206344834793 -6.281939530609779 0
4.875666153883802 1.539094845308344 0
5.624676551044364 2.628503970782227 0
4.81964593763496 2.035029528133766 0
-1.069741914717921 -0.03692626367355054 0
5.222070234012885 2.331957161492741 0
6.082387676947543 2.429084287806775 0
6.888831766792656 3.022664227102727 0
6.485277217281839 2.725845268386014 0
7.345956477101036 2.822474614204289 0
7.803948496353935 2.623135094461254 0
8.195259381596884 2.918307618746014 0
1.293799954808707 -0.2403609705536627 0
-2.108045383572424 0.3079875570076106 0
-1.707039549758596 -0.08353747018553308 0
-0.7755783386001078 9.200637359472552 0
-0.3216757085636722 9.505597683764909 0
-5.788986636008381 7.097891425092389 0
6.224173642033612 -6.631203713291877 0
2.025749521200699 -0.03477618336437539 0
-6.364031834234243 -6.752335577017753 0
-6.865483350966375 -6.593843452386153 0
-0.1013961431669923 0.06133551992941264 0
1.518203741372726 -0.1033279767487182 0
0.8552906108307787 0.02872071529667096 0
0.6046253259992517 0.02967702832713079 0
0.2264271882398811 -0.04898864165704311 0
1.430583044444631 0.03789052546188213 0
1.800649125273953 8.98833696329215 0
-0.06524065618518507 -0.001635951027663166 0
-0.04241103954408329 -0.006575325112141502 0
-0.04350160328273569 -0.03162286134593104 0
-0.0115449901974636 -0.01791702260196572 0
-1.295000000000017 0.04771522305988039 0
1.18162496290436 -0.05843503163838082 0
-1.036905689768105 0.05426111042997273 0
1.404639632208864 -0.04308701616779829 0
2.120167826829382 0.5423610424808804 0
-1.271455615297858 1.512464331883641 0
1.27555065367561 -0.07171024076231547 0
-1.700601106398548 0.03735872686144812 0
-1.690209825535947 0.0374433877632709 0
1.349037179890626 0.2507376586621688 0
-2.236594705702744 -1.602929739100607 0
-0.7950337576551645 -0.02811624892498773 0
-0.7906465470736647 -0.03717561236837071 0
-0.2997484873155457 -0.03708961195413289 0
0.4052406031168311 0.02792421805324137 0
0.6557868157008443 0.1085488644052194 0
1.935068022955861 -0.04708857700046071 0
1.419687028791398 0.03740226646540756 0
0.2188690535913379 0.2646892621193496 0
-0.3736208997224177 0.05999146465374295 0
-0.5760892450670754 -0.04621482982026241 0
-1.245760278621171 0.04795250112634893 0
0.6936967457855442 -0.1286172036833466 0
2.036185348513655 0.0755041764274814 0
2.065372261606544 0.07139926169056061 0
1.804100492763286 0.04622822890789698 0
0.08404258111175616 0.07363234121165665 0
0.09604463729584471 0.1017824830881108 0
1.490804460974388 0.03735632384445189 0
-1.558882681109657 0.313908962341181 0
-1.465413434846575 0.4927079787990546 0
-3.907947365068738 -1.726346002608852 0
0.3475054961527098 0.08505407807104552 0
-1.100922381728843 -0.03677358028352474 0
1.124306096278924 -0.04752643419731392 0
1.166337930749853 -0.05957321384730375 0
-9.43295793004307 0.6540613867952914 0
-0.5017948669127956 0.1059970469822636 0
-0.5219540632239622 0.1525958552272878 0
1.90405260673086 -0.1535999057052374 0
1.835085500905647 -0.1847351907277479 0
1.905208288414235 -0.24900380877446 0
-1.609108333938983 0.03705925840571892 0
-9.457698339533218 1.211290807493081 0
-0.5151336000214095 0.02750008666504992 0
0.9543565363375258 0.04799485419524315 0
-0.3389235981549109 3.023712799092643 0
-1.371074844362503 0.2490488330895443 0
-1.264833506383088 0.2540665146032813 0
-1.153011061490499 0.3669581241048802 0
-1.007983288376666 0.3886799587136306 0
0.6546905693471964 -0.02895783565077603 0
-1.174999999999986 0.04598076211354212 0
0.5066864672805976 0.07504410558520749 0
-0.4552693034844039 0.0283367946687431 0
-0.4508188857506417 0.0377930427974513 0
-7.927079404985686 -4.707323844560694 0
-8.383839713049836 -4.480914169577353 0
-1.899779204739527 -0.0368702799881633 0
-1.220141816288464 -0.03736941942631036 0
-1.210000000000011 -0.03732050807569653 0
1.215997548422241 -0.2810331131145124 0
-8.884985016469903 -3.416493810877114 0
1.404839112323415 0.02847248290023313 0
-9.265964008918601 -0.2610114885290395 0
1.670710204560228 0.03677905008578915 0
1.004390518169405 -0.0463742767441381 0
2.172289233069108 -1.550971810990344 0
4.223243016368319 -8.096519572492133 0
2.009483220038831 0.0732583832192116 0
1.765528489315522 -0.04772427321773266 0
0.8339135373716026 -0.02775546551644662 0
-1.83099068115651 0.03643251864312198 0
-9.073135488306932 1.96976129637334 0
-9.190011165165462 2.488569725146827 0
-1.840131127205316 0.03707596796172814 0
0.8037247720418372 -0.02797974325506273 0
0.817892004977541 -0.0399515008858432 0
1.149007053297983 -0.05936638743306658 0
-1.651128345295453 -0.08277809809156786 0
8.512959452126003 3.693183493388597 0
8.523904869145396 4.229102190651928 0
1.149414496659468 0.05929396044550387 0
-0.5273511630980937 0.4297501483831944 0
-0.4527954985585325 0.6230398856745226 0
-0.06278896710107859 -0.03541543542949044 0
-0.02413176278105847 -0.05449753709912628 0
1.226897510887908 -0.09445540448947388 0
-0.8256880300808934 0.10074666873324 0
-8.448338808187795 3.525992734962286 0
-2.916893820145331 1.331936547257833 0
-1.95927587505007 0.03712077070218587 0
-0.8293818479218656 -0.1623659510534727 0
-0.7940965693038983 -0.1333721141506462 0
1.089648454123296 0.03714740991589923 0
-1.305408323579275 -0.05620818434143435 0
1.710008977626978 -0.03832228848696922 0
-1.91196580454411 3.080297334512228 0
1.684049437591056 0.07301690541007659 0
1.79071325354035 -0.03712051068758027 0
-8.947027416610947 3.457898463570579 0
1.174534948491994 -9.522877781305798 0
-7.531386948567929 5.887994379453879 0
-5.903169828752765 -7.564213082391302 0
9.069325909711198 3.034292203238553 0
0.7032147335484752 -9.548803531747868 0
-2.099704945489673 9.292519955412164 0
-7.575376516456816 -5.898753809951799 0
9.583933103434118 0.7461489476149351 0
-7.84045601326681 5.522672848863876 0
2.559118756212411 9.247466938276602 0
5.099264041665424 -8.060054533874892 0
7.844756471116857 5.52490085809573 0
4.681778071624313 -8.32718999634243 0
9.110757953663214 -3.00978788167532 0
8.747937613185858 -2.676157244119689 0
-8.574025856618388 4.313222729590262 0
-9.525776428284304 -1.139907876078319 0
8.097333049551647 5.135091612715128 0
-1.525117885592911 0.028469341697276 0
-2.039429894820092 0.02563853187711661 0
-1.856966096347303 -0.048436622455457 0
-1.866102651726813 -0.06254178847647827 0
-1.881235813016285 -0.07758911702535773 0
0.1298287325947124 0.03662506938658184 0
0.861213335604197 -1.376430295840122 0
0.4678690841799178 0.07096866485219902 0
-0.7696601455302857 0.1064578531820365 0
0.001860983598549409 -0.08800685015804174 0
0.2312338694473304 0.5812425538847855 0
-1.423053149321011 0.06003078310010822 0
9.190114146217361 1.480559431505148 0
-1.882103047387569 0.555126135182445 0
0.5266749759473146 -0.1090408315029332 0
1.264434491427865 0.09499168726238476 0
-1.284262828446543 0.1294507047130425 0
-1.719884404378563 0.03643970773372319 0
6.541092898298858 6.483952441807348 0
-1.005680204964859 -0.04676069549105043 0
0.2550905039486326 -0.04795014774253219 0
1.254925002780244 0.02968338791849561 0
-0.1155634115035826 0.05041729527298621 0
2.039003818812492 -0.05730432065205501 0
-0.04071216563668896 1.539163172482443 0
-1.325140210173097 0.04723937298462486 0
0.741255811260414 0.13441547064851 0
0.08323406356637826 0.01937767301319133 0
0.100476351728636 -0.03793347670279676 0
0.0914143271795939 -0.04622425820186479 0
0.07812830105945649 -0.051707711192711 0
-1.992493538302669 -0.03442399857274421 0
-1.989885480917299 -0.04303538943754514 0
-2.017106862420964 0.01954349001576433 0
0.481466415055359 -0.03664699814326682 0
2.119097586591561 -0.004376062340933848 0
-1.074335513026653 0.07853842938045474 0
0.8958987682588317 0.05695607236168369 0
-1.362045716817459 0.07858953174419313 0
-8.336728016827138 4.723267445752395 0
1.01465173810476 0.04864039718139417 0
1.415373657723552 0.02831596275302878 0
0.2255999932178158 0.05848375784074982 0
0.3550000000000006 0.02795527276195066 0
1.313834640487923 -0.07633754943500308 0
-3.493014044699373 -1.445862002051115 0
-1.811101148173936 -0.3164921180841656 0
1.235156424615391 0.02796009752870779 0
-3.012935018410964 -9.120284472531903 0
1.703223689541562 2.488407351436033 0
1.355968247999902 -0.05943603069495743 0
1.364475110899378 -0.0757122775978521 0
3.392522144857501 -0.6275543132568603 0
-0.8601777077710082 -9.184873267004875 0
-0.8097149133944898 -0.03697493981847061 0
1.634086639498296 1.546192275298252 0
-0.5834642055259698 0.1287758460858229 0
-5.878619459096448 7.56183826725553 0
-7.854055849248295 -5.531450219112519 0
0.8893063359863932 0.1022702110395096 0
-1.97815112881712 0.3807666533049818 0
0.5917777584100491 0.1800032258156947 0
-0.2324521583467121 0.2103694169481728 0
1.620115084482311 0.03688081270791511 0
5.509474189726977 7.359856863515652 0
1.227895197965209 -0.03944515821077713 0
0.1246350336649486 0.09162707348022735 0
-1.489049192398678 -0.2841696779116432 0
-1.431377144879501 -0.4976086813188298 0
-0.1102363530970292 -0.03572843923826734 0
-0.1087813142218013 -0.04623305456281717 0
-1.119842006812696 0.03623948437907139 0
8.022711167637762 4.369339157608199 0
-1.20080158321207 -0.0747184090590005 0
-1.985946522012388 0.0465163489506761 0
0.2846572234985745 0.0285288267976069 0
-1.93472686303869 -0.02847022111886941 0
1.664787861700431 0.08469391292435213 0
0.5347907029543313 0.02832965060807785 0
-3.052811434076874 -1.641979006237855 0
-0.3753368219144521 0.02854291976988801 0
1.155624575782068 0.1558629911688846 0
1.096152097338566 0.1572818477945608 0
-5.46695957299034 7.854761611950122 0
-1.775334542216234 -0.02853627515492489 0
-1.774999999999996 0.02779162146478369 0
1.765917093751669 -1.857056791758003 0
1.394864436520977 -0.02791725475066898 0
0.3353459809791068 -0.02852646662758724 0
-0.9349999999999997 0.02778351041912247 0
1.479999999999993 -0.03732050807569127 0
-0.1842813882611157 -0.04674126012709206 0
-0.3824768684468316 0.276531102295568 0
-1.010046058064447 -0.06288268787793166 0
2.117809841368424 9.333454075582718 0
-2.372119959663177 2.10780270243393 0
1.816985576678828 -0.1131552404888918 0
0.5152801922115587 0.02835868922610126 0
-5.924069224931261 -6.966401842809994 0
-0.5576835721820904 -0.1598142677292176 0
1.334713481388576 0.02843706174686537 0
6.99998700119679 -6.576594936887689 0
-1.401414356899594 -0.07726362105062572 0
0.2797620294607583 0.03549433182004419 0
-0.3807171986431016 0.03689648225260431 0
-1.314648368624917 -0.02853415170558643 0
-1.121905227699173 -0.1353945989283764 0
-1.124205301993265 -0.1957554859206366 0
0.7545153331105582 0.02832871890801593 0
0.1150000000000001 -0.04598076211353293 0
-1.780196468551466 -0.03536034181115765 0
-0.355000000000001 -0.02775784647918287 0
-1.625515009876674 -0.05064236924385747 0
-1.661468011747176 0.09470063280790145 0
-0.4794044766502115 0.03636570812385372 0
0.3402014718095133 -0.03546275042785857 0
-1.524641092158298 -0.02850593204211729 0
-1.050906442716218 -0.1875405445516698 0
1.705870241944722 0.02863033484354267 0
1.535135118052998 -0.02812753997605263 0
0.4082500256975308 0.3465893942128361 0
-6.176046986124581 6.799927241275254 0
1.325689508870557 0.04669780397952335 0
1.315711728876435 0.0555519621875229 0
1.315091319211386 0.07657828033713457 0
1.301319084678976 0.1068017675448297 0
-0.5255751930230892 -0.04880039562410092 0
1.329194045891445 0.0368551902541676 0
-1.309763608454129 -0.03551015333211672 0
-0.7164497798200179 0.06059357140363463 0
-0.6983150953095446 0.07531061380773617 0
-1.004641204181374 0.02852550146787198 0
-1.520007009031692 -0.03544389326828644 0
1.324438468441676 -0.101199017456812 0
2.528681499207694 -9.269941651898099 0
-1.425190589096408 0.02830153982957511 0
-0.9236653219049168 0.03930585330180127 0
0.5512137426054942 -0.0806863784707713 0
-1.024665819562149 -0.02821275097588476 0
-1.924623676484329 0.02823582839100415 0
0.234986584958905 0.04675302651603287 0
-0.7347155379911299 -0.02852231254584533 0
-0.6952158975924552 0.02829572939343539 0
0.695293688679364 0.02844409789088263 0
-0.9990963540177465 0.03719101282102353 0
-1.444527551015373 0.02866142646805883 0
-1.845278780131461 -0.02847295491126451 0
-0.3502062817501559 -0.0758475060511148 0
-0.4647028046375405 -0.0284410546391092 0
0.8599621490065229 0.0384037560882757 0
-3.46130965785205 -8.973107871686761 0
-0.7148794284451606 0.02788758257675771 0
-2.235413777009685 0.3304094455379389 0
-0.7293054459210508 -0.03685217742742375 0
-1.850879265817669 -0.03681286371917577 0
0.7811865343864655 -0.6043841003057892 0
-0.3998349492536565 -0.03710008965879525 0
-1.393772187609817 0.04836132460514266 0
0.7194351298215441 -0.03888387462145995 0
1.600311905623661 -0.03580984153382862 0
-1.019337217880665 -0.03600514757329781 0
-3.552045936398638 -8.461628126477221 0
2.017320508075697 0.02999999999999784 0
2.009239075812886 0.03400717749531076 0
-2.171231757958278 -0.06590548018727606 0
1.5337454004299 0.08540074606604431 0
1.557307114018818 0.117493124729576 0
0.4112947224949273 -0.05808416545798157 0
0.3943857144572231 -0.05878964694479009 0
0.4283952826588833 -0.05186156418478132 0
-0.8050000000000044 -0.02759865848888194 0
-2.025652217415973 -0.005153164932381982 0
0.2252586020113981 0.04539221275622811 0
2.029902853399633 0.02306919528215419 0
-1.185248725009341 0.04664680202512592 0
1.185247442440092 0.04617637347846241 0
1.179717582454487 0.05745011664416137 0
-1.164779432202621 0.04522510656806182 0
1.854439564858888 -0.04896790889827809 0
-0.2448967770002723 -0.04462471204239223 0
0.2447079367289853 0.04479042840139626 0
1.374162078234732 0.04735170370960363 0
1.37852205343385 0.06171805914063889 0
0.8752587830566442 0.04632626396110758 0
0.8956851726805982 0.04531839960498325 0
1.308528123143916 -1.649769848923344 0
-0.5724547647057807 -0.05723191921430799 0
-1.814499234215241 -0.04455304195207459 0
-0.2853404190041063 -0.04580320999074466 0
1.835210599202059 0.04574436066572359 0
1.815009243732 0.04686199575338589 0
1.821530638984061 0.06128340631218758 0
-1.475641796849062 0.04475061134468252 0
-0.04553538086431631 -0.08482304216616468 0
2.05531996918887 0.1034655513123465 0
0.2809461208235801 -0.0481990735982217 0
0.3066999459471575 -0.04778728670242183 0
0.3005471285180655 -0.06219699122365071 0
1.794740689868579 0.04429869263858211 0
-1.334594920099287 0.04520735930159101 0
-1.317283633417534 0.0603620287413899 0
0.274796124438018 0.06118832154690539 0
0.2588470693641461 0.06147103459666357 0
0.2901506526630139 0.07479194865193819 0
-1.703098948683612 -2.254840504709009 0
1.584889886575404 0.09092605060092447 0
1.919934157865251 -0.03662699928334473 0
0.7494900912636964 0.04476951979296301 0
0.3749999999999998 -0.0459807621135321 0
-0.1295201803647517 0.03642632840086835 0
9.092481605097836 -1.307718649088981 0
0.2857359242604831 0.1012354371618722 0
-0.2868889212669948 0.06090668086116851 0
-0.5550000000000014 -0.04598076211353538 0
1.545964317813369 -0.08615638508489369 0
-1.744999999999971 -0.04598076211353253 0
-1.035537298107643 0.04443858149384246 0
-9.038388824251243 1.486582197156209 0
0.5850057487491886 -0.05041476152038708 0
-1.275000000000007 -0.04598076211353946 0
-1.264366596103546 -0.04622602314841565 0
-2.017320508075676 -0.04000000000000969 0
-2.027060291836233 -0.01431247604158478 0
1.69539224388823 -0.02790707243441504 0
0.9948119515998965 -0.04469752591198317 0
-0.3347477010300552 0.04545480153309717 0
1.114012021839749 -0.05620468216673457 0
1.555867553461823 0.02743022609648232 0
-0.9953801012235489 -0.04483927321339015 0
-0.3432214310065447 0.04814771300245042 0
-1.555000000000003 -0.0459807621135138 0
-1.538458676373101 -0.07737833171107632 0
0.8865414860729278 -0.08674684060517203 0
0.6494057744056921 -0.4644193065643045 0
-0.9171746829751815 0.09733815344019749 0
1.306572513326313 0.04667883132232958 0
-8.735213604861903 2.724170191395636 0
-1.441635524248059 0.0472196405369122 0
-2.024605828718124 0.02590717646991496 0
1.785843091958778 0.04599326019574186 0
-0.1380739727797232 -0.40137652590837 0
-0.8696656215545744 -0.05811538901893886 0
-0.8549332832153194 -0.05931057443324671 0
-0.8840261071371697 -0.05984819278311971 0
-0.3846566588117182 -0.04578213339400707 0
-1.575739848209658 -0.04494363060499013 0
-2.0203595998792 0.03629917540599326 0
0.3636244200250599 -0.05658370272469284 0
-1.254839861787461 0.04551580581633832 0
-4.991110961588743 7.685745272685951 0
1.642179715846508 0.1043088415542586 0
1.61754981234832 0.08385733059355496 0
1.944715814293055 -0.04537552271161984 0
-1.344812181126975 -0.04524021401433373 0
-1.483838143310737 0.04555724036130607 0
8.569704091217133 3.211480607847944 0
-1.805186521388086 -0.0463498121935068 0
-1.798826733914376 -0.05762563579665559 0
1.563084394744675 0.03926419633247819 0
1.144782341653203 0.3243729233399645 0
1.922492894540752 -0.04578345809692106 0
1.395186209982616 0.06252425198458754 0
-1.055761595790075 -0.04568569214895547 0
-0.9316082678392397 0.1252703146653382 0
1.959541388407985 0.09693638785846935 0
-1.345000000000003 0.04598076211351439 0
-0.6083779401742752 -0.1456355490705495 0
-1.465823045391524 -0.04479752709843469 0
-0.2544289477731428 0.04978474716371641 0
1.919760759697777 0.03802132220995256 0
0.5305472938518385 -0.03669773737741201 0
-2.029932304348946 -0.03655159756159998 0
0.4831037295052758 0.04664392464178208 0
-0.1176042505483362 0.1307030515455149 0
-0.193687735904152 -0.04807802597955941 0
-0.1999999999999981 -0.05956392227599028 0
-6.844599559699398 -6.068767962774664 0
1.364754437303262 0.04494142530199465 0
-6.637008007638065 6.968810515554941 0
2.364201984654147 0.04361759726156603 0
0.2813309822919663 -0.2848544705877392 0
-0.5252296481886731 0.03902133709802708 0
1.845895596144203 0.04736696831363143 0
-4.370557699614411 -8.558383556482344 0
0.9452054531087063 0.04555845270094212 0
-0.8848483436197306 -0.04588838981092522 0
-1.920000000000009 -0.03705469299104787 0
-1.92941431714198 -0.03694918315159051 0
-2.052642851691564 -0.08874620421835462 0
-1.675000000000028 -0.04598076211352838 0
6.271904414382279 -7.182778924605934 0
-1.224226860280383 -0.09775770715349415 0
-0.9498125065321156 0.07091226869099031 0
-0.801034575969256 0.03747089912886456 0
1.194999999999992 0.04598076211352448 0
1.886558644279091 0.04924991090682664 0
1.874295504024508 0.05719521746874089 0
-1.885865222201138 0.04647231530603673 0
-1.875623821999805 0.04548147276249509 0
-0.9650000000000019 -0.04598076211353838 0
-0.9556935890061095 -0.0446434363292405 0
-0.9853297869831283 -0.04610819367112237 0
-0.9784279165944382 -0.05851316619431781 0
-1.404650517080551 -0.04757216123763327 0
-1.415602212599216 -0.04653521014968985 0
-1.386933701159632 -0.04827838409466634 0
-1.529161039268997 0.03799962475374254 0
0.1631317407534001 0.04850555274915339 0
0.8101507431635201 0.0370074183719229 0
0.8158850011214426 0.04705219779889282 0
-0.9052364386750198 -0.04770476648211464 0
1.034771061972787 -0.05861370490276566 0
1.045498106195214 -0.08037451566022136 0
-0.7911923739341031 0.03650401998889507 0
-1.721220783705416 1.60252849256643 0
-2.668044453028442 0.2201660590578096 0
-2.991691948393162 0.1207899627785475 0
1.529820949234837 0.03644692508103737 0
-2.517723991036867 -0.2233105166378009 0
-0.994544497005471 -0.1735942615503966 0
-0.945000000000001 -0.04598076211354205 0
1.136568365195878 -0.04813152194419026 0
0.5501653923386128 0.09843723912306737 0
-2.186132731588896 -9.038853076667438 0
-0.8406119351772754 -0.2531126709630999 0
0.1257156014567361 0.259979398405361 0
9.30649454011508 -2.101750646943057 0
-1.390017456117176 0.08734015611338124 0
0.2737238914238175 0.406252276080404 0
-0.8063970254155505 -0.08968153144390144 0
0.4867040779579898 0.06285820267754556 0
0.799956944343061 0.03705110568671209 0
0.7965233435091322 0.04740351353087548 0
-2.066076268819951 -0.4796079045455937 0
-0.9127563116497972 3.192217464275249 0
0.9186177564825885 0.167735530940315 0
0.7800000000000042 -0.03710800397876562 0
0.6467997989518459 -0.05244970636267903 0
1.288951042929675 0.03795200019925646 0
0.4150138902992987 0.02735080658548829 0
1.120094723427733 0.03720382806281171 0
-1.995083480773906 0.07299731296554327 0
-3.024208063445772 9.172190340354939 0
-0.116868274821418 0.065885337252784 0
-0.1607140795738564 -0.03671508647815808 0
-2.328383123979747 0.5433322553053114 0
1.618751569689581 -0.05119651848492555 0
-2.640976126622459 -8.836570043735374 0
0.6200000000000023 0.0368973481278126 0
2.263932170616751 0.3884003116111991 0
1.00575397280839 0.1296591895500765 0
3.868582973005469 -8.822467988783378 0
-1.299569904569364 -1.988322283060207 0
1.439667861349393 0.03571391391604294 0
-2.617425570908657 -1.856239907173467 0
1.407291905420983 0.08594167566435892 0
1.777541196142481 0.05682731253519031 0
-1.256264390462077 0.5644061020311065 0
1.333630215216521 -9.104187471154708 0
-1.846813284868312 0.07481982312546502 0
1.468954931957116 -0.07321641289783791 0
-2.164090182971711 -0.1595883814278352 0
0.710350613957735 0.03692045759034218 0
0.7006845214798683 0.0369441253537842 0
4.634900933722109 8.269617808475681 0
0.7402123666381434 -0.08461112316726793 0
0.7934814652940179 -0.1110322482717377 0
0.8271876472629559 -0.130838480643376 0
0.870670521733797 -0.1438695730304802 0
-1.204576110577809 -0.02830795450786518 0
-2.170708168046941 0.2126303295266997 0
0.6299716245453318 0.03714189938734331 0
0.6361028035372466 0.04736260638045665 0
-3.050172494978646 -1.164449450089545 0
1.218210391093395 2.704022576846582 0
1.262716195343276 0.03738449830028852 0
-0.3792886513281787 -0.05653587578513136 0
-0.6144009767758353 0.02772733293820603 0
-0.4495880652704498 -0.03689026865848676 0
-0.4592895644345035 -0.03693383522591497 0
-0.6926257270539864 -0.1997969797539439 0
1.589343228505701 -0.03671239267627536 0
1.68696100886274 0.2060976537542966 0
2.352259840916334 -0.1342639838488654 0
2.55945718312367 -0.04840626302508549 0
-9.11190207698111 -1.326921501054538 0
-1.43924517997923 0.1052206708839873 0
-1.891405216048323 -0.03684490686607355 0
-0.6456713243583506 0.09435909629472929 0
0.3869175544558762 0.0274144405870789 0
1.283648976889295 -0.02699464246929356 0
-1.178768877559112 0.2464274393798104 0
1.979694570897802 0.03730751600152316 0
1.974922165132574 0.0283480726123098 0
-0.7695187364726397 0.356739394561177 0
-1.689257161692954 -0.0372538871449107 0
0.3392628677572904 0.03655175374795595 0
0.7809893843853001 -0.1584472940917606 0
-1.581181836337608 -0.07914294192128245 0
-0.8183804901800295 -0.06254580952095561 0
-1.934013571972271 -0.04502643564118887 0
1.260548322669883 -0.09889767829569628 0
0.08238203522720822 0.1443783971789243 0
0.4433789348681159 -9.215476690360754 0
0.4250242470163831 -0.3109365180438455 0
-1.600143839352657 0.03563989080155444 0
1.689831472728611 0.03664059511045461 0
0.6609043952482579 -0.1809788176771129 0
0.6960278897031192 0.04505654191895984 0
0.189040971948371 0.03755707310050622 0
-6.968755406744858 6.636200048051455 0
-0.4638353423750301 -0.04494638392820616 0
-0.7331189636595358 -0.04464069185848721 0
-0.8560585181152606 0.1197559444447671 0
-1.846034845831517 -0.04576071155811661 0
-0.3440676109414791 -0.03923587472941511 0
5.881370042336528 7.611297687606991 0
0.2989405046217592 -0.211475791663008 0
-1.438729463157071 0.03750089282138545 0
-0.7087512418263077 0.0374201851940817 0
0.8536642275001596 -0.02769855742125467 0
-0.2999866361101963 -0.06620803357967224 0
-0.301745804145155 -0.08996928500576364 0
-1.429729119779306 0.03535301451823516 0
-0.604855604413151 0.07873597955905071 0
-0.7104241111589203 -0.03553454928871445 0
-0.6992639541643357 -0.04763609415865586 0
-0.7493686898083577 -0.1423640250448839 0
-7.658410499944059 5.138677331053046 0
-0.6998049348991673 0.03533882392894836 0
0.9570191671535065 -0.02737660731279227 0
-3.360586315351627 1.384173578028698 0
-1.967993386780359 -0.0879751723981259 0
-1.064275115957055 -0.3023958869598237 0
1.557099111535821 -0.04866684515791109 0
-0.4460451904711665 0.04774749528039749 0
-1.124306885595152 0.07975652626318476 0
-2.059067466062454 0.003753272241970453 0
0.3482989425637243 -0.05633792652112252 0
0.3518753657566865 -0.07381235096864337 0
0.3298264857245672 -0.07966082559112334 0
-0.08719611362647466 0.07808593473179051 0
8.149839857840638 -5.159220874766666 0
-1.37018141239549 -0.05883289416007999 0
0.6459267740676448 -0.0385077700459887 0
-4.673760896678695 8.41496032040143 0
1.703327155594826 -0.1660727717227779 0
-0.6044318132671688 0.02766904028908046 0
-0.4654530888227456 0.0283438784826254 0
0.5569061908475057 -0.6694513336870296 0
1.365032164325128 0.1014228343953029 0
-0.2310007620799402 -0.0585487662809895 0
1.574883143521071 0.03878184711427251 0
0.9943692388884006 0.0473886594613339 0
-1.194654689955869 -0.02781615729010793 0
1.146994111910487 -0.5130724923335125 0
-1.78586896967931 0.03926622914669086 0
-1.428997156818835 0.3458233562003334 0
-1.994525870322422 0.04519326886136123 0
1.500139522121918 0.03517653858647787 0
-1.104374152615837 0.05392659148615144 0
0.5210033915764344 0.037200257157552 0
0.5300830236997056 0.03536530961978886 0
-4.778962265170906 -8.424651929378502 0
-9.06326804399156 -1.819361557235293 0
0.083301404972855 -0.04004238594718267 0
-2.165838654618818 -2.063834137360149 0
0.2189212626514871 -0.1502577922400676 0
-0.3870912273589739 0.0759806065881177 0
1.81979680493472 0.2205044649944297 0
1.79156402589539 0.3326761310075159 0
1.724366528279854 0.4555495595741699 0
1.365302949439952 0.5426058653968581 0
8.607880340584108 -4.35266218838962 0
-1.149920623980104 -1.210108925938007 0
-0.7244353851819073 -0.0440004085313665 0
-1.666417492868649 0.02769547727801073 0
0.4720259816566966 0.03668476473111291 0
0.5504412277045219 -0.03499189266451543 0
1.840478773040072 -0.03543415962648153 0
1.987423952884925 0.1027691181785798 0
0.5705347865037582 -0.062451587647939 0
-0.834193486551004 0.03854115027568879 0
-1.5119760324905 0.1202534799745113 0
-0.6336815311935066 0.02738156865320399 0
0.6910680582692801 0.1004611043482923 0
0.1136103024073049 -0.121545031701814 0
0.9434082772060143 -0.02727646866296641 0
0.8248062040051994 -0.02711395980842782 0
1.044387191324284 0.04832784626942315 0
1.571733394513388 -0.03710658732813612 0
1.579999999999999 -0.03544883959209962 0
1.745442370788104 -0.04568589821325882 0
-0.1969279540205778 0.1061351489257554 0
1.374195176781269 -0.5070838698101759 0
-1.505946241870591 -0.06455404712211035 0
1.209588647548486 -0.0353802903229665 0
1.218799054247182 -0.04859914367573778 0
1.21003304010575 -0.05740989067345652 0
1.355328685356634 9.160936359357351 0
0.4712845200607448 -0.03732749470838314 0
-2.038889887837293 -0.02246515290240744 0
-1.249404819007202 -0.03628391706247142 0
-1.242985779779115 -0.04398807854240376 0
8.669093776897464 -3.092972486650935 0
1.959815212152591 -0.05894209697096206 0
-1.124646766004339 -0.04678631799883187 0
-0.3527682047088291 -0.8456190270233018 0
-0.6608697805879893 -0.04949373452901986 0
-0.2101460796745215 -0.05070018165325992 0
-0.2761706097598404 0.2947273217103894 0
-1.141494948502299 0.7467506202785 0
0.2698389688850538 -0.03507725560835503 0
-1.139783688980803 -0.03540043061001028 0
2.080520882449969 -0.004847037267895681 0
-1.682470856088685 -0.3759799313533705 0
-1.652074577282824 9.521140391927558 0
1.930208229615785 0.03720075725147631 0
1.935047031777255 0.04491660580037997 0
0.06516354413795926 -0.00183203686810841 0
0.05114004602439805 0.005872302697763559 0
0.9095964385588483 0.03551650901261896 0
1.297105764935298 -0.02710563588090606 0
-0.8185234012558793 0.03589373422778666 0
-1.315672969581632 -0.05587086565707184 0
1.994496318522224 0.03747118397755513 0
-1.675471747197468 0.03775214727931132 0
1.544443029640899 -0.04801582700560768 0
-0.6262176276136332 0.03770822356895199 0
0.8743923263027479 -0.03841135667611043 0
1.866792564143461 -0.05720145773104166 0
-0.7037207451450996 0.05717595914759862 0
-0.6725310484523788 0.07928575200555311 0
0.2065731695619006 0.07765109934392116 0
-1.624433645581043 0.02743849338747368 0
-8.434758577363658 -3.508677254996504 0
7.344388016795243 -6.318376403139627 0
-1.641562534248049 0.03604427628047979 0
0.7929668289190153 2.508328659704186 0
1.648096329564679 -0.09199379790698471 0
1.605771332054164 -0.1420471931970004 0
0.9188305888068297 -0.03562258495559351 0
-1.80798934214571 0.02978492607791478 0
-0.5542022937414784 0.04405833257826673 0
-1.241230483608765 -0.03575319765105552 0
0.4826144833456539 -0.4660855449018799 0
-1.049819275989274 0.05552975409539938 0
-1.027158482184327 0.281403592671165 0
0.2401889445574389 -0.03508384847221723 0
-9.158794582031444 -0.8043521313678391 0
1.267459965979089 -0.02928851556504731 0
-8.373739574142352 -3.995074081055328 0
-0.9169002260125642 -0.06883706781814547 0
-0.4950460998986906 0.03801203516652498 0
0.8694947912527292 -0.07413371006163033 0
0.9683671239878197 -0.7126309582869556 0
1.007846364821327 -0.9773609149482927 0
-1.315289218549641 0.04594899411548577 0
-1.487438115157931 0.06843137895413792 0
1.632843858694637 -0.03773616684938409 0
-1.429904904507276 -0.03536391835284407 0
-0.3597576370331533 0.05831918650896568 0
-0.3219879560412213 -0.029790423422817 0
0.456207499129183 0.03755513767587747 0
0.5801081013946786 0.05137116141178214 0
-1.793210842376467 0.0276272834022533 0
-1.34043694250391 -0.07560658115674725 0
1.059776287925091 0.03567311446203873 0
-0.6501137375555314 -0.03580991690467934 0
0.4901266109368738 -0.03493100258817328 0
0.2056949296428753 -0.04776541529139555 0
0.6092505128719164 -0.04741594763610792 0
-1.999496868918858 -0.05132287679572942 0
0.9335043335111105 -0.03615878568104877 0
-1.458577682730276 -0.1483636208634522 0
0.04161966450197932 9.199455112798203 0
-1.059866542967573 0.03534097461790722 0
0.8755776713327479 0.07987661651872857 0
1.451748769292201 -0.03703615298744125 0
-0.8054282191285141 0.04784653114508606 0
2.003211599294658 -0.06171214434680496 0
2.00221233481418 -0.07968614112995184 0
0.3908550246730369 0.03568720471612651 0
-0.7878928200439017 -9.605376896275978 0
1.60499999999998 0.0265518123463543 0
2.345410885202444 1.33295065678624 0
-0.1050307809470825 0.04587917654176001 0
-0.3368349144952724 -0.02760086566005907 0
0.3183300584507566 -0.05896453579088128 0
0.6915623661722851 -0.03641847554554432 0
0.6916673411205915 -0.0456409860390534 0
-0.07401923788646676 -0.03499999999999992 0
0.08343911637623944 0.04877902443527176 0
0.3727892183265387 0.02701594774699522 0
1.61642720612353 -0.0376661263315153 0
1.409891440410089 -0.03558927563184582 0
1.71174803140221 0.03545712950847754 0
-1.919191030257611 0.03670755965598001 0
1.813264547583466 -0.4010770322001445 0
-0.2118539582582509 0.1511564675493556 0
-9.383569699803232 -2.131972253496723 0
-1.092589084567915 0.05228664598820938 0
-1.46946565985728 0.07204869534465502 0
-0.6117131956594311 -0.1977563281118137 0
-0.6546825976099248 0.05526003063528984 0
0.1205829670659844 0.03513300536339042 0
0.5899406031732654 0.03563680215396446 0
-0.6013826156558169 0.03590017846142399 0
0.5179180929130094 0.1024499136886872 0
0.4946134920395805 0.1390042232712803 0
0.6973567612894309 0.1468444984414408 0
0.6792418905911044 0.2112675918785067 0
1.706010961317287 -0.02793961680284518 0
-1.080127560220601 -0.03646932482606702 0
1.448844288132121 0.03720009054621174 0
1.45471092969118 0.02844546575707958 0
1.459376473699714 0.03694313380504189 0
-1.729398360011447 0.03516753018675477 0
-1.006398009859675 0.05758827581967243 0
-1.013281002159268 0.07418225060145732 0
0.1450000000000003 0.0264683752769046 0
1.829266819344108 -0.04828180166990332 0
-1.762152990439211 0.1021848964673304 0
-0.7135172922702274 0.1105971127578721 0
-9.685676950962112 -0.2494092727213872 0
1.394552557549621 -0.04682052283149785 0
0.2874106716899437 0.0577196877492638 0
-0.0572836918640284 3.332802443718941 0
-0.7675157351813743 9.606298777456576 0
1.982966557756263 -0.2991286391206136 0
2.114193518616601 -0.272719342051521 0
2.117541651154515 -0.188964309540314 0
-0.430412782217175 0.1217576531101758 0
2.010179642761666 0.37509188711237 0
1.489431991088475 -0.03525828248146103 0
-0.931214645172996 0.03563806418917793 0
1.482064317726146 0.03723314079302398 0
-0.1750000000000001 0.04641830720113628 0
-0.1823709586195562 0.05655578945709893 0
2.356731901186246 -0.3312282218035393 0
-1.223878821435079 0.04644978442399189 0
-1.220387930073356 0.0589068199017056 0
7.424202725843476 5.523089283215601 0
1.53482406496888 -0.04523684341565724 0
0.5774630365234412 -0.0879844684826261 0
0.5923001183757476 -0.1168752473938166 0
-1.525402127715836 0.1609317088324795 0
0.401773406145313 0.03622611823376926 0
1.043376182528996 0.1893763940297701 0
-1.74129523451677 0.08313449324037568 0
1.722404728970786 0.08843981205768638 0
0.7162936344878373 0.04459313129500983 0
-1.504495861953562 0.04831911765765615 0
1.274210567277285 -0.03642311105651153 0
-1.090528936881686 -0.03655517379760779 0
-0.1527280200021154 -0.03655981533404827 0
-0.2269699653693056 0.08804127299015675 0
-0.647199545827353 0.02699512202375492 0
-0.6703185945039611 -0.03558318310816155 0
0.1608478719070785 0.03704070053767958 0
-1.037722939093225 -0.08621762687964367 0
-1.410453183757089 0.05825564506308189 0
0.07476986356076119 0.005140238560807173 0
0.9548192448121621 -0.128227243753008 0
0.9736428278343069 -0.09873092373182364 0
-1.586922924363931 0.1114885582663452 0
-0.0758282596683329 -0.00407277658313095 0
-0.07551449422158001 0.003805995043448954 0
0.07534174154231858 -0.00434139416709744 0
1.251982642008584 -0.02941173593015366 0
0.6126535568543277 0.04335046114016647 0
-1.196445825712884 0.07949579123061364 0
8.338653483730855 -2.789780408153499 0
1.399448905584179 -0.03453473846563728 0
0.4623783174793656 -0.05599125780910027 0
-1.773327460030671 -0.05915610680158977 0
3.391290125613046 9.035635790887955 0
-0.4432945484886591 -0.04453093385362113 0
-1.643237146658096 -0.565752645662701 0
-1.736089749500072 -0.04657360235215819 0
-0.7756615932766934 -0.04569154120666993 0
-0.3050000000000001 0.04478244115251425 0
-1.588547643353675 -0.1091605282929207 0
1.507558242047761 0.03609555483801926 0
2.105779870883902 0.0726112156754813 0
-0.4319496129466549 0.03619489851612119 0
1.298836020306089 -0.03533519755037579 0
1.007420181821091 -0.05878720413944487 0
0.7493475276723418 0.03545694523260599 0
0.9586475008273972 -0.03561349513842219 0
6.916138797510066 6.701548068042644 0
1.026984308031315 -0.1113592792719701 0
2.015300348050788 -0.01002187087868099 0
1.065288953404401 -0.06259025250532774 0
1.068367885575193 -0.08439076232921194 0
1.091103227067712 -0.09945202575498975 0
-0.9305533932256141 -0.2229338409610887 0
1.014999999999999 -0.04591075112318373 0
-0.1356184357476879 -0.04561600841827055 0
-3.062418677397654 1.719741801046264 0
0.9765944173964638 0.0467246033418417 0
0.9795728217142462 0.05804874551693505 0
-1.298870899325405 0.06260612254283682 0
-0.5050000000000017 -0.04486192267872893 0
-0.5098210943485719 -0.05865378759416844 0
-0.189850446132224 0.03531522062984111 0
-0.8677769461782484 0.1642195882481902 0
-9.269671091537647 -2.609826809081735 0
0.4600222557834839 -0.06965901256626907 0
0.4769630122381655 -0.08346680527483237 0
-0.6931481738814363 0.05732976156410433 0
-0.4707591779086417 0.03503535146296862 0
0.6535809960342737 0.04484791388346696 0
-1.645652361874786 0.04178263505374216 0
0.8820559385523261 -0.03567966358084138 0
-1.065495243862091 -0.04668279224707279 0
1.970561178283347 0.03518098781613468 0
1.830993093715861 0.07994243458173289 0
-0.4109199655435931 0.03558001947801451 0
-0.4178758759072078 0.03596904943294139 0
-2.0414863379739 -0.6870994609025831 0
1.629389918720788 0.03516506551998494 0
-1.124913324227397 -0.4528717800407916 0
-1.710374044466245 0.03510720486537282 0
0.7884783309865121 -0.0364225451713684 0
2.430319926034241 0.3340889905641043 0
1.754967783805656 0.04562369313184616 0
1.757266205416245 0.05867204706833685 0
1.750097973417898 0.08167366323505042 0
-1.285129491432747 0.04545543212009914 0
-0.2364658821316578 0.04481338611828279 0
7.348051029489177 6.233790868472677 0
2.095592039837305 -0.4368502081303046 0
-0.5349974938681151 0.02641193662841698 0
0.4414155225412294 -0.06731729510752259 0
1.974525478800653 -0.04691462057492273 0
1.904658030286754 0.04571727770406925 0
1.898510271223662 0.05521190457017208 0
-1.621225182600267 0.07897175252547799 0
0.7863517445073562 0.0465499246242655 0
1.344434810636812 -0.04448866396501226 0
-0.974793769882574 0.05915344484307473 0
-0.578196121160927 -0.03650193608168063 0
-0.2856461302468788 0.04673504105673219 0
1.875423396880473 0.04551752051320216 0
-1.129312095428769 0.03494940904786027 0
0.3948353271728489 -0.04499010229574257 0
1.167542698894328 0.04883414771428195 0
8.856230527408826 3.919209098785129 0
-1.280512106891443 -0.4068372630490635 0
-0.5921767186010973 -0.03627816460423337 0
1.136657984546366 -0.08454234593272528 0
-0.2534238380494466 -0.04673037459921184 0
-0.2593166513632101 -0.05717294821468998 0
1.352863769946442 -0.04704150138014557 0
-1.353314171814704 -0.04807402364750141 0
-0.9750000000000028 0.04465305188217224 0
1.442544597310179 0.07944457699038882 0
-1.589668061277114 -0.03542197382729646 0
-1.194255739367577 0.04515990086772043 0
-0.8469251670445588 -0.07651633151693181 0
1.871888885664387 0.07700792013366596 0
-1.131316171887304 -0.05797693683225626 0
1.034999999999993 -0.04470297257537153 0
-1.109777644544946 -0.03527425843384405 0
9.513475715759315 -1.643939338154024 0
1.180632920386775 -0.07567890782343283 0
-0.160025932385306 0.03503897303556894 0
-2.182817878555855 -9.422766040358425 0
-2.285410992767245 -0.4123010779541909 0
1.334663323136004 0.3753701129750536 0
2.051760565923129 -0.08342864409554883 0
2.07504371548273 -0.1227174944153852 0
1.420007376550361 -0.0368487102519614 0
0.6755849282596851 -0.0366727312596921 0
-1.110511784880794 0.03487187675204154 0
0.4350816622568658 -0.0443998986695155 0
0.2405272671856321 -0.209968690141508 0
0.7297785052692037 0.03547220873987191 0
0.005020661340012244 0.01508825759553039 0
-0.747553919816244 -0.262301070916377 0
1.465381800697636 -0.03782184061652635 0
0.830000000000001 0.03546139966031797 0
-1.150818151316052 0.1030281217894937 0
1.105270472532946 0.047267437018552 0
0.2689340664697701 -0.05916037683018305 0
-0.4300000000000008 -0.03551326498482953 0
9.241683043255613 0.4889577306330449 0
-1.34794493725886 0.06123088666826381 0
-1.474387951007796 -0.04526737441469673 0
1.085494566162306 0.1153819091013684 0
-9.45360940008274 2.117607162892568 0
-1.264416477132955 -0.1114736146873401 0
-1.649533709250069 0.03418519226646406 0
2.732498080876533 -0.1825186838314931 0
-4.353811665748061 8.66844831986336 0
1.076027417543497 -0.04518339139470997 0
1.077532092920193 -0.0562565570489379 0
-4.911406971881428 -7.745682614881058 0
1.740351577038236 -0.1227998379458798 0
-0.8550335092744176 -0.04565402510592857 0
7.9198999387002 4.779211026002794 0
1.114999999999994 -0.04477689960788118 0
0.4557875703332467 0.09065910629387948 0
-6.672944333141419 -7.015433581422831 0
-6.853500637334265 6.254986177721086 0
-0.272876329114419 0.07952967171366246 0
-1.434413794006802 0.07347377850948328 0
0.5793060707502862 0.1230006321434638 0
1.639515643620932 -0.1738796292398048 0
-0.4581528965326341 0.3383810600888603 0
-1.692689156848989 0.09703998677914698 0
-1.641733972534139 0.1150221908398345 0
-1.872646030633618 -0.13304146790648 0
0.1826306016575555 0.04914224449039703 0
1.165279425281224 -0.04566637114229309 0
0.7538377668986048 0.05573115930644307 0
-1.397029874860304 -0.0567027324257497 0
1.747690548302734 -0.2310982280225752 0
0.6222738997765993 9.620069212234595 0
1.485840026767905 0.1275337775170521 0
-0.8818217302400256 0.08900304867964115 0
-0.4566374618293111 -0.156392037321889 0
-1.084324233565185 -0.05421735320099565 0
1.516523248613512 -0.1402343246229053 0
2.02703375132152 -0.02239823434690186 0
8.540468724634021 -3.455374833628875 0
-0.1977959563734835 -0.08022166190941678 0
0.3791881735008313 -0.0560345332363535 0
-1.619701178949826 -0.07083267494467613 0
-0.7494204717722057 0.03752942033138316 0
-0.390605510452734 -0.09198092525509573 0
1.522255297029641 0.03625084999984889 0
0.4038640686236157 -0.07560135733254346 0
-1.877140129869891 -0.03668176058048147 0
1.450578461342753 -0.07074720349656639 0
1.440264972258529 -0.1227492129279792 0
1.935075764726767 -0.07758396320046949 0
-0.1473826484344033 -9.640163574461752 0
-0.1323917049743921 0.1027821199470602 0
1.341916291339903 -0.05512257492556844 0
-1.94373057288546 -0.1454381462329488 0
-0.3103950061470971 -0.1212766997816411 0
0.1365558139370124 -0.1606645507452966 0
1.719976352744952 -0.03584578441873959 0
-1.630688012471943 -0.1981717337609604 0
-1.596475366211908 0.08054219970841893 0
-1.422239471684263 -0.0580426874328924 0
-1.263929098083156 0.1794499706162048 0
-0.2526360398602456 0.09217879500194974 0
-0.6113402159334721 -0.05804261748017846 0
-0.6957044447553987 0.2533229771855163 0
1.464737527002192 0.04305276224428284 0
-0.3977429035560339 0.0360545457809438 0
1.640588904648039 -0.03540267899328979 0
-0.1071412590984023 0.02720446945769745 0
-0.09755584159249212 -0.02961905596291392 0
1.992764051026904 0.0280473554002464 0
9.328965432604114 -0.02297728114823364 0
-1.09519440565627 0.1061692871569164 0
-1.730090006381307 -0.05760302677200813 0
6.310753916971207 7.255823979180837 0
-0.8417380596320441 0.03598541221787346 0
-0.7872260557386873 0.1330846579881724 0
-1.037141079210022 0.09921409043732189 0
2.125661236008002 -9.465999344542356 0
-2.030050744005231 0.1392831023671914 0
0.09096362180881973 0.0223929589151297 0
0.09748634370879146 -0.02960101095535119 0
-2.009548866147319 0.02250972954503479 0
-1.993710271657431 -0.02652986817300759 0
-2.10728820813146 0.6571108429501703 0
-0.9460344321361079 -0.0598565810112914 0
-0.9535156558655694 -0.07357030013650044 0
-0.2626688124133694 -0.0745378219517059 0
-0.9817669037808125 0.09964828252978111 0
1.409276912974999 0.7307027590129448 0
1.74532898803966 0.171153234311758 0
-2.204612769765189 -0.2512688410210576 0
-0.6143376195517084 -0.04536762142138297 0
-0.2450000000000006 0.04575323848024523 0
-1.205953032862747 -0.1339612523722679 0
1.241260241983148 0.0786839518093007 0
1.70556329742654 -0.05180887144435935 0
-1.838700992620766 0.1206658613108792 0
1.870838510966802 0.102126211609573 0
0.6454206939099103 0.04476956412438757 0
-1.619031707103499 0.03612156854780282 0
0.4272407357898027 -0.09023324613637966 0
-0.4099999999999999 -0.03498230153258298 0
-1.319024188536595 -0.09650954723841441 0
-0.652439322808577 -0.05999877047001415 0
0.6170879850541641 0.0533991174846551 0
-0.9140524679826268 -0.0457161043824218 0
-0.03827287293080962 -0.1260903720648968 0
-0.08260434751708343 -0.1533507089207877 0
-0.7673753933389785 0.0485693332334529 0
2.178221707228023 -0.1429413544594971 0
2.23557504268699 -0.1177050757710823 0
0.4285610675743436 0.04912986084663824 0
0.4269462642155354 0.03833269518464475 0
-1.094878079003464 -0.04556309035559373 0
1.135130844556174 0.0442625778876015 0
-0.9111449338991556 -0.05697008789317817 0
-0.8344181350205044 0.07535392515067664 0
-0.8332602761823348 0.04650052275126785 0
0.37801530006821 -0.09770806456970886 0
0.8324634073522571 0.05571716456194279 0
1.989258475661379 0.07317743759508097 0
-0.8938209066740544 -0.0817145654756181 0
-1.25194362992142 -0.05390308260623957 0
9.208846027219106 0.9852024682003375 0
0.8449846000266706 -0.03757052018187192 0
0.41939572608009 0.03391377324766283 0
1.209736013191698 0.0655630864985044 0
0.6642879762721027 -0.02606471360996595 0
-0.4912956067153657 -0.09617582585349005 0
-0.9939249930241422 -0.07921177052633407 0
1.467501049277182 0.03594417124903654 0
-1.787018858853136 -0.1154649475757489 0
-3.871000930643568 0.5545609709192114 0
1.007193932806438 0.06270811920993843 0
2.209609447636856 -0.3562933308177602 0
9.6122028911538 -0.8076974352507055 0
-2.048460856015538 -0.173821032674764 0
-0.9929260925279365 0.05308384171819221 0
3.494244408439407 -9.05848800203052 0
0.4026793858863469 3.156621514478598 0
1.240601637968813 0.03442730916413173 0
-0.09988090956635536 0.03871666772491525 0
-0.5946533125042979 -0.04293128475274684 0
0.785259777193862 -0.04414350793641638 0
-0.3630902443361012 -0.1020254628032202 0
0.4570421970800165 0.04493543294126648 0
0.1946961962479457 -0.04849915324923277 0
1.746965199252528 -0.05589978989300417 0
0.8348620223422129 0.09974566691214941 0
0.8164953730065038 0.1658227634340641 0
0.2458756476099049 0.07677770118737255 0
-1.779509627971617 0.07548277837779757 0
0.4790516757846492 -0.0477637483531821 0
-2.067901416349584 0.08449112118803521 0
-8.383355749737943 3.981636061655056 0
1.083490542168362 0.05408049377741328 0
0.8378010179822029 -0.07767737028064108 0
0.8072356783469342 0.05657708874695774 0
1.395135813274216 0.04751737687770428 0
2.019269783715416 -0.0174413467006351 0
0.7775537400237269 0.1326524769755416 0
-1.911344054463815 0.05704816797499804 0
1.78938439344084 0.0745670199961028 0
1.334538428745237 0.04536319873778197 0
-1.439042342931432 -0.225250499105059 0
0.8541469042979243 0.0482776896319462 0
1.56827373460252 -0.04482964086012926 0
1.24750389176589 0.03460648805489998 0
-1.916654642649187 -0.3833614807470811 0
-0.799460198683878 -0.04438763576157535 0
0.7792026876654994 0.06660451206613968 0
-0.4821632870515042 0.05621548797463931 0
-0.5522521235752628 0.03594849613049789 0
1.13015555036579 0.03632252616928001 0
1.281622732671552 9.570303878667557 0
2.650770361504706 0.3371864695837881 0
1.575273165828391 0.1558658311251875 0
1.121195107923586 0.05921726666475788 0
-0.1380091534483089 -0.03647022786073952 0
0.4059970819630567 0.170401946459154 0
1.839083587476286 -0.05822903884305014 0
-0.3339156236258577 -0.0708904007267525 0
-0.9073855563826021 0.03618252170649772 0
-0.9033526283415384 0.04438483243913961 0
-0.9092824569462834 0.05387066419181024 0
4.003951756189996 8.778506521037514 0
-2.305475803731242 2.90565173688748 0
-1.714213607091855 -0.0537478184150072 0
-0.04911592458745365 -0.2640412783214638 0
0.04182733138434724 0.257019585716425 0
-0.8814255429618753 0.5035376259463754 0
0.5730996373343423 -0.1543765214008488 0
-0.1367637567609402 0.05314910147436854 0
-2.26300819750675 -0.04115154827048176 0
-1.218475124858997 0.07469338286608886 0
-0.7707638373044948 -0.1038953391022865 0
0.3355004032440819 0.1292396771413613 0
1.542407265848716 0.02716333827766396 0
1.472347299059206 -0.03574559890809786 0
-2.393986090554612 -0.2869006215254631 0
-8.712874820923098 3.149162027913532 0
-1.723609300677674 -0.1036937761064468 0
-0.6663441673445843 0.06028306410981848 0
1.987111834236624 0.03590711966937881 0
9.559362450198343 1.64469599925563 0
1.279599980548334 0.04358238943524568 0
-7.196455825294596 -5.84702554808786 0
1.024999999999995 -0.04517563290818147 0
-1.79490903717731 0.1300410458331336 0
-0.1294504217311026 -0.06090006107868987 0
0.3623876005128375 0.03981338411101413 0
1.522165298860825 -0.3985055014286668 0
-0.1660885746752939 0.2223079434141294 0
1.437417881467768 -0.0358297212460338 0
1.060501678624448 0.05745146932365987 0
0.8906106661376253 -0.1177500561597849 0
0.8693812129147261 -0.03190953680386276 0
1.079250606061071 0.08991634147754071 0
1.057388259434002 0.1010584766560109 0
1.032677537103139 0.1065227337117682 0
1.244998030948204 -0.0345960599484083 0
0.1371386985719904 0.03604709819077288 0
0.5413230367399398 -0.03646929193078374 0
0.6374944003371913 -0.114681010097451 0
-0.6495089200015288 -0.1201686132925324 0
-0.7549857341653637 0.02578117549540753 0
1.842477151683986 0.1620762056601078 0
0.2414080809621035 -0.05912727830541433 0
1.425294958487643 -0.7627781254292637 0
1.532205191916985 -0.05560523734731034 0
-0.5396987235218219 -0.1180001070696587 0
0.3626724581571008 -0.5895421369800948 0
-0.9336303767813939 -0.3241654606372922 0
1.659879988717189 -0.03483189690771565 0
0.3907289593067952 0.05159064856297374 0
-8.343533665946969 -4.851127264664335 0
1.630591562347927 -0.04615828595214868 0
-8.669241914724669 -4.242064655957805 0
-0.8375522227780219 -0.05891247906207506 0
-0.487747935990794 0.03545081315598602 0
0.7456280605101491 0.06678083267199945 0
-2.426293381681397 0.308463874291222 0
0.3316049873899669 0.07305486907495763 0
1.108800970825765 -0.07554428321108574 0
1.589514669533398 -0.1082665871344157 0
2.073246049444041 0.04527944296955862 0
-1.682408356472316 0.035735042648575 0
-1.78657648755758 -0.05559819828543824 0
-0.6177860923962354 0.03592222557737089 0
0.4449678573362252 0.02567847330444759 0
-0.3328593230601224 0.05702503524780555 0
1.666299858579254 -0.05486730338631348 0
-1.04713184550306 0.204205356410378 0
1.295361327609797 -0.0714914370420774 0
-9.196771672632924 0.2078584368058531 0
1.023879487360882 0.04648042097265401 0
-0.413964668947664 0.04409929379019383 0
-0.4045431332335859 0.05228364656525832 0
-0.1588815160048103 0.1341426982691958 0
1.890583673990092 -0.03484505806626896 0
0.5732277970912242 0.06236397638814412 0
0.8724002737950552 -0.0468332247902155 0
-1.945596724064647 0.1493466827609706 0
-1.849804692526404 0.0347123042027992 0
1.080000000000011 0.03455954785701244 0
1.257758376667878 0.3048338689830296 0
-1.795472440085766 0.06912642742565581 0
1.036813600229395 0.05971202549573306 0
1.487570958587063 -0.07292528667099327 0
1.487969402391724 -0.09361842642834288 0
1.482775642718615 -0.1244214936411076 0
0.3683365582429876 0.03381739070895139 0
-1.512090228617065 0.08839402243210516 0
-2.405147148147388 8.892501597852043 0
-0.3511266633558183 -0.03582193703515443 0
1.15745938956022 -0.222664580693489 0
1.146575252588487 0.07329669020733717 0
-1.343149121411106 -0.05631707598313895 0
-0.541521908668798 -0.06597646654356866 0
-0.07304088259610636 0.05022422143071042 0
-2.010645188891475 -0.05726180063896584 0
-1.778816456545943 0.03584342997520104 0
-7.718497552134992 -5.16067277620381 0
-1.813634385229407 0.03578339180023941 0
-1.059282979628176 -0.05669366507821192 0
1.27063545495889 0.03458387377834146 0
1.589182708414081 0.03512980401654541 0
-1.227499496699402 -0.03586621010987178 0
1.902377747257571 -0.04651562044355926 0
-1.648327841736906 -0.05227357404319074 0
1.910530830286541 -0.03443822228959025 0
0.9417317075053296 -0.03510416786274712 0
0.7339867186191701 -0.04614626410870994 0
0.597041815037414 0.03564551183019622 0
-0.004977125552753983 0.06907861389729622 0
1.713863872768933 0.04312185370483699 0
1.42456403993022 -0.04604255762618364 0
-0.3286464157620881 0.07242741399017953 0
-0.3046803287441825 0.08760514790739563 0
0.6692500343406541 0.08532101009167022 0
-1.368377178457527 -0.07710361524155016 0
0.2147501240020753 -0.05969235492002823 0
-0.8885390543179664 0.05255669725828045 0
-0.5459091049661344 -0.04491707784008019 0
-0.06884932333407832 -0.04724316351690536 0
-1.625889251363214 -0.289823555922322 0
-0.1927707268776879 0.2774229801242956 0
0.9404575020461492 -0.06907617414354922 0
0.9545803375514887 -0.07238441848120843 0
0.6383594192008334 -0.03538264671529701 0
0.7949999999999965 -0.02539450165882369 0
2.007008987524134 -0.01230691247729053 0
-0.4202841437410186 -0.6146585780441921 0
-1.809914546544274 -0.07041814442531423 0
1.995310724693724 0.04492335121679771 0
0.9104610568631012 -0.03418948772125897 0
1.412019357913514 0.04561423763539933 0
-0.1454761190283088 0.04551117767098939 0
-0.3163348300987179 -0.03580898910544793 0
7.338597858356583 -5.605673837924579 0
-1.559999999999975 -0.05754853109070548 0
-0.8686302242361644 0.04588397297208788 0
-0.890009711306975 0.03458602590744687 0
1.561074088560161 -0.06671260505836722 0
-0.4952688024958725 0.04561272564939341 0
-0.5990717520797026 -0.06967753994371782 0
1.353443017000056 -0.09802483301976485 0
-1.465349619949379 0.1189863428735517 0
-1.645921986346484 -0.0441598724619141 0
1.496212857709 0.07744458375211988 0
0.1237486136028649 0.0721794179983779 0
0.9775518353145263 0.07485146511353545 0
-0.5608251394517991 0.09590478714292443 0
3.159023719190877 8.75497891988881 0
0.6112448675285104 0.03564353582483057 0
-1.984554425659553 -0.03548342926503485 0
1.770720650125171 0.09014510764706607 0
-1.636136022648451 0.09376427466792249 0
-1.646765710413819 0.7015527910308853 0
-0.4044669411957605 -0.0571967892183505 0
-1.24286200289577 0.05754312903896183 0
-0.3958887862320727 0.04462724310481391 0
0.820960814019878 -0.03287706955776233 0
-1.916474871290293 -0.04456251366535142 0
0.1896259182105835 -0.2661850947948458 0
0.1775870441465774 0.06684505544660556 0
-0.6268471499569374 -0.060836002053553 0
1.911095785640943 -0.05398899073858272 0
0.7338654615926069 -0.05340133192974344 0
2.166337914517255 -0.01843001869342061 0
1.556417247948559 0.03544868117239696 0
1.450638428941295 -0.04372000461137628 0
-1.458267308553447 0.08891482768653296 0
1.342168107354239 0.07950594536861043 0
1.902994960893619 0.07374767019633217 0
1.458786613959375 -0.0351078599798051 0
1.773334977274839 -0.04501946079495733 0
1.287092339955613 0.0557996753895633 0
-0.1915401940131874 -0.3159466386016467 0
-1.372118531273325 0.05202646576857398 0
-2.039235692968657 0.07751425240356637 0
2.036762140356307 -0.04215071926789966 0
-0.8145720084876205 0.04297279492605501 0
-0.1428353838283218 0.03568349845915111 0
0.3159772786664728 -0.1025262257871227 0
0.1758951511454576 -0.1460359350190608 0
7.934275597895234 -2.999969255021596 0
-1.677676883092342 0.07997498937226115 0
-1.652055546100157 0.0269602727861452 0
-1.683667314460533 -0.04521133575855587 0
1.729767789670297 0.05677219108299156 0
0.712321638224412 -0.04948283898275408 0
1.569360752320177 0.03400795820468485 0
0.6726616814709248 0.5017407129127951 0
0.7279757622024414 -0.1138108908060125 0
0.7379847130631657 -0.1423922600172583 0
-0.1650614195482136 -0.0428975343835502 0
-0.3382728436395294 -0.03438866979869701 0
-0.6100340770762673 0.04255954267896504 0
9.687424143561261 -0.1666032633435648 0
2.060244130128667 0.1381981517882361 0
-0.4178411958742853 0.08822933461576966 0
0.5519470014382349 0.05485651743124834 0
-1.791707067773111 0.03444347715692394 0
1.227330629462291 0.06365700464930658 0
-1.523101484426491 0.04722135123115919 0
1.282188361791692 -0.03488166617011058 0
0.1593576941161251 -0.06481602679843791 0
1.886102544221047 -0.05474919390277586 0
-0.588402490087747 0.09659619898990206 0
-0.8099999999999998 0.03407644722664118 0
-0.9105192448941397 0.753425701260909 0
-1.107728280430564 -0.05745938554079502 0
-1.838873594353268 0.2441671552869335 0
0.3299977408094378 0.03431921783390018 0
0.1865844547652285 -0.06016701511524043 0
-1.827436212114223 0.4014760686876008 0
-1.279078058648541 -0.05860362623555379 0
-1.076138162637174 -0.04600653646344607 0
0.08755259022179861 0.2038485464326489 0
-0.4297431230341089 -0.05727326233562235 0
0.5257589057912853 -0.04390725044046771 0
-1.18063438168891 0.06160514544351996 0
0.6627341869834072 -0.04419076530387601 0
0.732489559890437 0.05950196737313511 0
1.001733838068201 -0.09938396352486424 0
0.132563871093853 -0.06121657314690525 0
1.28581044131425 -0.131328038267838 0
-0.1587579170520312 0.05904108237223288 0
-0.6501018632692427 0.03336780849828671 0
-3.759396194740104 0.2173038307186757 0
-0.2717381458289182 -0.09989580372856172 0
-1.786338654868454 0.04701958121569549 0
-0.0865451629662498 -0.2104091311531313 0
1.61305023551734 0.03611653634709613 0
0.8368032157678515 -0.03579003442973164 0
0.830156804607001 -0.04363347013878005 0
-0.3436195023554779 -0.04690828271714644 0
0.2925829084510326 -0.08328577012491359 0
0.4549381099937122 0.1174065660259832 0
1.729494743649985 -0.09973164087121289 0
-1.189690496319663 -0.0343884284658748 0
-1.586099907054907 2.861228114883242 0
1.608829281638534 -0.03442749879293784 0
-2.078523936173586 0.1234775527463924 0
-2.125726427987992 0.1456770113121867 0
-1.0666406087803 -0.0727445101380844 0
-1.909599448186519 -0.1246501394419493 0
0.1045975277254494 -0.0628209366264102 0
0.9497159116481815 -0.04171779162845004 0
1.580363262580729 0.03389799772442666 0
-2.542327087841729 0.7029632845571482 0
-0.4075560672858092 -0.1510039411075617 0
0.6806229830543055 -0.04452322509177577 0
-2.014375541086243 -0.1008419495410869 0
0.6209309823156361 0.1284990905440664 0
3.950298480832071 8.449134164563018 0
-0.6323050932016993 0.03458681793251929 0
0.6876679840718279 -0.09358456267950829 0
1.679706160849282 -0.05679312847751209 0
-2.0540588213845 0.04134838415422869 0
0.9573461766602149 0.05760314144067771 0
-8.906665168793072 -2.68147632726958 0
0.407680753063448 0.0449006255611945 0
1.424528159760639 0.07853796817332433 0
1.923562930599902 0.05690344486859217 0
-5.601466976562124 -7.957764105634642 0
0.1735524872307184 0.04533373927632945 0
-0.1275447041634854 0.04583532863303098 0
2.071373216095344 0.02096946989293829 0
-0.1144633676354762 -0.1229826416424264 0
7.453566139658663 -3.448452879343773 0
1.806046493544437 0.06066660418195179 0
1.69282573589623 -0.05372311213418482 0
-2.15639168642846 -0.8822682887848988 0
-0.4244531172664415 0.05149170633254802 0
-0.3564703246005347 0.07422924751630246 0
-0.3917607073056715 -0.06739600804767513 0
-3.669669822520196 8.48027480783105 0
0.4718359054699873 2.760193526060565 0
0.3596439248122843 0.03335860942791123 0
-2.130636256188252 -0.112497919456553 0
-1.705339404060448 0.05603722492108038 0
1.3657584710553 -0.25544639238314 0
-1.624281630901709 -0.0938490781312593 0
1.295254175171751 0.04733645215394853 0
-1.522813425337336 -9.542472955066959 0
-0.1156180463214007 -0.05814098263716234 0
1.680023476674293 0.03416227998597597 0
8.922450495613178 -2.366202988603035 0
-1.625908157030568 0.04313304627519571 0
-1.719265537651492 0.1168715241642737 0
-0.9879377835651643 0.07920589854427675 0
-1.226343543305296 -0.04388629410470116 0
0.01665266516911197 0.04306384464930287 0
-1.543106835897288 0.04715240531600375 0
0.1231313668388318 -0.04564414864821704 0
2.037151557490717 -0.01660878745205525 0
0.7029481845651131 -0.04520746988378479 0
1.290061922672616 -0.04147953097567287 0
-1.871023840370199 0.129628092025909 0
0.7628611364723544 0.4064057355969439 0
-0.3865315445153195 0.04528518071745717 0
0.4748667785289408 0.04387290699425118 0
-0.1746493574246742 -0.07732547459212706 0
0.07630459171791486 0.01449738042293965 0
-1.434389508573618 0.05610735249210972 0
1.960299436137807 -0.07671158956566627 0
-0.9939095781801106 0.04400179321080782 0
0.9732330073800333 -0.07240840657378828 0
0.5991291081981382 -0.06030641559701125 0
1.459860781075128 0.1047014375638137 0
$EndNodes
$Elements
11 16354 1 16354
1 5 1 4
1 5 137 
2 137 138 
3 138 139 
4 139 6 
1 6 1 190
5 6 140 
6 140 141 
7 141 142 
8 142 143 
9 143 144 
10 144 145 
11 145 146 
12 146 147 
13 147 148 
14 148 149 
15 149 150 
16 150 151 
17 151 152 
18 152 153 
19 153 154 
20 154 155 
21 155 156 
22 156 157 
23 157 158 
24 158 159 
25 159 160 
26 160 161 
27 161 162 
28 162 163 
29 163 164 
30 164 165 
31 165 166 
32 166 167 
33 167 168 
34 168 169 
35 169 170 
36 170 171 
37 171 172 
38 172 173 
39 173 174 
40 174 175 
41 175 176 
42 176 177 
43 177 178 
44 178 179 
45 179 180 
46 180 181 
47 181 182 
48 182 183 
49 183 184 
50 184 185 
51 185 186 
52 186 187 
53 187 188 
54 188 189 
55 189 190 
56 190 191 
57 191 192 
58 192 193 
59 193 194 
60 194 195 
61 195 196 
62 196 197 
63 197 198 
64 198 199 
65 199 200 
66 200 201 
67 201 202 
68 202 203 
69 203 204 
70 204 205 
71 205 206 
72 206 207 
73 207 208 
74 208 209 
75 209 210 
76 210 211 
77 211 212 
78 212 213 
79 213 214 
80 214 215 
81 215 216 
82 216 217 
83 217 218 
84 218 219 
85 219 220 
86 220 221 
87 221 222 
88 222 223 
89 223 224 
90 224 225 
91 225 226 
92 226 227 
93 227 228 
94 228 229 
95 229 230 
96 230 231 
97 231 232 
98 232 233 
99 233 234 
100 234 235 
101 235 236 
102 236 237 
103 237 238 
104 238 239 
105 239 240 
106 240 241 
107 241 242 
108 242 243 
109 243 244 
110 244 245 
111 245 246 
112 246 247 
113 247 248 
114 248 249 
115 249 250 
116 250 251 
117 251 252 
118 252 253 
119 253 254 
120 254 255 
121 255 256 
122 256 257 
123 257 258 
124 258 259 
125 259 260 
126 260 261 
127 261 262 
128 262 263 
129 263 264 
130 264 265 
131 265 266 
132 266 267 
133 267 268 
134 268 269 
135 269 270 
136 270 271 
137 271 272 
138 272 273 
139 273 274 
140 274 275 
141 275 276 
142 276 277 
143 277 278 
144 278 279 
145 279 280 
146 280 281 
147 281 282 
148 282 283 
149 283 284 
150 284 285 
151 285 286 
152 286 287 
153 287 288 
154 288 289 
155 289 290 
156 290 291 
157 291 292 
158 292 293 
159 293 294 
160 294 295 
161 295 296 
162 296 297 
163 297 298 
164 298 299 
165 299 300 
166 300 301 
167 301 302 
168 302 303 
169 303 304 
170 304 305 
171 305 306 
172 306 307 
173 307 308 
174 308 309 
175 309 310 
176 310 311 
177 311 312 
178 312 313 
179 313 314 
180 314 315 
181 315 316 
182 316 317 
183 317 318 
184 318 319 
185 319 320 
186 320 321 
187 321 322 
188 322 323 
189 323 324 
190 324 325 
191 325 326 
192 326 327 
193 327 328 
194 328 7 
1 7 1 4
195 8 329 
196 329 330 
197 330 331 
198 331 7 
1 8 1 190
199 8 332 
200 332 333 
201 333 334 
202 334 335 
203 335 336 
204 336 337 
205 337 338 
206 338 339 
207 339 340 
208 340 341 
209 341 342 
210 342 343 
211 343 344 
212 344 345 
213 345 346 
214 346 347 
215 347 348 
216 348 349 
217 349 350 
218 350 351 
219 351 352 
220 352 353 
221 353 354 
222 354 355 
223 355 356 
224 356 357 
225 357 358 
226 358 359 
227 359 360 
228 360 361 
229 361 362 
230 362 363 
231 363 364 
232 364 365 
233 365 366 
234 366 367 
235 367 368 
236 368 369 
237 369 370 
238 370 371 
239 371 372 
240 372 373 
241 373 374 
242 374 375 
243 375 376 
244 376 377 
245 377 378 
246 378 379 
247 379 380 
248 380 381 
249 381 382 
250 382 383 
251 383 384 
252 384 385 
253 385 386 
254 386 387 
255 387 388 
256 388 389 
257 389 390 
258 390 391 
259 391 392 
260 392 393 
261 393 394 
262 394 395 
263 395 396 
264 396 397 
265 397 398 
266 398 399 
267 399 400 
268 400 401 
269 401 402 
270 402 403 
271 403 404 
272 404 405 
273 405 406 
274 406 407 
275 407 408 
276 408 409 
277 409 410 
278 410 411 
279 411 412 
280 412 413 
281 413 414 
282 414 415 
283 415 416 
284 416 417 
285 417 418 
286 418 419 
287 419 420 
288 420 421 
289 421 422 
290 422 423 
291 423 424 
292 424 425 
293 425 426 
294 426 427 
295 427 428 
296 428 429 
297 429 430 
298 430 431 
299 431 432 
300 432 433 
301 433 434 
302 434 435 
303 435 436 
304 436 437 
305 437 438 
306 438 439 
307 439 440 
308 440 441 
309 441 442 
310 442 443 
311 443 444 
312 444 445 
313 445 446 
314 446 447 
315 447 448 
316 448 449 
317 449 450 
318 450 451 
319 451 452 
320 452 453 
321 453 454 
322 454 455 
323 455 456 
324 456 457 
325 457 458 
326 458 459 
327 459 460 
328 460 461 
329 461 462 
330 462 463 
331 463 464 
332 464 465 
333 465 466 
334 466 467 
335 467 468 
336 468 469 
337 469 470 
338 470 471 
339 471 472 
340 472 473 
341 473 474 
342 474 475 
343 475 476 
344 476 477 
345 477 478 
346 478 479 
347 479 480 
348 480 481 
349 481 482 
350 482 483 
351 483 484 
352 484 485 
353 485 486 
354 486 487 
355 487 488 
356 488 489 
357 489 490 
358 490 491 
359 491 492 
360 492 493 
361 493 494 
362 494 495 
363 495 496 
364 496 497 
365 497 498 
366 498 499 
367 499 500 
368 500 501 
369 501 502 
370 502 503 
371 503 504 
372 504 505 
373 505 506 
374 506 507 
375 507 508 
376 508 509 
377 509 510 
378 510 511 
379 511 512 
380 512 513 
381 513 514 
382 514 515 
383 515 516 
384 516 517 
385 517 518 
386 518 519 
387 519 520 
388 520 5 
1 9 1 190
389 9 521 
390 521 522 
391 522 523 
392 523 524 
393 524 525 
394 525 526 
395 526 527 
396 527 528 
397 528 529 
398 529 530 
399 530 531 
400 531 532 
401 532 533 
402 533 534 
403 534 535 
404 535 536 
405 536 537 
406 537 538 
407 538 539 
408 539 540 
409 540 541 
410 541 542 
411 542 543 
412 543 544 
413 544 545 
414 545 546 
415 546 547 
416 547 548 
417 548 549 
418 549 550 
419 550 551 
420 551 552 
421 552 553 
422 553 554 
423 554 555 
424 555 556 
425 556 557 
426 557 558 
427 558 559 
428 559 560 
429 560 561 
430 561 562 
431 562 563 
432 563 564 
433 564 565 
434 565 566 
435 566 567 
436 567 568 
437 568 569 
438 569 570 
439 570 571 
440 571 572 
441 572 573 
442 573 574 
443 574 575 
444 575 576 
445 576 577 
446 577 578 
447 578 579 
448 579 580 
449 580 581 
450 581 582 
451 582 583 
452 583 584 
453 584 585 
454 585 586 
455 586 587 
456 587 588 
457 588 589 
458 589 590 
459 590 591 
460 591 592 
461 592 593 
462 593 594 
463 594 595 
464 595 596 
465 596 597 
466 597 598 
467 598 599 
468 599 600 
469 600 601 
470 601 602 
471 602 603 
472 603 604 
473 604 605 
474 605 606 
475 606 607 
476 607 608 
477 608 609 
478 609 610 
479 610 611 
480 611 612 
481 612 613 
482 613 614 
483 614 615 
484 615 616 
485 616 617 
486 617 618 
487 618 619 
488 619 620 
489 620 621 
490 621 622 
491 622 623 
492 623 624 
493 624 625 
494 625 626 
495 626 627 
496 627 628 
497 628 629 
498 629 630 
499 630 631 
500 631 632 
501 632 633 
502 633 634 
503 634 635 
504 635 636 
505 636 637 
506 637 638 
507 638 639 
508 639 640 
509 640 641 
510 641 642 
511 642 643 
512 643 644 
513 644 645 
514 645 646 
515 646 647 
516 647 648 
517 648 649 
518 649 650 
519 650 651 
520 651 652 
521 652 653 
522 653 654 
523 654 655 
524 655 656 
525 656 657 
526 657 658 
527 658 659 
528 659 660 
529 660 661 
530 661 662 
531 662 663 
532 663 664 
533 664 665 
534 665 666 
535 666 667 
536 667 668 
537 668 669 
538 669 670 
539 670 671 
540 671 672 
541 672 673 
542 673 674 
543 674 675 
544 675 676 
545 676 677 
546 677 678 
547 678 679 
548 679 680 
549 680 681 
550 681 682 
551 682 683 
552 683 684 
553 684 685 
554 685 686 
555 686 687 
556 687 688 
557 688 689 
558 689 690 
559 690 691 
560 691 692 
561 692 693 
562 693 694 
563 694 695 
564 695 696 
565 696 697 
566 697 698 
567 698 699 
568 699 700 
569 700 701 
570 701 702 
571 702 703 
572 703 704 
573 704 705 
574 705 706 
575 706 707 
576 707 708 
577 708 709 
578 709 10 
1 10 1 4
579 10 710 
580 710 711 
581 711 712 
582 712 11 
1 11 1 190
583 11 713 
584 713 714 
585 714 715 
586 715 716 
587 716 717 
588 717 718 
589 718 719 
590 719 720 
591 720 721 
592 721 722 
593 722 723 
594 723 724 
595 724 725 
596 725 726 
597 726 727 
598 727 728 
599 728 729 
600 729 730 
601 730 731 
602 731 732 
603 732 733 
604 733 734 
605 734 735 
606 735 736 
607 736 737 
608 737 738 
609 738 739 
610 739 740 
611 740 741 
612 741 742 
613 742 743 
614 743 744 
615 744 745 
616 745 746 
617 746 747 
618 747 748 
619 748 749 
620 749 750 
621 750 751 
622 751 752 
623 752 753 
624 753 754 
625 754 755 
626 755 756 
627 756 757 
628 757 758 
629 758 759 
630 759 760 
631 760 761 
632 761 762 
633 762 763 
634 763 764 
635 764 765 
636 765 766 
637 766 767 
638 767 768 
639 768 769 
640 769 770 
641 770 771 
642 771 772 
643 772 773 
644 773 774 
645 774 775 
646 775 776 
647 776 777 
648 777 778 
649 778 779 
650 779 780 
651 780 781 
652 781 782 
653 782 783 
654 783 784 
655 784 785 
656 785 786 
657 786 787 
658 787 788 
659 788 789 
660 789 790 
661 790 791 
662 791 792 
663 792 793 
664 793 794 
665 794 795 
666 795 796 
667 796 797 
668 797 798 
669 798 799 
670 799 800 
671 800 801 
672 801 802 
673 802 803 
674 803 804 
675 804 805 
676 805 806 
677 806 807 
678 807 808 
679 808 809 
680 809 810 
681 810 811 
682 811 812 
683 812 813 
684 813 814 
685 814 815 
686 815 816 
687 816 817 
688 817 818 
689 818 819 
690 819 820 
691 820 821 
692 821 822 
693 822 823 
694 823 824 
695 824 825 
696 825 826 
697 826 827 
698 827 828 
699 828 829 
700 829 830 
701 830 831 
702 831 832 
703 832 833 
704 833 834 
705 834 835 
706 835 836 
707 836 837 
708 837 838 
709 838 839 
710 839 840 
711 840 841 
712 841 842 
713 842 843 
714 843 844 
715 844 845 
716 845 846 
717 846 847 
718 847 848 
719 848 849 
720 849 850 
721 850 851 
722 851 852 
723 852 853 
724 853 854 
725 854 855 
726 855 856 
727 856 857 
728 857 858 
729 858 859 
730 859 860 
731 860 861 
732 861 862 
733 862 863 
734 863 864 
735 864 865 
736 865 866 
737 866 867 
738 867 868 
739 868 869 
740 869 870 
741 870 871 
742 871 872 
743 872 873 
744 873 874 
745 874 875 
746 875 876 
747 876 877 
748 877 878 
749 878 879 
750 879 880 
751 880 881 
752 881 882 
753 882 883 
754 883 884 
755 884 885 
756 885 886 
757 886 887 
758 887 888 
759 888 889 
760 889 890 
761 890 891 
762 891 892 
763 892 893 
764 893 894 
765 894 895 
766 895 896 
767 896 897 
768 897 898 
769 898 899 
770 899 900 
771 900 901 
772 901 12 
1 12 1 4
773 9 902 
774 902 903 
775 903 904 
776 904 12 
2 15 2 1980
777 1476 1478 1411 
778 1412 1476 1411 
779 1161 1609 1162 
780 1489 1609 1161 
781 1537 1550 1341 
782 1341 1550 1342 
783 1338 1535 1339 
784 1520 1544 1378 
785 1535 1543 1339 
786 1378 1544 1377 
787 1318 1560 1556 
788 1319 1560 1318 
789 1266 1558 1557 
790 1266 1557 1267 
791 1292 1574 1564 
792 1143 1585 1144 
793 1292 1564 1293 
794 1359 1519 1426 
795 1567 1577 1362 
796 1361 1567 1362 
797 1585 1612 1144 
798 1505 1519 1359 
799 1113 1613 1583 
800 1113 1583 1112 
801 1207 1499 1206 
802 1187 1576 1188 
803 1207 1588 1499 
804 1576 1593 1188 
805 1327 1570 1530 
806 1327 1530 1326 
807 1281 1591 1555 
808 1281 1555 1280 
809 1157 1562 1158 
810 1562 1601 1158 
811 1097 1497 1096 
812 1497 1578 1096 
813 1217 1503 1480 
814 1217 1480 1218 
815 941 1496 1438 
816 1496 1553 1438 
817 1388 1494 1017 
818 1388 1595 1494 
819 1471 1625 1133 
820 1332 1624 1072 
821 1132 1471 1133 
822 1072 1469 1332 
823 1072 1624 1379 
824 918 1475 1107 
825 1104 1475 918 
826 1131 1490 950 
827 1445 1483 1109 
828 1107 1485 918 
829 918 1498 1104 
830 1077 1517 976 
831 1059 1571 1117 
832 950 1481 1131 
833 954 1590 1139 
834 907 1487 1148 
835 976 1618 1077 
836 1139 1501 954 
837 1117 1599 1059 
838 932 1607 1238 
839 1118 1474 1463 
840 1217 1509 1036 
841 1048 1610 1084 
842 1080 1619 986 
843 1203 1569 999 
844 1167 1540 984 
845 1096 1578 908 
846 984 1605 1167 
847 1353 1566 1049 
848 1092 1596 965 
849 1018 1510 1271 
850 908 1586 1096 
851 1057 1562 1157 
852 1036 1503 1217 
853 1411 1478 1194 
854 1247 1548 1003 
855 999 1589 1203 
856 1115 1476 1412 
857 1003 1534 1247 
858 1187 1491 1005 
859 1157 1552 1057 
860 1373 1617 1120 
861 1238 1602 932 
862 1225 1584 1278 
863 1271 1512 1018 
864 1045 1575 1221 
865 1057 1552 1153 
866 1250 1591 1281 
867 956 1581 1175 
868 980 1559 1257 
869 1252 1568 1000 
870 971 1579 1261 
871 967 1563 1232 
872 1000 1513 1252 
873 1297 1521 1025 
874 1213 1582 1051 
875 1292 1572 930 
876 1288 1524 930 
877 1306 1518 960 
878 1025 1526 1297 
879 930 1572 1288 
880 1005 1576 1187 
881 998 1531 1227 
882 965 1616 1092 
883 1302 1516 922 
884 1003 1548 1243 
885 1266 1510 1018 
886 932 1602 1100 
887 1199 1604 1370 
888 1018 1558 1266 
889 1150 1592 1183 
890 1153 1600 1057 
891 1311 1528 1022 
892 1327 1492 1211 
893 1233 1488 1162 
894 1125 1587 978 
895 1162 1609 1233 
896 1009 1549 1324 
897 1357 1547 1241 
898 1022 1536 1311 
899 1357 1523 1300 
900 1341 1533 914 
901 1227 1565 998 
902 1016 1545 1331 
903 1331 1532 1016 
904 1324 1546 1009 
905 1023 1538 1314 
906 914 1537 1341 
907 1345 1522 1384 
908 1243 1573 1003 
909 1298 1529 1349 
910 1144 1612 1056 
911 1301 1504 1425 
912 1022 1528 1314 
913 914 1533 1339 
914 930 1574 1292 
915 1009 1546 1318 
916 1020 1532 1331 
917 1314 1538 1022 
918 910 1541 1346 
919 1331 1525 1020 
920 1313 1520 1378 
921 1339 1543 914 
922 1346 1541 913 
923 1015 1535 1338 
924 1026 1560 1319 
925 1220 1506 1255 
926 1319 1527 1026 
927 1342 1550 1020 
928 1020 1525 1342 
929 913 1551 1346 
930 1324 1549 1019 
931 1211 1570 1327 
932 1362 1577 1296 
933 1311 1536 1026 
934 1318 1556 1009 
935 1207 1472 1354 
936 1034 1516 1302 
937 1146 1479 1422 
938 1097 1496 941 
939 1367 1567 1361 
940 1026 1527 1311 
941 1383 1514 1377 
942 1287 1514 1383 
943 1227 1531 1050 
944 1367 1542 1291 
945 1297 1526 1030 
946 1400 1515 1058 
947 1178 1606 957 
948 1370 1594 1199 
949 1377 1544 1383 
950 1241 1523 1357 
951 1178 1611 958 
952 1361 1542 1367 
953 1293 1564 1013 
954 1426 1519 1246 
955 923 1524 1288 
956 1069 1573 1243 
957 1270 1505 1359 
958 1112 1583 987 
959 987 1493 1112 
960 1188 1593 940 
961 1267 1557 1007 
962 1422 1479 1134 
963 1087 1608 997 
964 951 1518 1306 
965 1059 1515 1400 
966 1032 1512 1271 
967 1349 1529 1268 
968 1393 1511 1180 
969 1232 1563 953 
970 1206 1499 1177 
971 1252 1513 1047 
972 970 1539 1261 
973 1175 1581 957 
974 1307 1561 1251 
975 926 1613 1113 
976 1460 1484 1130 
977 941 1497 1097 
978 1100 1603 932 
979 1261 1579 970 
980 1183 1592 1124 
981 1084 1610 997 
982 995 1582 1213 
983 1257 1559 999 
984 1247 1534 1031 
985 1174 1511 1393 
986 933 1596 1092 
987 1190 1554 1326 
988 1092 1598 933 
989 1218 1480 1005 
990 1153 1597 992 
991 1326 1530 1190 
992 1280 1555 1226 
993 1221 1575 1036 
994 999 1569 1257 
995 1087 1615 931 
996 1126 1587 1125 
997 957 1611 1178 
998 1203 1589 1038 
999 992 1600 1153 
1000 1143 1590 954 
1001 1278 1584 1273 
1002 1406 1502 1123 
1003 997 1615 1087 
1004 1036 1509 1221 
1005 1158 1601 946 
1006 1373 1594 1370 
1007 954 1585 1143 
1008 908 1603 1100 
1009 1039 1540 1167 
1010 1400 1571 1059 
1011 957 1606 1175 
1012 959 1566 1353 
1013 1005 1491 1218 
1014 989 1580 1238 
1015 1354 1588 1207 
1016 1204 1482 1159 
1017 1148 1487 934 
1018 1100 1586 908 
1019 1138 1489 1161 
1020 1011 1501 1139 
1021 990 1599 1117 
1022 1370 1617 1373 
1023 1238 1607 989 
1024 1080 1618 976 
1025 1465 1473 1103 
1026 997 1608 1084 
1027 1104 1498 1062 
1028 1131 1481 949 
1029 1193 1614 1435 
1030 943 1517 1077 
1031 976 1619 1080 
1032 919 1485 1107 
1033 1090 1483 1445 
1034 1073 1625 1471 
1035 1074 1078 1041 
1036 1101 1105 1102 
1037 1078 1079 1041 
1038 462 1440 461 
1039 1208 1452 1171 
1040 183 1444 987 
1041 472 1449 471 
1042 161 1403 160 
1043 1171 1452 1169 
1044 1118 1437 1068 
1045 463 1074 1041 
1046 1127 1420 1129 
1047 1033 1101 149 
1048 1192 1196 1195 
1049 1088 1458 1090 
1050 184 1444 183 
1051 165 1434 164 
1052 1119 1449 472 
1053 461 1440 1043 
1054 149 1101 148 
1055 1060 1403 161 
1056 1194 1197 1191 
1057 473 1119 472 
1058 1041 1440 462 
1059 1394 1446 1159 
1060 1108 1110 1109 
1061 1430 1441 1071 
1062 966 1108 478 
1063 1352 1436 988 
1064 464 1074 463 
1065 503 1447 502 
1066 1363 1365 1364 
1067 1111 1437 1118 
1068 1132 1133 909 
1069 519 1132 909 
1070 1033 1105 1101 
1071 1159 1446 1156 
1072 231 1182 978 
1073 1164 1168 1056 
1074 1088 1089 1029 
1075 1029 1119 473 
1076 474 1088 1029 
1077 164 1434 916 
1078 1404 1406 1405 
1079 916 1081 163 
1080 150 1439 1033 
1081 517 1450 1145 
1082 1176 1177 1055 
1083 1078 1080 1079 
1084 993 1093 505 
1085 232 1182 231 
1086 1085 1086 1060 
1087 966 1110 1108 
1088 221 1205 958 
1089 501 1234 500 
1090 1205 1206 958 
1091 1172 1176 1055 
1092 478 1108 477 
1093 1061 1234 501 
1094 1202 1395 1256 
1095 211 1164 1056 
1096 427 1149 979 
1097 470 1369 469 
1098 916 1082 1081 
1099 1024 1435 1434 
1100 471 1449 973 
1101 1141 1144 1142 
1102 1053 1464 176 
1103 1140 1141 983 
1104 1205 1455 1207 
1105 451 1140 983 
1106 973 1369 470 
1107 1116 1401 917 
1108 993 1094 1093 
1109 1149 1151 979 
1110 1081 1085 1060 
1111 942 1452 1208 
1112 403 1413 402 
1113 488 1401 487 
1114 1177 1222 1055 
1115 1137 1141 1140 
1116 1399 1401 1116 
1117 1042 1431 1231 
1118 212 1164 211 
1119 1004 1114 490 
1120 508 1429 1071 
1121 269 1282 268 
1122 1169 1452 193 
1123 432 1432 944 
1124 1151 1152 979 
1125 1179 1181 1180 
1126 189 1372 188 
1127 1182 1183 978 
1128 1079 1440 1041 
1129 1429 1430 1071 
1130 188 1372 965 
1131 453 1135 452 
1132 947 1395 1202 
1133 429 1283 996 
1134 1152 1155 1154 
1135 160 1403 989 
1136 426 1154 425 
1137 1061 1237 1235 
1138 1098 1099 1054 
1139 428 1149 427 
1140 1039 1179 446 
1141 1024 1434 165 
1142 998 1277 264 
1143 227 1404 226 
1144 433 1432 432 
1145 505 1093 504 
1146 1128 1131 1130 
1147 994 1451 1174 
1148 968 1184 410 
1149 199 1363 986 
1150 1111 1113 1112 
1151 268 1282 1279 
1152 947 1200 239 
1153 507 1228 506 
1154 917 1401 488 
1155 916 1434 1083 
1156 1188 1189 1185 
1157 228 1126 1012 
1158 178 1420 1127 
1159 1070 1386 1327 
1160 163 1081 162 
1161 916 1083 1082 
1162 994 1172 442 
1163 493 1191 492 
1164 1193 1196 1192 
1165 1068 1437 480 
1166 468 1388 467 
1167 143 1421 142 
1168 502 1447 1061 
1169 1209 1418 1211 
1170 431 1121 430 
1171 1272 1274 1273 
1172 990 1410 170 
1173 969 1413 403 
1174 1061 1235 1234 
1175 1162 1163 1160 
1176 1143 1144 1141 
1177 482 1415 481 
1178 1137 1143 1141 
1179 994 1173 1172 
1180 1000 1282 269 
1181 1146 1148 1147 
1182 981 1320 1220 
1183 148 1101 1021 
1184 1086 1403 1060 
1185 264 1277 263 
1186 1054 1447 503 
1187 1067 1388 468 
1188 1046 1414 1260 
1189 1039 1181 1179 
1190 1205 1207 1206 
1191 950 1415 482 
1192 1192 1194 1191 
1193 1158 1159 1156 
1194 1071 1228 507 
1195 1002 1074 464 
1196 200 1363 199 
1197 1111 1118 1113 
1198 1363 1364 986 
1199 1233 1416 1229 
1200 1263 1269 1264 
1201 968 1185 1184 
1202 1115 1116 917 
1203 239 1200 238 
1204 504 1093 1054 
1205 506 1228 993 
1206 947 1201 1200 
1207 412 1275 411 
1208 446 1179 445 
1209 947 1202 1201 
1210 1093 1098 1054 
1211 379 1244 378 
1212 1088 1090 1089 
1213 477 1108 985 
1214 1046 1258 259 
1215 1012 1404 227 
1216 205 1160 204 
1217 973 1370 1369 
1218 1033 1439 1106 
1219 993 1095 1094 
1220 1176 1178 1177 
1221 1091 1119 1029 
1222 215 1392 955 
1223 162 1081 1060 
1224 194 1169 193 
1225 242 1253 1052 
1226 300 1289 299 
1227 1089 1091 1029 
1228 1286 1292 1290 
1229 410 1184 409 
1230 203 1163 953 
1231 425 1154 945 
1232 1239 1244 379 
1233 1142 1396 983 
1234 509 1429 508 
1235 942 1208 1199 
1236 411 1275 968 
1237 372 1263 939 
1238 142 1421 1065 
1239 1106 1107 1105 
1240 1242 1245 1244 
1241 979 1154 426 
1242 1214 1219 1215 
1243 259 1258 258 
1244 299 1289 905 
1245 398 1272 972 
1246 190 1198 1066 
1247 500 1234 931 
1248 992 1182 232 
1249 402 1413 970 
1250 1138 1139 1136 
1251 1223 1224 962 
1252 1141 1142 983 
1253 378 1244 936 
1254 1046 1259 1258 
1255 395 1223 962 
1256 373 1263 372 
1257 1151 1153 1152 
1258 1157 1158 1156 
1259 243 1253 242 
1260 1046 1260 1259 
1261 1286 1290 1289 
1262 1263 1264 939 
1263 1284 1289 300 
1264 1253 1254 1052 
1265 1303 1307 1047 
1266 216 1392 215 
1267 1042 1230 1229 
1268 1152 1154 979 
1269 1360 1362 1030 
1270 1040 1164 212 
1271 944 1121 431 
1272 1248 1368 1250 
1273 1192 1195 1194 
1274 469 1369 1067 
1275 399 1272 398 
1276 968 1186 1185 
1277 1185 1189 1184 
1278 1070 1327 1326 
1279 487 1401 948 
1280 445 1179 1044 
1281 1173 1176 1172 
1282 944 1432 1123 
1283 1210 1212 969 
1284 1212 1413 969 
1285 301 1284 300 
1286 430 1283 429 
1287 1268 1390 1265 
1288 238 1200 946 
1289 1272 1273 972 
1290 1075 1078 1074 
1291 996 1149 428 
1292 1008 1135 453 
1293 1071 1441 1228 
1294 907 1421 143 
1295 226 1404 1049 
1296 1256 1395 1052 
1297 1291 1387 905 
1298 1035 1303 273 
1299 1254 1256 1052 
1300 942 1198 191 
1301 1294 1298 1295 
1302 409 1184 1063 
1303 380 1239 379 
1304 253 1325 252 
1305 942 1199 1198 
1306 936 1433 377 
1307 1351 1352 988 
1308 944 1123 1122 
1309 1214 1215 974 
1310 1279 1281 1280 
1311 274 1424 1035 
1312 263 1277 1276 
1313 1434 1435 1083 
1314 1223 1419 1225 
1315 968 1275 1186 
1316 1095 1096 1094 
1317 1248 1250 1249 
1318 1389 1390 1268 
1319 966 1111 1110 
1320 1223 1225 1224 
1321 252 1325 940 
1322 935 1191 493 
1323 1279 1282 1281 
1324 1289 1290 905 
1325 1011 1160 205 
1326 1094 1098 1093 
1327 1230 1233 1229 
1328 1161 1162 1160 
1329 367 1294 928 
1330 1135 1140 452 
1331 1265 1390 939 
1332 1012 1406 1404 
1333 1215 1217 1216 
1334 363 1366 1013 
1335 279 1356 278 
1336 1035 1304 1303 
1337 1304 1307 1303 
1338 383 1299 382 
1339 176 1464 175 
1340 1294 1295 928 
1341 1189 1190 1063 
1342 1290 1291 905 
1343 295 1360 1030 
1344 347 1321 912 
1345 1070 1325 253 
1346 278 1356 922 
1347 1127 1129 1128 
1348 273 1303 272 
1349 971 1272 399 
1350 1254 1257 1256 
1351 296 1360 295 
1352 952 1239 380 
1353 1316 1402 1319 
1354 1248 1249 961 
1355 1237 1447 1099 
1356 1308 1312 1309 
1357 170 1410 169 
1358 994 1174 1173 
1359 1122 1125 1124 
1360 938 1263 373 
1361 1224 1227 1226 
1362 390 1248 961 
1363 1155 1156 945 
1364 1343 1347 1019 
1365 1292 1293 1290 
1366 1321 1322 912 
1367 258 1258 1051 
1368 364 1366 363 
1369 1366 1367 1013 
1370 1266 1267 1265 
1371 924 1381 355 
1372 1356 1357 922 
1373 405 1418 1209 
1374 1301 1302 1300 
1375 1351 1353 1352 
1376 414 1214 974 
1377 349 1315 348 
1378 1244 1245 936 
1379 1267 1268 1265 
1380 1376 1378 1377 
1381 1045 1253 243 
1382 489 1114 917 
1383 158 932 157 
1384 188 965 187 
1385 197 976 196 
1386 222 1205 221 
1387 231 978 230 
1388 1305 1306 1304 
1389 1064 1375 1340 
1390 392 1368 391 
1391 925 1312 1308 
1392 142 1065 141 
1393 153 941 152 
1394 160 989 159 
1395 162 1060 161 
1396 169 964 168 
1397 171 990 170 
1398 178 1127 177 
1399 183 987 182 
1400 190 1066 189 
1401 199 986 198 
1402 206 1011 205 
1403 211 1056 210 
1404 213 1040 212 
1405 226 1049 225 
1406 228 1012 227 
1407 233 992 232 
1408 235 1057 234 
1409 368 1294 367 
1410 1333 1340 1334 
1411 388 1417 960 
1412 974 1448 413 
1413 238 946 237 
1414 335 911 334 
1415 337 915 336 
1416 341 906 340 
1417 343 910 342 
1418 345 913 344 
1419 347 912 346 
1420 356 924 355 
1421 358 923 357 
1422 363 1013 362 
1423 365 929 364 
1424 376 937 375 
1425 378 936 377 
1426 381 952 380 
1427 390 961 389 
1428 393 963 392 
1429 395 962 394 
1430 400 971 399 
1431 407 975 406 
1432 411 968 410 
1433 425 945 424 
1434 432 944 431 
1435 442 1172 441 
1436 451 983 450 
1437 456 982 455 
1438 471 973 470 
1439 483 950 482 
1440 487 948 486 
1441 489 917 488 
1442 519 909 518 
1443 156 908 155 
1444 186 933 185 
1445 195 943 194 
1446 240 947 239 
1447 339 1064 338 
1448 350 921 349 
1449 352 920 351 
1450 354 925 353 
1451 367 928 366 
1452 369 927 368 
1453 372 939 371 
1454 374 938 373 
1455 386 951 385 
1456 388 960 387 
1457 398 972 397 
1458 402 970 401 
1459 404 969 403 
1460 409 1063 408 
1461 414 974 413 
1462 416 981 415 
1463 418 980 417 
1464 427 979 426 
1465 434 977 433 
1466 449 984 448 
1467 475 1088 474 
1468 485 949 484 
1469 494 935 493 
1470 496 1048 495 
1471 510 919 509 
1472 512 918 511 
1473 517 1145 516 
1474 391 1368 1248 
1475 1064 1340 1333 
1476 1317 1322 1321 
1477 305 1376 304 
1478 1245 1247 1246 
1479 315 1343 1019 
1480 1340 1341 1334 
1481 925 1308 353 
1482 404 1209 969 
1483 272 1303 1047 
1484 348 1321 347 
1485 1224 1226 962 
1486 1066 1372 189 
1487 1014 1360 296 
1488 1190 1423 1063 
1489 1006 1284 301 
1490 1322 1323 912 
1491 274 1035 273 
1492 308 1022 307 
1493 317 1010 316 
1494 461 1043 460 
1495 469 1067 468 
1496 477 985 476 
1497 481 1068 480 
1498 491 1004 490 
1499 498 997 497 
1500 502 1061 501 
1501 508 1071 507 
1502 514 1062 513 
1503 1246 1433 936 
1504 1069 1356 279 
1505 1245 1246 936 
1506 1295 1297 1296 
1507 1023 1376 305 
1508 1025 1348 292 
1509 1361 1362 1360 
1510 394 1407 393 
1511 1242 1244 1239 
1512 291 1348 1007 
1513 481 1415 1068 
1514 1249 1252 1251 
1515 951 1427 385 
1516 1179 1180 1044 
1517 1290 1293 1291 
1518 1323 1355 912 
1519 1209 1210 969 
1520 292 1348 291 
1521 1023 1378 1376 
1522 1216 1448 974 
1523 1348 1349 1007 
1524 467 1388 1017 
1525 275 1424 274 
1526 1374 1375 1064 
1527 1260 1261 1259 
1528 1341 1342 1334 
1529 1064 1333 338 
1530 983 1396 450 
1531 1335 1336 906 
1532 1114 1115 917 
1533 334 1328 333 
1534 1264 1265 939 
1535 1270 1271 1269 
1536 340 1374 339 
1537 1342 1391 1334 
1538 1286 1289 1284 
1539 1316 1318 1317 
1540 1156 1446 945 
1541 1015 1371 318 
1542 921 1315 349 
1543 1287 1288 1285 
1544 923 1383 1382 
1545 1316 1319 1318 
1546 191 1198 190 
1547 952 1241 1240 
1548 927 1294 368 
1549 1299 1409 382 
1550 1336 1337 906 
1551 1202 1203 1201 
1552 1322 1324 1323 
1553 242 1052 241 
1554 322 914 321 
1555 339 1374 1064 
1556 341 1335 906 
1557 1010 1344 1343 
1558 1010 1371 1345 
1559 1313 1314 1312 
1560 316 1343 315 
1561 1285 1286 1284 
1562 1344 1347 1343 
1563 335 1385 911 
1564 1186 1187 1185 
1565 1308 1309 920 
1566 244 1045 243 
1567 246 1036 245 
1568 249 1005 248 
1569 254 1070 253 
1570 256 995 255 
1571 258 1051 257 
1572 260 1046 259 
1573 262 1037 261 
1574 263 1276 262 
1575 265 998 264 
1576 267 1050 266 
1577 268 1279 267 
1578 270 1000 269 
1579 272 1047 271 
1580 276 1034 275 
1581 280 1069 279 
1582 282 1003 281 
1583 284 1031 283 
1584 286 1032 285 
1585 288 1018 287 
1586 291 1007 290 
1587 293 1025 292 
1588 295 1030 294 
1589 297 1014 296 
1590 302 1006 301 
1591 304 1028 303 
1592 306 1023 305 
1593 310 1026 309 
1594 313 1009 312 
1595 315 1019 314 
1596 1010 1343 316 
1597 319 1015 318 
1598 325 1020 324 
1599 327 1016 326 
1600 1042 1231 1230 
1601 911 1330 1329 
1602 329 1072 330 
1603 1072 1379 330 
1604 1315 1321 348 
1605 1240 1242 1239 
1606 330 1379 331 
1607 1042 1229 458 
1608 939 1390 371 
1609 304 1376 1028 
1610 1336 1338 1337 
1611 1330 1331 1329 
1612 284 1358 1031 
1613 1338 1339 1337 
1614 1337 1374 906 
1615 928 1408 366 
1616 905 1387 298 
1617 925 1313 1312 
1618 1014 1361 1360 
1619 912 1355 346 
1620 1184 1189 1063 
1621 981 1220 1219 
1622 906 1374 340 
1623 352 1308 920 
1624 911 1329 1328 
1625 1309 1311 1310 
1626 911 1328 334 
1627 1010 1345 1344 
1628 1027 1299 383 
1629 963 1368 392 
1630 1240 1243 1242 
1631 927 1298 1294 
1632 1329 1332 1328 
1633 911 1385 1330 
1634 1333 1334 915 
1635 139 1073 138 
1636 1061 1447 1237 
1637 1295 1296 928 
1638 152 1438 151 
1639 1345 1346 1344 
1640 345 1355 913 
1641 393 1407 963 
1642 346 1355 345 
1643 1339 1375 1337 
1644 1309 1310 920 
1645 952 1240 1239 
1646 203 953 202 
1647 278 922 277 
1648 384 1027 383 
1649 439 991 438 
1650 520 1132 519 
1651 910 1384 1335 
1652 1310 1380 920 
1653 981 1219 1214 
1654 144 907 143 
1655 164 916 163 
1656 173 1059 172 
1657 180 926 179 
1658 192 942 191 
1659 201 967 200 
1660 208 954 207 
1661 215 955 214 
1662 217 956 216 
1663 219 957 218 
1664 221 958 220 
1665 224 959 223 
1666 252 940 251 
1667 336 1385 335 
1668 338 1333 337 
1669 353 1308 352 
1670 360 930 359 
1671 391 1248 390 
1672 396 1223 395 
1673 405 1209 404 
1674 420 999 419 
1675 422 1038 421 
1676 429 996 428 
1677 436 988 435 
1678 441 1055 440 
1679 443 994 442 
1680 445 1044 444 
1681 447 1039 446 
1682 454 1008 453 
1683 459 1042 458 
1684 463 1041 462 
1685 465 1002 464 
1686 467 1017 466 
1687 474 1029 473 
1688 479 966 478 
1689 490 1114 489 
1690 500 931 499 
1691 504 1054 503 
1692 506 993 505 
1693 516 1001 515 
1694 1070 1326 1325 
1695 342 1335 341 
1696 915 1385 336 
1697 1027 1300 1299 
1698 1032 1359 1358 
1699 923 1382 357 
1700 337 1333 915 
1701 910 1335 342 
1702 1027 1301 1300 
1703 1040 1166 1165 
1704 1296 1408 928 
1705 1187 1188 1185 
1706 1316 1317 1315 
1707 921 1316 1315 
1708 929 1366 364 
1709 1006 1287 1285 
1710 1376 1377 1028 
1711 299 905 298 
1712 982 1457 455 
1713 1337 1375 1374 
1714 350 1380 921 
1715 229 1126 228 
1716 1385 1391 1330 
1717 1253 1255 1254 
1718 1335 1384 1336 
1719 146 934 145 
1720 148 1021 147 
1721 150 1033 149 
1722 166 1024 165 
1723 175 1058 174 
1724 177 1053 176 
1725 317 1371 1010 
1726 1011 1161 1160 
1727 1137 1140 1135 
1728 318 1371 317 
1729 1035 1305 1304 
1730 452 1140 451 
1731 1032 1358 285 
1732 1035 1424 1305 
1733 1166 1167 1165 
1734 1229 1416 457 
1735 1028 1428 303 
1736 1358 1426 1031 
1737 1098 1100 1099 
1738 1155 1157 1156 
1739 357 1382 356 
1740 952 1409 1241 
1741 1399 1400 1398 
1742 356 1382 924 
1743 1380 1402 921 
1744 1317 1321 1315 
1745 1334 1391 915 
1746 971 1274 1272 
1747 1310 1402 1380 
1748 397 1419 396 
1749 925 1381 1313 
1750 1264 1266 1265 
1751 938 1270 1269 
1752 1006 1285 1284 
1753 915 1391 1385 
1754 941 1438 152 
1755 921 1402 1316 
1756 962 1407 394 
1757 1429 1454 1430 
1758 366 1408 365 
1759 993 1228 1095 
1760 355 1381 354 
1761 1008 1138 1136 
1762 285 1358 284 
1763 938 1269 1263 
1764 1045 1255 1253 
1765 1210 1213 1212 
1766 351 1380 350 
1767 1136 1137 1135 
1768 920 1380 351 
1769 369 1389 927 
1770 1082 1085 1081 
1771 377 1433 376 
1772 1085 1087 1086 
1773 385 1427 384 
1774 396 1419 1223 
1775 981 1214 415 
1776 1249 1251 961 
1777 1165 1168 1164 
1778 1154 1155 945 
1779 298 1387 297 
1780 1034 1424 275 
1781 457 1416 456 
1782 365 1408 929 
1783 354 1381 925 
1784 384 1427 1027 
1785 370 1389 369 
1786 948 1399 1398 
1787 1277 1278 1276 
1788 441 1172 1055 
1789 303 1428 302 
1790 1359 1426 1358 
1791 1217 1218 1216 
1792 302 1428 1006 
1793 1237 1238 1235 
1794 371 1390 370 
1795 381 1409 952 
1796 485 1397 949 
1797 382 1409 381 
1798 450 1396 449 
1799 972 1419 397 
1800 1111 1112 1110 
1801 1006 1428 1287 
1802 1215 1216 974 
1803 1226 1407 962 
1804 1279 1280 1050 
1805 1231 1232 1230 
1806 944 1122 1121 
1807 907 1422 1421 
1808 262 1276 1037 
1809 267 1279 1050 
1810 1146 1147 1001 
1811 1091 1120 1119 
1812 1121 1283 430 
1813 1008 1136 1135 
1814 1209 1211 1210 
1815 415 1214 414 
1816 937 1442 375 
1817 996 1150 1149 
1818 1220 1221 1219 
1819 297 1387 1014 
1820 407 1423 975 
1821 1108 1109 985 
1822 370 1390 1389 
1823 967 1363 200 
1824 935 1192 1191 
1825 1063 1423 408 
1826 1027 1427 1301 
1827 1102 1104 1103 
1828 1040 1165 1164 
1829 1120 1449 1119 
1830 1095 1097 1096 
1831 980 1320 417 
1832 376 1433 937 
1833 1099 1447 1054 
1834 408 1423 407 
1835 240 1395 947 
1836 1048 1466 495 
1837 516 1145 1001 
1838 389 1417 388 
1839 1404 1405 1049 
1840 948 1398 1397 
1841 1089 1092 1091 
1842 1115 1117 1116 
1843 1174 1175 1173 
1844 938 1442 1270 
1845 1122 1124 1121 
1846 1145 1146 1001 
1847 1170 1171 1169 
1848 1133 1134 909 
1849 955 1453 214 
1850 214 1453 213 
1851 449 1396 984 
1852 439 1222 991 
1853 1034 1425 1424 
1854 988 1436 435 
1855 977 1432 433 
1856 1076 1077 1075 
1857 254 1386 1070 
1858 437 1467 1350 
1859 1150 1151 1149 
1860 458 1229 457 
1861 1424 1425 1305 
1862 956 1392 216 
1863 374 1442 938 
1864 1083 1084 1082 
1865 1052 1395 241 
1866 1251 1417 961 
1867 260 1414 1046 
1868 956 1393 1392 
1869 1128 1130 1053 
1870 1037 1414 261 
1871 1002 1076 1075 
1872 456 1416 982 
1873 945 1446 424 
1874 1259 1262 1258 
1875 413 1448 412 
1876 1033 1106 1105 
1877 1350 1467 1354 
1878 961 1417 389 
1879 995 1386 255 
1880 422 1394 1038 
1881 375 1442 374 
1882 1002 1075 1074 
1883 213 1453 1040 
1884 1258 1262 1051 
1885 943 1169 194 
1886 1066 1373 1372 
1887 1001 1459 515 
1888 967 1365 1363 
1889 1275 1461 1186 
1890 514 1459 1062 
1891 948 1397 486 
1892 241 1395 240 
1893 416 1320 981 
1894 412 1448 1275 
1895 1124 1283 1121 
1896 459 1431 1042 
1897 177 1127 1053 
1898 1127 1128 1053 
1899 1410 1412 1411 
1900 1055 1222 440 
1901 261 1414 260 
1902 423 1394 422 
1903 486 1397 485 
1904 1102 1103 1021 
1905 1350 1354 1351 
1906 169 1410 964 
1907 1160 1163 204 
1908 935 1193 1192 
1909 424 1446 423 
1910 255 1386 254 
1911 417 1320 416 
1912 423 1446 1394 
1913 515 1459 514 
1914 943 1170 1169 
1915 1101 1102 1021 
1916 1410 1411 964 
1917 444 1451 443 
1918 948 1401 1399 
1919 1228 1441 1095 
1920 443 1451 994 
1921 440 1222 439 
1922 1040 1453 1166 
1923 1044 1451 444 
1924 465 1456 1002 
1925 1002 1456 1076 
1926 204 1163 203 
1927 480 1437 479 
1928 919 1429 509 
1929 1350 1351 988 
1930 406 1418 405 
1931 1235 1236 1234 
1932 1095 1441 1097 
1933 1200 1204 946 
1934 1397 1460 949 
1935 466 1456 465 
1936 975 1418 406 
1937 1043 1431 460 
1938 966 1437 1111 
1939 990 1412 1410 
1940 1201 1204 1200 
1941 460 1431 459 
1942 435 1436 434 
1943 1130 1464 1053 
1944 434 1436 977 
1945 491 1197 1004 
1946 1216 1461 1448 
1947 1234 1236 931 
1948 1147 1459 1001 
1949 175 1464 1058 
1950 1218 1461 1216 
1951 1443 1445 1444 
1952 146 1462 934 
1953 1443 1444 184 
1954 919 1454 1429 
1955 455 1457 454 
1956 518 1450 517 
1957 1398 1460 1397 
1958 959 1455 223 
1959 1420 1463 1129 
1960 1008 1457 1138 
1961 1191 1197 492 
1962 1459 1465 1062 
1963 475 1458 1088 
1964 454 1457 1008 
1965 223 1455 222 
1966 151 1439 150 
1967 222 1455 1205 
1968 1017 1456 466 
1969 1448 1461 1275 
1970 1134 1450 909 
1971 479 1437 966 
1972 437 1350 436 
1973 436 1350 988 
1974 1103 1462 1021 
1975 1147 1465 1459 
1976 494 1466 935 
1977 991 1467 438 
1978 495 1466 494 
1979 909 1450 518 
1980 438 1467 437 
1981 147 1462 146 
1982 926 1463 1420 
1983 935 1466 1193 
1984 185 1443 184 
1985 1021 1462 147 
1986 492 1197 491 
1987 926 1420 179 
1988 1438 1439 151 
1989 179 1420 178 
1990 476 1458 475 
1991 985 1458 476 
1992 933 1443 185 
1993 193 1452 192 
1994 192 1452 942 
1995 1065 1625 1468 
1996 1470 1624 1016 
1997 1109 1695 1445 
1998 1463 1691 1118 
1999 1148 1634 907 
2000 1049 1681 1353 
2001 1084 1688 1048 
2002 986 1696 1080 
2003 1175 1675 956 
2004 1412 1654 1115 
2005 1281 1685 1250 
2006 1221 1671 1045 
2007 1278 1676 1225 
2008 1257 1644 980 
2009 1232 1664 967 
2010 1051 1680 1213 
2011 1134 1673 1422 
2012 1183 1693 1150 
2013 978 1672 1125 
2014 922 1649 1302 
2015 960 1659 1306 
2016 1261 1662 971 
2017 1425 1638 1301 
2018 1349 1652 1298 
2019 1314 1645 1023 
2020 1384 1648 1345 
2021 1383 1642 1287 
2022 1338 1650 1015 
2023 1359 1635 1270 
2024 1291 1660 1367 
2025 1296 1647 1362 
2026 1130 1628 1460 
2027 1180 1682 1393 
2028 940 1674 1188 
2029 1058 1663 1400 
2030 1306 1640 951 
2031 1246 1651 1426 
2032 1007 1669 1267 
2033 1243 1661 1069 
2034 1050 1665 1227 
2035 1251 1655 1307 
2036 1120 1697 1373 
2037 958 1686 1178 
2038 946 1694 1158 
2039 1125 1679 1126 
2040 1123 1690 1406 
2041 1213 1653 995 
2042 953 1657 1232 
2043 1038 1678 1203 
2044 1273 1677 1278 
2045 1161 1632 1138 
2046 931 1692 1087 
2047 1103 1639 1465 
2048 1353 1633 959 
2049 1435 1626 1193 
2050 934 1629 1148 
2051 1445 1630 1090 
2052 1507 1625 1065 
2053 1016 1624 1545 
2054 1346 1648 910 
2055 1378 1645 1313 
2056 1255 1671 1220 
2057 1019 1656 1324 
2058 1056 1667 1144 
2059 1300 1649 1357 
2060 1302 1638 1034 
2061 1030 1647 1297 
2062 1288 1642 923 
2063 1013 1660 1293 
2064 1268 1669 1349 
2065 1177 1686 1206 
2066 1194 1684 1411 
2067 1047 1655 1252 
2068 1271 1635 1032 
2069 1422 1634 1146 
2070 1393 1675 1174 
2071 1226 1665 1280 
2072 1113 1691 926 
2073 1031 1651 1247 
2074 1124 1672 1183 
2075 1167 1646 1039 
2076 1159 1694 1204 
2077 1139 1632 1011 
2078 1117 1654 990 
2079 1077 1668 943 
2080 949 1628 1131 
2081 1062 1639 1104 
2082 1107 1627 919 
2083 141 1468 140 
2084 333 1469 332 
2085 1332 1469 1328 
2086 328 1470 327 
2087 138 1471 137 
2088 1328 1469 333 
2089 327 1470 1016 
2090 1065 1468 141 
2091 1073 1471 138 
2092 1107 1475 1105 
2093 1128 1490 1131 
2094 1117 1571 1116 
2095 1194 1478 1197 
2096 1102 1475 1104 
2097 976 1517 196 
2098 997 1610 497 
2099 1139 1590 1136 
2100 1120 1617 1449 
2101 1096 1586 1094 
2102 158 1607 932 
2103 1078 1618 1080 
2104 1109 1483 985 
2105 1100 1602 1099 
2106 224 1566 959 
2107 1153 1552 1152 
2108 1455 1472 1207 
2109 1215 1509 1217 
2110 954 1501 207 
2111 1370 1604 1369 
2112 1085 1608 1087 
2113 1186 1491 1187 
2114 965 1596 187 
2115 1271 1510 1269 
2116 235 1562 1057 
2117 1202 1569 1203 
2118 908 1578 155 
2119 957 1581 218 
2120 986 1619 198 
2121 1177 1499 1222 
2122 1176 1606 1178 
2123 1451 1511 1174 
2124 953 1563 202 
2125 1238 1580 1235 
2126 1245 1548 1247 
2127 1059 1599 172 
2128 1286 1572 1292 
2129 483 1481 950 
2130 420 1589 999 
2131 1441 1496 1097 
2132 1145 1479 1146 
2133 1233 1609 1416 
2134 1300 1523 1299 
2135 1162 1488 1163 
2136 249 1576 1005 
2137 1419 1584 1225 
2138 1386 1492 1327 
2139 958 1611 220 
2140 1243 1548 1242 
2141 1092 1616 1091 
2142 960 1518 387 
2143 282 1534 1003 
2144 1151 1597 1153 
2145 1124 1592 1283 
2146 918 1485 511 
2147 1368 1591 1250 
2148 1180 1511 1044 
2149 1320 1506 1220 
2150 276 1516 1034 
2151 144 1487 907 
2152 286 1512 1032 
2153 1261 1539 1259 
2154 978 1587 230 
2155 1458 1483 1090 
2156 1295 1521 1297 
2157 400 1579 971 
2158 1062 1498 513 
2159 1058 1515 174 
2160 1309 1528 1311 
2161 1318 1546 1317 
2162 313 1549 1009 
2163 940 1593 251 
2164 1402 1527 1319 
2165 1356 1547 1357 
2166 1314 1528 1312 
2167 1022 1538 307 
2168 913 1541 344 
2169 310 1560 1026 
2170 1340 1533 1341 
2171 306 1538 1023 
2172 1016 1532 326 
2173 1026 1536 309 
2174 930 1524 359 
2175 293 1526 1025 
2176 1030 1526 294 
2177 1377 1514 1028 
2178 1331 1545 1329 
2179 325 1532 1020 
2180 927 1529 1298 
2181 1371 1522 1345 
2182 1249 1568 1252 
2183 996 1592 1150 
2184 1366 1567 1367 
2185 1342 1525 1391 
2186 1339 1533 1375 
2187 1330 1525 1331 
2188 319 1535 1015 
2189 999 1559 419 
2190 1057 1600 234 
2191 914 1543 321 
2192 244 1575 1045 
2193 358 1524 923 
2194 447 1540 1039 
2195 1291 1542 1387 
2196 322 1537 914 
2197 1013 1564 362 
2198 1020 1550 324 
2199 1311 1527 1310 
2200 1089 1598 1092 
2201 1288 1572 1285 
2202 1381 1520 1313 
2203 1019 1549 314 
2204 343 1541 910 
2205 308 1536 1022 
2206 1322 1546 1324 
2207 270 1513 1000 
2208 1346 1551 1344 
2209 1051 1582 257 
2210 1050 1531 266 
2211 1383 1544 1382 
2212 1167 1605 1165 
2213 1199 1594 1198 
2214 1007 1557 290 
2215 1264 1510 1266 
2216 1047 1513 271 
2217 932 1603 157 
2218 1009 1556 312 
2219 1003 1573 281 
2220 1296 1577 1408 
2221 922 1516 277 
2222 265 1531 998 
2223 1018 1512 287 
2224 280 1573 1069 
2225 1036 1575 245 
2226 1014 1542 1361 
2227 288 1558 1018 
2228 256 1582 995 
2229 1268 1529 1389 
2230 1418 1570 1211 
2231 984 1540 448 
2232 360 1574 930 
2233 1038 1589 421 
2234 171 1599 990 
2235 1056 1612 210 
2236 1159 1482 1394 
2237 1246 1519 1433 
2238 1031 1534 283 
2239 386 1518 951 
2240 1224 1565 1227 
2241 153 1497 941 
2242 418 1559 980 
2243 1134 1479 1450 
2244 217 1581 956 
2245 1190 1530 1423 
2246 1428 1514 1287 
2247 246 1503 1036 
2248 1427 1504 1301 
2249 970 1579 401 
2250 949 1481 484 
2251 1155 1552 1157 
2252 229 1587 1126 
2253 1409 1523 1241 
2254 1273 1584 972 
2255 510 1485 919 
2256 934 1487 145 
2257 1005 1480 248 
2258 987 1583 182 
2259 512 1498 918 
2260 1442 1505 1270 
2261 1226 1555 1407 
2262 1237 1602 1238 
2263 1257 1569 1256 
2264 1251 1561 1417 
2265 1326 1554 1325 
2266 201 1563 967 
2267 931 1615 499 
2268 186 1596 933 
2269 173 1515 1059 
2270 946 1601 237 
2271 1221 1509 1219 
2272 1066 1594 1373 
2273 233 1600 992 
2274 206 1501 1011 
2275 156 1603 908 
2276 1137 1590 1143 
2277 1112 1493 1110 
2278 219 1611 957 
2279 1012 1502 1406 
2280 1098 1586 1100 
2281 1114 1476 1115 
2282 1049 1566 225 
2283 180 1613 926 
2284 208 1585 954 
2285 496 1610 1048 
2286 498 1615 997 
2287 1068 1474 1118 
2288 195 1517 943 
2289 1175 1606 1173 
2290 1077 1618 1075 
2291 197 1619 976 
2292 989 1607 159 
2293 1218 1491 1461 
2294 1399 1571 1400 
2295 1457 1489 1138 
2296 973 1617 1370 
2297 1130 1484 1464 
2298 1103 1473 1462 
2299 1084 1608 1082 
2300 1466 1614 1193 
2301 1467 1588 1354 
2302 7 1621 328 
2303 8 1620 329 
2304 332 1620 8 
2305 331 1621 7 
2306 6 1622 139 
2307 140 1622 6 
2308 137 1623 5 
2309 5 1623 520 
2310 1444 1695 987 
2311 1440 1699 1043 
2312 1354 1633 1351 
2313 1421 1673 1065 
2314 1392 1682 955 
2315 1403 1698 989 
2316 992 1693 1182 
2317 167 1689 166 
2318 1000 1685 1282 
2319 1189 1674 1190 
2320 998 1676 1277 
2321 1396 1683 984 
2322 1413 1687 970 
2323 1435 1688 1083 
2324 168 1641 167 
2325 1255 1644 1254 
2326 1304 1659 1307 
2327 1398 1663 1460 
2328 1123 1679 1122 
2329 1025 1652 1348 
2330 1355 1658 913 
2331 1372 1697 965 
2332 1384 1650 1336 
2333 1201 1678 1204 
2334 1436 1643 977 
2335 1037 1631 1414 
2336 977 1690 1432 
2337 1241 1661 1240 
2338 1425 1640 1305 
2339 1043 1636 1431 
2340 955 1666 1453 
2341 1276 1677 1037 
2342 1211 1653 1210 
2343 1230 1657 1233 
2344 1017 1637 1456 
2345 1438 1670 1439 
2346 1147 1629 1465 
2347 933 1630 1443 
2348 950 1700 1415 
2349 1208 1701 1199 
2350 1067 1701 1388 
2351 1463 1700 1129 
2352 987 1695 1493 
2353 1043 1699 1486 
2354 989 1698 1580 
2355 1472 1633 1354 
2356 167 1641 1477 
2357 955 1682 1500 
2358 1065 1673 1507 
2359 1597 1693 992 
2360 1568 1685 1000 
2361 984 1683 1605 
2362 1614 1688 1435 
2363 1477 1689 167 
2364 1460 1663 1484 
2365 1190 1674 1554 
2366 970 1687 1539 
2367 1506 1644 1255 
2368 1565 1676 998 
2369 965 1697 1616 
2370 1502 1679 1123 
2371 1495 1690 977 
2372 1307 1659 1561 
2373 1204 1678 1482 
2374 977 1643 1495 
2375 1521 1652 1025 
2376 913 1658 1551 
2377 1522 1650 1384 
2378 1486 1636 1043 
2379 1508 1631 1037 
2380 1504 1640 1425 
2381 1547 1661 1241 
2382 1037 1677 1508 
2383 1492 1653 1211 
2384 1500 1666 955 
2385 1233 1657 1488 
2386 1494 1637 1017 
2387 1553 1670 1438 
2388 1465 1629 1473 
2389 1598 1630 933 
2390 1490 1700 950 
2391 1199 1701 1604 
2392 1468 1622 140 
2393 1469 1620 332 
2394 328 1621 1470 
2395 1471 1623 137 
2396 1388 1701 1595 
2397 1474 1700 1463 
2398 1105 1475 1102 
2399 1196 1477 1195 
2400 1110 1493 1109 
2401 1450 1479 1145 
2402 1583 1613 181 
2403 1499 1588 991 
2404 1365 1486 1364 
2405 1430 1496 1441 
2406 1406 1495 1405 
2407 1004 1478 1476 
2408 1116 1571 1399 
2409 1430 1553 1496 
2410 1048 1614 1466 
2411 209 1612 1585 
2412 1152 1552 1155 
2413 982 1609 1489 
2414 1181 1500 1180 
2415 1129 1490 1128 
2416 1462 1473 934 
2417 1004 1476 1114 
2418 1480 1503 247 
2419 1170 1494 1171 
2420 1094 1586 1098 
2421 959 1472 1455 
2422 1274 1508 1273 
2423 1099 1602 1237 
2424 1163 1488 953 
2425 1126 1502 1012 
2426 982 1489 1457 
2427 1269 1510 1264 
2428 1461 1491 1186 
2429 1555 1591 963 
2430 1283 1592 996 
2431 1530 1570 975 
2432 1242 1548 1245 
2433 1256 1569 1202 
2434 484 1481 483 
2435 1235 1580 1236 
2436 154 1578 1497 
2437 1197 1478 1004 
2438 154 1497 153 
2439 1454 1553 1430 
2440 1219 1509 1215 
2441 1171 1595 1208 
2442 1222 1499 991 
2443 1415 1474 1068 
2444 196 1517 195 
2445 248 1480 247 
2446 225 1566 224 
2447 1557 1558 289 
2448 236 1562 235 
2449 218 1581 217 
2450 1298 1521 1295 
2451 1564 1574 361 
2452 951 1504 1427 
2453 1417 1561 960 
2454 924 1520 1381 
2455 230 1587 229 
2456 250 1576 249 
2457 207 1501 206 
2458 924 1544 1520 
2459 1312 1528 1309 
2460 1091 1616 1120 
2461 1136 1590 1137 
2462 980 1506 1320 
2463 387 1518 386 
2464 937 1505 1442 
2465 1133 1507 1134 
2466 271 1513 270 
2467 1028 1514 1428 
2468 421 1589 420 
2469 1394 1482 1038 
2470 511 1485 510 
2471 182 1583 181 
2472 1556 1560 311 
2473 1299 1523 1409 
2474 277 1516 276 
2475 1015 1522 1371 
2476 326 1532 325 
2477 1225 1565 1224 
2478 290 1557 289 
2479 1259 1539 1262 
2480 1375 1533 1340 
2481 307 1538 306 
2482 320 1535 319 
2483 1317 1546 1322 
2484 323 1550 1537 
2485 247 1503 246 
2486 1329 1545 1332 
2487 320 1543 1535 
2488 311 1560 310 
2489 323 1537 322 
2490 359 1524 358 
2491 309 1536 308 
2492 995 1492 1386 
2493 1391 1525 1330 
2494 283 1534 282 
2495 324 1550 323 
2496 251 1593 250 
2497 314 1549 313 
2498 361 1574 360 
2499 344 1541 343 
2500 174 1515 173 
2501 289 1558 288 
2502 312 1556 311 
2503 362 1564 361 
2504 321 1543 320 
2505 963 1591 1368 
2506 1250 1568 1249 
2507 294 1526 293 
2508 448 1540 447 
2509 209 1585 208 
2510 1344 1551 1347 
2511 1389 1529 927 
2512 245 1575 244 
2513 159 1607 158 
2514 1382 1544 924 
2515 287 1512 286 
2516 1285 1572 1286 
2517 1407 1555 963 
2518 1198 1594 1066 
2519 1310 1527 1402 
2520 1423 1530 975 
2521 1044 1511 1451 
2522 202 1563 201 
2523 281 1573 280 
2524 419 1559 418 
2525 1069 1547 1356 
2526 250 1593 1576 
2527 937 1519 1505 
2528 1325 1554 940 
2529 1387 1542 1014 
2530 1150 1597 1151 
2531 929 1567 1366 
2532 266 1531 265 
2533 172 1599 171 
2534 257 1582 256 
2535 157 1603 156 
2536 145 1487 144 
2537 237 1601 236 
2538 1408 1577 929 
2539 401 1579 400 
2540 155 1578 154 
2541 972 1584 1419 
2542 1165 1605 1168 
2543 236 1601 1562 
2544 1433 1519 937 
2545 929 1577 1567 
2546 210 1612 209 
2547 1090 1598 1089 
2548 187 1596 186 
2549 513 1498 512 
2550 220 1611 219 
2551 181 1613 180 
2552 497 1610 496 
2553 234 1600 233 
2554 1416 1609 982 
2555 975 1570 1418 
2556 1369 1604 1067 
2557 1173 1606 1176 
2558 499 1615 498 
2559 1082 1608 1085 
2560 1449 1617 973 
2561 1464 1484 1058 
2562 198 1619 197 
2563 991 1588 1467 
2564 985 1483 1458 
2565 1075 1618 1078 
2566 1494 1595 1171 
2567 139 1622 1073 
2568 1379 1621 331 
2569 329 1620 1072 
2570 520 1623 1132 
2571 1643 1681 1405 
2572 1144 1667 1142 
2573 1364 1696 986 
2574 1118 1691 1113 
2575 1274 1662 1631 
2576 907 1634 1422 
2577 1405 1681 1049 
2578 1045 1671 1255 
2579 1183 1672 978 
2580 1357 1649 922 
2581 1293 1660 1291 
2582 1345 1648 1346 
2583 1262 1687 1680 
2584 1324 1656 1323 
2585 1023 1645 1378 
2586 1206 1686 958 
2587 1349 1669 1007 
2588 1262 1680 1051 
2589 1297 1647 1296 
2590 971 1662 1274 
2591 1287 1642 1288 
2592 1252 1655 1251 
2593 956 1675 1393 
2594 1301 1638 1302 
2595 1270 1635 1271 
2596 1365 1664 1636 
2597 1247 1651 1246 
2598 1204 1694 946 
2599 1411 1684 964 
2600 1280 1665 1050 
2601 1166 1646 1167 
2602 1104 1639 1103 
2603 1138 1632 1139 
2604 1236 1692 931 
2605 1364 1699 1696 
2606 967 1664 1365 
2607 1076 1668 1077 
2608 1115 1654 1117 
2609 1193 1626 1196 
2610 1131 1628 1130 
2611 1106 1627 1107 
2612 1626 1689 1196 
2613 1236 1698 1692 
2614 1352 1681 1643 
2615 1024 1626 1435 
2616 1352 1643 1436 
2617 1168 1667 1056 
2618 1431 1636 1231 
2619 1146 1634 1148 
2620 1414 1631 1260 
2621 1631 1662 1260 
2622 1400 1663 1398 
2623 1083 1688 1084 
2624 1445 1695 1444 
2625 1188 1674 1189 
2626 1080 1696 1079 
2627 1307 1655 1047 
2628 1182 1693 1183 
2629 1142 1683 1396 
2630 1178 1686 1177 
2631 1362 1647 1030 
2632 1227 1665 1226 
2633 1636 1664 1231 
2634 1302 1649 1300 
2635 1254 1644 1257 
2636 943 1668 1170 
2637 1195 1684 1194 
2638 1367 1660 1013 
2639 1347 1656 1019 
2640 1232 1657 1230 
2641 923 1642 1383 
2642 1213 1680 1212 
2643 1278 1677 1276 
2644 1231 1664 1232 
2645 1306 1659 1304 
2646 1323 1658 1355 
2647 1426 1651 1031 
2648 1174 1675 1175 
2649 1032 1635 1359 
2650 1336 1650 1338 
2651 910 1648 1384 
2652 1313 1645 1314 
2653 1260 1662 1261 
2654 1348 1652 1349 
2655 1240 1661 1243 
2656 1220 1671 1221 
2657 1125 1672 1124 
2658 1267 1669 1268 
2659 1305 1640 1306 
2660 1353 1681 1352 
2661 1011 1632 1161 
2662 1393 1682 1392 
2663 1039 1646 1181 
2664 1034 1638 1425 
2665 1680 1687 1212 
2666 1210 1653 1213 
2667 1122 1679 1125 
2668 1203 1678 1201 
2669 1212 1687 1413 
2670 1351 1633 1353 
2671 1148 1629 1147 
2672 1422 1673 1421 
2673 1277 1676 1278 
2674 1087 1692 1086 
2675 964 1641 168 
2676 1460 1628 949 
2677 1282 1685 1281 
2678 1079 1699 1440 
2679 1432 1690 1123 
2680 1158 1694 1159 
2681 990 1654 1412 
2682 919 1627 1454 
2683 926 1691 1463 
2684 1373 1697 1372 
2685 166 1689 1024 
2686 1453 1666 1166 
2687 1443 1630 1445 
2688 1439 1670 1106 
2689 1465 1639 1062 
2690 1456 1637 1076 
2691 1086 1698 1403 
2692 1024 1689 1626 
2693 1696 1699 1079 
2694 1692 1698 1086 
2695 1073 1622 1468 
2696 1132 1623 1471 
2697 1072 1620 1469 
2698 1470 1621 1379 
2699 1170 1668 1637 
2700 1637 1668 1076 
2701 1106 1670 1627 
2702 1627 1670 1454 
2703 1166 1666 1646 
2704 1646 1666 1181 
2705 1656 1658 1323 
2706 1347 1658 1656 
2707 1168 1683 1667 
2708 1667 1683 1142 
2709 1641 1684 1195 
2710 964 1684 1641 
2711 1468 1625 1073 
2712 1379 1624 1470 
2713 1545 1624 1332 
2714 1133 1625 1507 
2715 1477 1641 1195 
2716 1493 1695 1109 
2717 1486 1699 1364 
2718 1048 1688 1614 
2719 1170 1637 1494 
2720 1500 1682 1180 
2721 1605 1683 1168 
2722 980 1644 1506 
2723 959 1633 1472 
2724 1488 1657 953 
2725 1225 1676 1565 
2726 1250 1685 1568 
2727 1126 1679 1502 
2728 1616 1697 1120 
2729 1274 1631 1508 
2730 1561 1659 960 
2731 995 1653 1492 
2732 1554 1674 940 
2733 1482 1678 1038 
2734 1365 1636 1486 
2735 951 1640 1504 
2736 1298 1652 1521 
2737 1580 1698 1236 
2738 1015 1650 1522 
2739 1551 1658 1347 
2740 1484 1663 1058 
2741 1495 1643 1405 
2742 1406 1690 1495 
2743 1539 1687 1262 
2744 1069 1661 1547 
2745 1507 1673 1134 
2746 1508 1677 1273 
2747 1150 1693 1597 
2748 1196 1689 1477 
2749 1181 1666 1500 
2750 1473 1629 934 
2751 1454 1670 1553 
2752 1090 1630 1598 
2753 1129 1700 1490 
2754 1604 1701 1067 
2755 1415 1700 1474 
2756 1595 1701 1208 
2 16 2 1974
2757 2274 2278 2199 
2758 2200 2274 2199 
2759 2269 2302 2256 
2760 2256 2302 2208 
2761 2011 2410 1858 
2762 1858 2410 2404 
2763 2085 2311 2084 
2764 2311 2354 2084 
2765 2330 2353 2174 
2766 2174 2353 2173 
2767 2139 2343 2140 
2768 2343 2350 2140 
2769 2130 2364 2361 
2770 2131 2364 2130 
2771 1920 2413 2406 
2772 1920 2406 1919 
2773 2158 2307 2215 
2774 2158 2315 2307 
2775 1942 2310 1943 
2776 2112 2375 2367 
2777 2112 2367 2113 
2778 2369 2379 2163 
2779 2162 2369 2163 
2780 1942 2314 2310 
2781 2391 2410 1743 
2782 1743 2410 2011 
2783 2078 2328 2033 
2784 2328 2384 2033 
2785 2024 2309 2281 
2786 2024 2281 2025 
2787 2041 2401 2299 
2788 2041 2299 2040 
2789 2296 2403 2050 
2790 2055 2296 2050 
2791 1989 2395 1988 
2792 2395 2412 1988 
2793 1992 2295 2271 
2794 1992 2271 1993 
2795 2285 2416 1897 
2796 1898 2285 1897 
2797 1910 2270 1911 
2798 1910 2291 2270 
2799 2185 2424 2268 
2800 2185 2268 1863 
2801 1865 2425 2155 
2802 2155 2267 1865 
2803 1767 2273 1915 
2804 1910 2273 1767 
2805 1915 2293 1767 
2806 1767 2291 1910 
2807 1873 2327 1774 
2808 2002 2301 1837 
2809 1778 2308 1979 
2810 1708 2289 1883 
2811 1837 2305 2002 
2812 2256 2283 1925 
2813 1979 2313 1778 
2814 1774 2417 1873 
2815 1851 2304 1952 
2816 1930 2402 1850 
2817 1897 2416 1720 
2818 1729 2312 1893 
2819 2007 2300 1823 
2820 1853 2286 1888 
2821 1988 2412 1760 
2822 1993 2271 2182 
2823 2024 2316 1835 
2824 1823 2321 2007 
2825 1741 2407 1984 
2826 1823 2300 2010 
2827 1998 2326 1717 
2828 2188 2393 1956 
2829 1947 2381 1750 
2830 2028 2373 1802 
2831 1795 2389 2050 
2832 1769 2383 1971 
2833 1835 2309 2024 
2834 2199 2278 1987 
2835 1928 2274 2200 
2836 1888 2396 1853 
2837 1747 2341 2094 
2838 1942 2391 1743 
2839 2066 2339 1803 
2840 1803 2325 2066 
2841 1876 2418 1782 
2842 1869 2398 1855 
2843 1801 2347 2033 
2844 2050 2403 1795 
2845 1802 2376 2028 
2846 2098 2341 1747 
2847 1768 2411 1961 
2848 1750 2394 1947 
2849 2071 2370 1796 
2850 1762 2382 2076 
2851 2182 2275 1995 
2852 1825 2279 1935 
2853 1981 2322 2246 
2854 2094 2392 1747 
2855 1717 2368 1998 
2856 1796 2323 2071 
2857 1961 2399 1768 
2858 2117 2331 1826 
2859 2018 2386 1846 
2860 1747 2333 2098 
2861 2010 2362 1823 
2862 1914 2414 2248 
2863 1801 2357 2045 
2864 2054 2377 1802 
2865 2112 2374 1728 
2866 2108 2336 1728 
2867 1826 2338 2117 
2868 2077 2317 2017 
2869 1728 2374 2108 
2870 2045 2347 1801 
2871 1757 2320 1964 
2872 2041 2294 2016 
2873 1952 2400 1851 
2874 1995 2297 2182 
2875 2036 2311 2085 
2876 2084 2354 2100 
2877 2241 2306 2092 
2878 2033 2384 1801 
2879 1750 2381 1919 
2880 1820 2329 2126 
2881 1744 2390 1957 
2882 1802 2373 2054 
2883 1778 2380 1976 
2884 2123 2329 1820 
2885 1883 2405 1708 
2886 2126 2335 1820 
2887 2038 2372 1845 
2888 1808 2355 2135 
2889 1820 2344 2123 
2890 2118 2334 2160 
2891 2147 2332 2178 
2892 1808 2352 2130 
2893 2135 2352 1808 
2894 2233 2282 2070 
2895 1706 2345 2156 
2896 2153 2360 2164 
2897 1976 2308 1778 
2898 1728 2375 2112 
2899 2156 2346 1706 
2900 1706 2351 2144 
2901 2144 2345 1706 
2902 1707 2348 2148 
2903 1862 2346 2156 
2904 2140 2350 1709 
2905 2148 2348 1710 
2906 1782 2419 1876 
2907 2010 2284 1805 
2908 2144 2351 1711 
2909 1824 2335 2126 
2910 1709 2356 2140 
2911 1814 2343 2139 
2912 1743 2314 1942 
2913 1827 2364 2131 
2914 2153 2356 1709 
2915 2092 2292 2241 
2916 2131 2340 1827 
2917 1803 2339 2061 
2918 1869 2319 1718 
2919 2054 2389 1795 
2920 1709 2360 2153 
2921 1710 2358 2148 
2922 2135 2355 1821 
2923 2075 2318 2100 
2924 2125 2330 2174 
2925 1919 2406 1750 
2926 2163 2379 2116 
2927 2100 2318 2084 
2928 2123 2344 1827 
2929 2130 2361 1808 
2930 2107 2324 2177 
2931 2167 2369 2162 
2932 1795 2377 2054 
2933 1827 2340 2123 
2934 2215 2307 2065 
2935 2081 2385 1881 
2936 2167 2349 2111 
2937 2117 2338 1830 
2938 1793 2372 2038 
2939 1780 2363 1964 
2940 2177 2324 2173 
2941 1718 2398 1869 
2942 2031 2315 2158 
2943 1757 2399 1961 
2944 2162 2349 2167 
2945 1766 2408 1926 
2946 2098 2333 1754 
2947 2113 2367 1812 
2948 1749 2415 1905 
2949 2016 2401 2041 
2950 1723 2336 2108 
2951 1964 2363 1757 
2952 2160 2334 2044 
2953 1957 2390 1745 
2954 2173 2353 2177 
2955 1805 2362 2010 
2956 2045 2357 1833 
2957 2038 2342 1793 
2958 1786 2400 1952 
2959 2246 2387 1981 
2960 1832 2328 2078 
2961 1947 2394 1751 
2962 1926 2408 1859 
2963 1925 2269 2256 
2964 2071 2323 1843 
2965 1961 2320 1757 
2966 1900 2290 1892 
2967 1920 2415 1749 
2968 2066 2325 1831 
2969 2076 2382 1763 
2970 1791 2386 2018 
2971 1998 2368 1718 
2972 1976 2380 1779 
2973 2101 2392 2094 
2974 1841 2296 2055 
2975 2048 2371 2191 
2976 2025 2281 1805 
2977 1748 2396 1888 
2978 2028 2376 1835 
2979 1970 2387 2246 
2980 1718 2319 1998 
2981 1943 2310 1770 
2982 1872 2295 1992 
2983 1971 2383 1858 
2984 1704 2405 1883 
2985 1835 2316 2028 
2986 1923 2277 1995 
2987 2182 2297 1993 
2988 1950 2272 2229 
2989 1749 2413 1920 
2990 1770 2365 1943 
2991 1893 2312 1854 
2992 2229 2280 1950 
2993 2103 2287 2001 
2994 2007 2321 1847 
2995 2040 2299 2006 
2996 1858 2404 1971 
2997 1805 2284 2025 
2998 1888 2409 1748 
2999 1825 2395 1989 
3000 2208 2302 2248 
3001 2246 2366 1970 
3002 1853 2285 1898 
3003 1934 2288 1787 
3004 1753 2313 1979 
3005 1989 2279 1825 
3006 1984 2407 1742 
3007 2248 2414 2208 
3008 1785 2402 1930 
3009 2218 2303 1955 
3010 1995 2275 1923 
3011 2002 2305 1852 
3012 1906 2365 1770 
3013 1911 2270 1724 
3014 1876 2417 1774 
3015 1937 2378 1891 
3016 1781 2293 1915 
3017 1738 2327 1873 
3018 1774 2418 1876 
3019 1898 2286 1853 
3020 2268 2424 1864 
3021 1907 1913 1908 
3022 1870 1874 1840 
3023 1874 1875 1840 
3024 1924 1926 1922 
3025 651 1877 650 
3026 1878 2205 1877 
3027 1921 1924 1922 
3028 1936 2263 2242 
3029 1882 2185 2184 
3030 756 2261 1783 
3031 1896 1900 1899 
3032 2262 2264 752 
3033 652 1870 1840 
3034 1783 1907 755 
3035 724 2213 2012 
3036 686 1931 1714 
3037 1931 1932 1714 
3038 1986 2019 1989 
3039 1840 1877 651 
3040 1987 1990 1985 
3041 1936 2242 1933 
3042 718 2227 717 
3043 660 1921 1771 
3044 1933 2242 1714 
3045 796 2072 795 
3046 755 1907 754 
3047 715 2184 714 
3048 2230 2254 2244 
3049 1884 2226 1886 
3050 693 1894 692 
3051 691 1899 1854 
3052 720 2250 719 
3053 1877 2205 650 
3054 748 1953 1849 
3055 1953 1954 1849 
3056 1783 1913 1907 
3057 1951 2194 2193 
3058 641 2193 640 
3059 1899 1900 1854 
3060 653 1870 652 
3061 1901 2072 796 
3062 1941 2212 1972 
3063 2019 2263 1936 
3064 733 1889 1784 
3065 1889 1890 1784 
3066 1879 1880 1844 
3067 661 1921 660 
3068 716 1879 1844 
3069 1884 1885 1799 
3070 696 1884 1799 
3071 1902 1906 1905 
3072 1921 1922 1771 
3073 2190 2191 1983 
3074 1790 2190 1983 
3075 717 2227 1879 
3076 1874 1876 1875 
3077 1753 1999 635 
3078 1993 2238 1991 
3079 1875 1877 1840 
3080 1887 2249 1799 
3081 1932 1933 1714 
3082 1999 2003 2000 
3083 760 2056 759 
3084 1896 1899 1894 
3085 793 1944 792 
3086 2012 2213 2013 
3087 2220 2257 2009 
3088 1866 1867 1822 
3089 721 1866 1822 
3090 2004 2008 2005 
3091 784 1973 1848 
3092 792 1944 1788 
3093 1790 1980 809 
3094 1946 2102 1788 
3095 1966 2223 1965 
3096 1844 2184 715 
3097 775 1958 1839 
3098 635 1999 634 
3099 2049 2052 2051 
3100 794 1916 793 
3101 1973 1977 1974 
3102 750 2255 749 
3103 795 2072 1817 
3104 1756 2193 641 
3105 724 2012 723 
3106 1929 2187 1713 
3107 614 2020 1742 
3108 677 2187 676 
3109 642 1948 1756 
3110 2049 2051 2046 
3111 2056 2207 759 
3112 1948 1949 1756 
3113 785 1973 784 
3114 757 2261 756 
3115 2039 2179 2041 
3116 1804 1927 679 
3117 1894 1899 692 
3118 606 2186 605 
3119 714 2184 1863 
3120 1916 1944 793 
3121 658 2234 1861 
3122 731 2232 1720 
3123 1765 2004 599 
3124 1956 2224 1849 
3125 2093 2096 2095 
3126 797 1901 796 
3127 774 1965 773 
3128 809 1980 808 
3129 697 2226 1884 
3130 1817 2239 1917 
3131 2017 2197 1764 
3132 804 1967 1777 
3133 619 2011 1858 
3134 1753 2003 1999 
3135 1848 2209 783 
3136 640 2193 1779 
3137 1973 1974 1848 
3138 807 2236 806 
3139 1875 1878 1877 
3140 1958 1959 1839 
3141 735 2231 734 
3142 1938 1939 1829 
3143 1972 2212 1777 
3144 1918 1945 1944 
3145 1949 1951 1756 
3146 1713 2187 677 
3147 1790 1982 1980 
3148 1958 1962 1959 
3149 801 1938 1829 
3150 776 1958 775 
3151 1730 2260 663 
3152 682 1985 681 
3153 605 2186 1775 
3154 1788 2102 791 
3155 1889 1891 1890 
3156 657 2181 656 
3157 620 2011 619 
3158 2014 2203 2016 
3159 1944 1945 1788 
3160 2072 2239 1817 
3161 1785 2198 743 
3162 1880 1882 1844 
3163 2032 2043 2042 
3164 1822 2250 720 
3165 1796 2089 842 
3166 1765 2008 2004 
3167 599 2004 598 
3168 609 2046 608 
3169 1954 1956 1849 
3170 1839 1965 774 
3171 1790 1983 1982 
3172 1861 2181 657 
3173 1884 1886 1885 
3174 1967 1968 1777 
3175 1842 2201 2075 
3176 1867 1868 1822 
3177 1986 1987 1985 
3178 1800 1870 653 
3179 836 2119 2083 
3180 1938 2212 1941 
3181 1975 2209 1848 
3182 1928 1929 1713 
3183 805 1967 804 
3184 1953 1955 1954 
3185 2244 2254 1903 
3186 1882 2184 1844 
3187 1938 1941 1939 
3188 1890 1893 1892 
3189 2046 2051 608 
3190 1842 2073 832 
3191 2057 2063 568 
3192 2093 2095 2090 
3193 1860 1970 1969 
3194 1704 2082 705 
3195 1857 1921 661 
3196 873 2109 872 
3197 2106 2112 2110 
3198 1960 1965 1839 
3199 2060 2064 2063 
3200 1914 1915 1913 
3201 692 1899 691 
3202 1841 2191 2190 
3203 826 2039 1847 
3204 2039 2040 1847 
3205 754 1907 1811 
3206 1968 1972 1777 
3207 2090 2095 848 
3208 1731 2227 718 
3209 1959 1960 1839 
3210 1980 1982 1981 
3211 806 2236 1860 
3212 1861 2182 2181 
3213 2021 2026 2022 
3214 2029 2042 561 
3215 832 2073 831 
3216 872 2109 1702 
3217 587 2099 1761 
3218 1817 1916 794 
3219 2032 2042 2029 
3220 849 2090 848 
3221 783 2209 782 
3222 763 1994 1859 
3223 1794 1901 797 
3224 1929 2188 2187 
3225 1917 1920 1919 
3226 1842 2074 2073 
3227 562 2029 561 
3228 1978 1979 1977 
3229 1705 1894 693 
3230 584 2034 1759 
3231 1932 1934 1933 
3232 2083 2119 2085 
3233 1954 1957 1956 
3234 847 2095 1834 
3235 1842 2075 2074 
3236 2106 2110 2109 
3237 2104 2109 873 
3238 2034 2035 1759 
3239 842 2089 841 
3240 1879 1881 1880 
3241 1945 1946 1788 
3242 1951 2193 1756 
3243 1890 1892 1784 
3244 2060 2063 2057 
3245 2161 2163 1830 
3246 1866 1996 1867 
3247 2037 2196 1759 
3248 1797 1973 785 
3249 2052 2053 1776 
3250 2067 2168 2069 
3251 1743 2011 620 
3252 1974 1975 1848 
3253 1986 1988 1987 
3254 588 2099 587 
3255 1773 2221 602 
3256 2039 2041 2040 
3257 560 2042 1732 
3258 1860 1967 805 
3259 676 2187 1745 
3260 568 2063 567 
3261 848 2095 847 
3262 2015 2017 1764 
3263 803 2212 802 
3264 874 2104 873 
3265 1917 1919 1918 
3266 2030 2078 2033 
3267 2058 2062 2061 
3268 1849 2224 747 
3269 1871 1874 1870 
3270 561 2042 560 
3271 1775 2186 2027 
3272 2051 2052 1776 
3273 607 2051 1776 
3274 2079 2082 2081 
3275 1776 2186 606 
3276 1792 1958 776 
3277 2111 2180 1702 
3278 1986 1989 1988 
3279 2042 2043 1732 
3280 808 1980 1789 
3281 1739 1994 764 
3282 1885 1887 1799 
3283 2095 2096 1834 
3284 698 2226 697 
3285 2114 2118 2115 
3286 634 1999 1752 
3287 1895 1898 1897 
3288 2086 2088 2087 
3289 569 2057 568 
3290 1739 1995 1994 
3291 2021 2022 1773 
3292 1946 2103 2102 
3293 1939 1942 1940 
3294 2035 2037 1759 
3295 2067 2069 2068 
3296 1991 2238 766 
3297 1736 1985 682 
3298 2109 2110 1702 
3299 2120 2124 2121 
3300 1895 1897 1896 
3301 556 2114 1726 
3302 719 2250 1731 
3303 2000 2002 2001 
3304 2022 2024 2023 
3305 552 2166 1812 
3306 1949 1952 1951 
3307 1735 2219 566 
3308 598 2004 1737 
3309 1903 1906 1902 
3310 1765 2009 2008 
3311 1867 1869 1868 
3312 572 2101 1719 
3313 1766 2056 760 
3314 536 2132 1712 
3315 2114 2115 1726 
3316 2110 2111 1702 
3317 868 2161 1830 
3318 1960 1966 1965 
3319 1902 1905 1904 
3320 2027 2186 2053 
3321 1762 2099 588 
3322 2132 2133 1712 
3323 2047 2049 2046 
3324 869 2161 868 
3325 1746 2057 569 
3326 2128 2192 2131 
3327 2067 2068 1755 
3328 743 2198 742 
3329 1733 2029 562 
3330 1931 1937 1932 
3331 579 2067 1755 
3332 2064 2066 2065 
3333 2065 2219 1735 
3334 2145 2149 1821 
3335 2112 2113 2110 
3336 553 2166 552 
3337 831 2073 1846 
3338 2079 2081 2080 
3339 2150 2152 1711 
3340 2166 2167 1812 
3341 2009 2010 2008 
3342 1722 2189 544 
3343 526 2150 1711 
3344 1721 2124 2120 
3345 1910 1911 1909 
3346 594 2203 2014 
3347 603 2021 1773 
3348 538 2127 537 
3349 1860 1969 1967 
3350 2172 2174 2173 
3351 2043 2044 1732 
3352 678 1927 1713 
3353 731 1720 730 
3354 754 1811 753 
3355 761 1766 760 
3356 770 1774 769 
3357 777 1792 776 
3358 782 1851 781 
3359 795 1817 794 
3360 804 1777 803 
3361 1740 2046 609 
3362 581 2168 580 
3363 1764 2197 592 
3364 722 1866 721 
3365 726 1748 725 
3366 733 1784 732 
3367 742 1760 741 
3368 744 1785 743 
3369 749 1953 748 
3370 751 1807 750 
3371 756 1783 755 
3372 763 1859 762 
3373 772 1782 771 
3374 784 1848 783 
3375 786 1797 785 
3376 801 1829 800 
3377 806 1860 805 
3378 808 1789 807 
3379 527 2150 526 
3380 557 2114 556 
3381 898 2141 1819 
3382 577 2202 1754 
3383 524 1706 523 
3384 526 1711 525 
3385 530 1703 529 
3386 532 1707 531 
3387 534 1710 533 
3388 543 1721 542 
3389 545 1722 544 
3390 547 1723 546 
3391 552 1812 551 
3392 554 1725 553 
3393 565 1734 564 
3394 567 1735 566 
3395 570 1746 569 
3396 579 1755 578 
3397 582 1758 581 
3398 589 1762 588 
3399 596 1772 595 
3400 600 1765 599 
3401 612 1741 611 
3402 614 1742 613 
3403 621 1743 620 
3404 640 1779 639 
3405 642 1756 641 
3406 645 1780 644 
3407 660 1771 659 
3408 662 1857 661 
3409 676 1745 675 
3410 678 1713 677 
3411 706 1704 705 
3412 708 1708 707 
3413 775 1839 774 
3414 528 1856 527 
3415 536 1712 535 
3416 539 1715 538 
3417 541 1716 540 
3418 556 1726 555 
3419 558 1727 557 
3420 563 1733 562 
3421 572 1719 571 
3422 575 1747 574 
3423 577 1754 576 
3424 584 1759 583 
3425 587 1761 586 
3426 591 1763 590 
3427 593 1764 592 
3428 598 1737 597 
3429 603 1773 602 
3430 605 1775 604 
3431 607 1776 606 
3432 610 1740 609 
3433 619 1858 618 
3434 638 1778 637 
3435 647 1757 646 
3436 664 1730 663 
3437 674 1744 673 
3438 683 1736 682 
3439 694 1705 693 
3440 699 1717 698 
3441 701 1718 700 
3442 768 1738 767 
3443 580 2168 2067 
3444 522 1862 521 
3445 878 2172 877 
3446 897 2164 896 
3447 888 2145 1821 
3448 593 2014 1764 
3449 899 2141 898 
3450 2129 2133 2132 
3451 2059 2062 2058 
3452 537 2132 536 
3453 798 1794 797 
3454 2141 2142 1819 
3455 1813 2161 869 
3456 1721 2120 542 
3457 1806 2104 874 
3458 2091 2093 2090 
3459 658 1861 657 
3460 666 1781 665 
3461 680 1804 679 
3462 687 1931 686 
3463 691 1854 690 
3464 696 1799 695 
3465 697 1884 696 
3466 703 1855 702 
3467 847 1834 846 
3468 881 1820 880 
3469 890 1809 889 
3470 2115 2117 2116 
3471 1824 2172 878 
3472 864 2159 1833 
3473 1826 2159 865 
3474 2162 2163 2161 
3475 1942 1943 1940 
3476 2068 2071 2070 
3477 1723 2177 2176 
3478 865 2159 864 
3479 2110 2113 2111 
3480 2014 2015 1764 
3481 1824 2174 2172 
3482 656 2181 1818 
3483 2134 2165 1712 
3484 2159 2160 1833 
3485 2170 2171 1856 
3486 2075 2076 2074 
3487 2096 2098 2097 
3488 2030 2032 2029 
3489 2136 2137 1703 
3490 1927 1928 1713 
3491 747 2224 746 
3492 583 2196 582 
3493 845 2214 1843 
3494 1819 2164 897 
3495 2133 2134 1712 
3496 2151 2153 2152 
3497 529 2170 528 
3498 2125 2126 2124 
3499 1815 2141 899 
3500 2142 2143 1819 
3501 734 2231 1889 
3502 2106 2109 2104 
3503 2141 2154 2142 
3504 2128 2130 2129 
3505 1856 2150 527 
3506 1715 2127 538 
3507 1814 2169 891 
3508 2107 2108 2105 
3509 1787 2231 735 
3510 1798 2090 849 
3511 2128 2131 2130 
3512 1783 2261 1914 
3513 2031 2078 2030 
3514 764 1994 763 
3515 810 2190 1790 
3516 1727 2114 557 
3517 2137 2138 1703 
3518 1815 2154 2141 
3519 528 2170 1856 
3520 530 2136 1703 
3521 815 1795 814 
3522 824 1823 823 
3523 826 1847 825 
3524 850 1798 849 
3525 852 1838 851 
3526 895 1709 894 
3527 1809 2146 2145 
3528 1809 2169 2147 
3529 889 2145 888 
3530 2143 2164 1819 
3531 1856 2171 2151 
3532 2105 2106 2104 
3533 2142 2144 2143 
3534 2146 2149 2145 
3535 2044 2183 1732 
3536 2120 2121 1716 
3537 817 1802 816 
3538 819 1835 818 
3539 822 1805 821 
3540 827 2039 826 
3541 829 1791 828 
3542 831 1846 830 
3543 833 1842 832 
3544 835 1836 834 
3545 836 2083 835 
3546 838 1793 837 
3547 840 1845 839 
3548 841 2086 840 
3549 843 1796 842 
3550 845 1843 844 
3551 855 1803 854 
3552 857 1831 856 
3553 859 1832 858 
3554 862 1801 861 
3555 864 1833 863 
3556 866 1826 865 
3557 868 1830 867 
3558 870 1813 869 
3559 875 1806 874 
3560 877 1828 876 
3561 879 1824 878 
3562 883 1827 882 
3563 886 1808 885 
3564 888 1821 887 
3565 1809 2145 889 
3566 892 1814 891 
3567 898 1819 897 
3568 900 1815 899 
3569 1815 2155 2154 
3570 1889 2231 1891 
3571 2127 2132 537 
3572 903 1865 904 
3573 877 2172 1828 
3574 2137 2139 2138 
3575 857 2157 1831 
3576 2139 2140 2138 
3577 2138 2170 1703 
3578 1746 2059 2058 
3579 1726 2195 555 
3580 1702 2180 871 
3581 1813 2162 2161 
3582 596 2237 1772 
3583 2034 2036 2035 
3584 1775 2027 2026 
3585 2155 2156 2154 
3586 1703 2170 529 
3587 541 2120 1716 
3588 2058 2060 2057 
3589 2121 2123 2122 
3590 2151 2152 2150 
3591 1809 2147 2146 
3592 1758 2168 581 
3593 2043 2045 2044 
3594 1727 2118 2114 
3595 711 1864 710 
3596 2133 2135 2134 
3597 2115 2116 1726 
3598 2147 2148 2146 
3599 567 2063 1735 
3600 2052 2054 2053 
3601 2058 2061 2060 
3602 2140 2171 2138 
3603 2121 2122 1716 
3604 1746 2058 2057 
3605 1856 2151 2150 
3606 2030 2033 2032 
3607 624 1770 623 
3608 1707 2178 2136 
3609 2122 2175 1716 
3610 1775 2026 2021 
3611 542 2120 541 
3612 549 1728 548 
3613 560 1732 559 
3614 573 2101 572 
3615 580 2067 579 
3616 585 2034 584 
3617 594 2014 593 
3618 615 2020 614 
3619 617 1769 616 
3620 627 1749 626 
3621 630 1750 629 
3622 632 1751 631 
3623 634 1752 633 
3624 636 1753 635 
3625 643 1948 642 
3626 649 1768 648 
3627 652 1840 651 
3628 654 1800 653 
3629 656 1818 655 
3630 668 1767 667 
3631 671 1724 670 
3632 679 1927 678 
3633 686 1714 685 
3634 689 1729 688 
3635 717 1879 716 
3636 728 1853 727 
3637 746 1850 745 
3638 758 1816 757 
3639 765 1739 764 
3640 788 1837 787 
3641 790 1852 789 
3642 792 1788 791 
3643 810 1790 809 
3644 812 1841 811 
3645 531 2136 530 
3646 534 2165 1710 
3647 782 2209 1851 
3648 535 2165 534 
3649 1832 2158 2157 
3650 1777 2212 803 
3651 1707 2136 531 
3652 2035 2038 2037 
3653 1723 2176 546 
3654 1712 2165 535 
3655 2083 2085 2084 
3656 2116 2195 1726 
3657 2128 2129 2127 
3658 1721 2125 2124 
3659 841 2089 2086 
3660 1797 1978 1977 
3661 608 2051 607 
3662 837 2119 836 
3663 1715 2128 2127 
3664 1965 2223 773 
3665 1794 1903 1902 
3666 1725 2166 553 
3667 1806 2107 2105 
3668 2172 2173 1828 
3669 872 1702 871 
3670 1974 1976 1975 
3671 2138 2171 2170 
3672 539 2175 1715 
3673 716 1844 715 
3674 736 1787 735 
3675 780 1786 779 
3676 802 1938 801 
3677 1733 2031 2030 
3678 2136 2178 2137 
3679 714 1863 713 
3680 719 1731 718 
3681 721 1822 720 
3682 723 1810 722 
3683 734 1889 733 
3684 739 1825 738 
3685 748 1849 747 
3686 890 2169 1809 
3687 891 2169 890 
3688 1810 1997 1996 
3689 802 2212 1938 
3690 2064 2065 1735 
3691 1832 2157 858 
3692 2091 2094 2093 
3693 1828 2211 876 
3694 1792 1963 1962 
3695 546 2176 545 
3696 2096 2097 1834 
3697 582 2196 1758 
3698 1762 2100 2099 
3699 1759 2196 583 
3700 2175 2192 1715 
3701 2129 2132 2127 
3702 2122 2192 2175 
3703 2034 2206 2036 
3704 544 2189 543 
3705 586 2206 585 
3706 545 2176 1722 
3707 1798 2092 2091 
3708 1806 2105 2104 
3709 2047 2050 2049 
3710 1715 2192 2128 
3711 602 2221 601 
3712 555 2195 554 
3713 1969 1971 1968 
3714 1939 1940 1829 
3715 858 2157 857 
3716 1733 2030 2029 
3717 2015 2018 2017 
3718 1902 1904 1901 
3719 1798 2091 2090 
3720 540 2175 539 
3721 1716 2175 540 
3722 558 2183 1727 
3723 2047 2055 2050 
3724 585 2206 2034 
3725 1775 2021 604 
3726 1880 1883 1882 
3727 2000 2001 1752 
3728 2068 2070 1755 
3729 2228 2229 1963 
3730 704 2079 703 
3731 2097 2214 1834 
3732 1834 2214 846 
3733 543 2189 1721 
3734 1765 2220 2009 
3735 1732 2183 559 
3736 2184 2185 1863 
3737 871 2180 870 
3738 1911 1912 1909 
3739 1810 1996 1866 
3740 1810 1866 722 
3741 554 2195 1725 
3742 1798 2222 2092 
3743 559 2183 558 
3744 1734 2210 564 
3745 2005 2007 2006 
3746 1719 2204 571 
3747 876 2211 875 
3748 2086 2089 2088 
3749 2024 2025 2023 
3750 811 2190 810 
3751 875 2211 1806 
3752 2063 2064 1735 
3753 1721 2189 2125 
3754 1746 2204 2059 
3755 2023 2221 1773 
3756 1963 1964 1962 
3757 1761 2206 586 
3758 725 2213 724 
3759 749 2255 1953 
3760 1806 2211 2107 
3761 2022 2023 1773 
3762 1794 1902 1901 
3763 1837 2240 787 
3764 2083 2084 1836 
3765 2086 2087 1845 
3766 592 2197 591 
3767 1895 1896 1894 
3768 1922 1923 1771 
3769 2157 2215 1831 
3770 1885 1888 1887 
3771 850 2222 1798 
3772 835 2083 1836 
3773 840 2086 1845 
3774 1740 2048 2047 
3775 1792 1962 1958 
3776 1793 2119 837 
3777 2014 2016 2015 
3778 604 2021 603 
3779 1948 1950 1949 
3780 1997 1998 1996 
3781 1860 2236 1970 
3782 846 2214 845 
3783 1917 1918 1916 
3784 759 2207 758 
3785 2193 2194 1779 
3786 1908 1910 1909 
3787 2004 2005 1737 
3788 2079 2080 1855 
3789 1959 1961 1960 
3790 2027 2028 2026 
3791 2230 2244 799 
3792 2005 2006 1737 
3793 870 2180 1813 
3794 705 2082 704 
3795 1799 2249 695 
3796 1945 1947 1946 
3797 1736 1986 1985 
3798 2158 2215 2157 
3799 632 2253 1751 
3800 1780 2251 644 
3801 1797 1977 1973 
3802 1838 2222 851 
3803 1980 1981 1789 
3804 1740 2047 2046 
3805 2048 2055 2047 
3806 578 2202 577 
3807 566 2219 565 
3808 1928 1930 1929 
3809 1917 2239 1920 
3810 1904 2072 1901 
3811 1983 1984 1982 
3812 703 2079 1855 
3813 1817 1917 1916 
3814 571 2204 570 
3815 563 2210 1733 
3816 1733 2210 2031 
3817 570 2204 1746 
3818 2102 2103 1852 
3819 1748 2213 725 
3820 851 2222 850 
3821 564 2210 563 
3822 791 2102 790 
3823 610 2243 1740 
3824 1872 1873 1871 
3825 1789 2236 807 
3826 1967 1969 1968 
3827 565 2219 1734 
3828 1740 2243 2048 
3829 1879 2227 1881 
3830 591 2197 1763 
3831 1841 2190 811 
3832 778 2235 2228 
3833 2070 2202 1755 
3834 1783 1914 1913 
3835 833 2201 1842 
3836 1836 2201 834 
3837 1800 1872 1871 
3838 2053 2186 1776 
3839 2074 2077 2073 
3840 2216 2218 2217 
3841 1887 2258 2249 
3842 827 2179 2039 
3843 2204 2241 2059 
3844 1792 2228 1963 
3845 1755 2202 578 
3846 1999 2000 1752 
3847 1791 2179 828 
3848 1719 2241 2204 
3849 1918 1944 1916 
3850 1800 1871 1870 
3851 1857 1924 1921 
3852 2073 2077 1846 
3853 1741 2243 611 
3854 2216 2217 1724 
3855 790 2102 1852 
3856 1904 2239 2072 
3857 2221 2257 2220 
3858 1857 1925 1924 
3859 704 2082 2079 
3860 1868 2250 1822 
3861 601 2221 2220 
3862 2198 2200 2199 
3863 834 2201 833 
3864 742 2198 1760 
3865 800 2230 799 
3866 772 2223 1782 
3867 1736 2019 1986 
3868 597 2237 596 
3869 828 2179 827 
3870 672 2216 671 
3871 2228 2235 2229 
3872 2006 2237 1737 
3873 1781 2248 2247 
3874 2198 2199 1760 
3875 611 2243 610 
3876 2207 2208 1816 
3877 1934 1935 1933 
3878 752 2264 751 
3879 773 2223 772 
3880 2214 2233 1843 
3881 1940 2254 2230 
3882 650 2205 649 
3883 1737 2237 597 
3884 1738 1992 1991 
3885 654 2252 1800 
3886 746 2224 1850 
3887 1992 1993 1991 
3888 1907 1908 1811 
3889 695 2249 694 
3890 1953 2255 1955 
3891 1769 2245 616 
3892 2245 2246 2020 
3893 616 2245 615 
3894 2187 2188 1745 
3895 600 2220 1765 
3896 1800 2252 1872 
3897 671 2216 1724 
3898 732 2232 731 
3899 1705 1895 1894 
3900 758 2207 1816 
3901 1908 1909 1811 
3902 1794 2244 1903 
3903 778 2228 777 
3904 2097 2233 2214 
3905 644 2251 643 
3906 595 2203 594 
3907 601 2220 600 
3908 672 2225 2216 
3909 1807 2255 750 
3910 655 2252 654 
3911 665 2247 664 
3912 1943 2254 1940 
3913 1772 2203 595 
3914 1940 2230 1829 
3915 664 2247 1730 
3916 1912 2264 2262 
3917 1785 2200 2198 
3918 2216 2225 2218 
3919 777 2228 1792 
3920 1781 2247 665 
3921 649 2205 1768 
3922 633 2253 632 
3923 680 1990 1804 
3924 1935 1936 1933 
3925 767 1991 766 
3926 1829 2230 800 
3927 1797 2240 1978 
3928 615 2245 2020 
3929 1717 2226 698 
3930 1738 1991 767 
3931 779 2235 778 
3932 643 2251 1948 
3933 1948 2251 1950 
3934 787 2240 786 
3935 1714 2242 685 
3936 2001 2253 1752 
3937 1985 1990 681 
3938 1744 2225 673 
3939 1752 2253 633 
3940 2242 2263 684 
3941 786 2240 1797 
3942 685 2242 684 
3943 1786 2235 779 
3944 1892 2232 1784 
3945 1818 2252 655 
3946 1811 2262 753 
3947 2012 2013 1997 
3948 1909 2262 1811 
3949 723 2012 1810 
3950 694 2249 1705 
3951 799 2244 798 
3952 688 2259 687 
3953 1729 2259 688 
3954 1784 2232 732 
3955 1816 2261 757 
3956 659 2234 658 
3957 663 2260 662 
3958 1931 2259 1937 
3959 673 2225 672 
3960 798 2244 1794 
3961 2025 2257 2023 
3962 2023 2257 2221 
3963 1923 2234 1771 
3964 753 2262 752 
3965 1736 2263 2019 
3966 1895 2258 1898 
3967 1810 2012 1997 
3968 681 1990 680 
3969 1857 2260 1925 
3970 1771 2234 659 
3971 687 2259 1931 
3972 662 2260 1857 
3973 1912 2262 1909 
3974 683 2263 1736 
3975 1705 2258 1895 
3976 766 2238 765 
3977 2056 2256 2207 
3978 2207 2256 2208 
3979 684 2263 683 
3980 765 2238 1739 
3981 2249 2258 1705 
3982 751 2264 1807 
3983 2265 2424 1708 
3984 2266 2425 1865 
3985 1850 2480 1930 
3986 1760 2484 1988 
3987 1984 2478 1741 
3988 1720 2489 1897 
3989 1935 2437 1825 
3990 1893 2430 1729 
3991 1971 2454 1769 
3992 2200 2451 1928 
3993 1881 2494 2081 
3994 1905 2475 1749 
3995 1846 2476 2018 
3996 2085 2445 2036 
3997 2070 2455 2233 
3998 2076 2465 1762 
3999 1956 2477 2188 
4000 1845 2472 2038 
4001 1926 2490 1766 
4002 2177 2439 2107 
4003 2160 2447 2118 
4004 2178 2444 2147 
4005 2164 2458 2153 
4006 1964 2442 1780 
4007 2174 2440 2125 
4008 2139 2446 1814 
4009 2061 2466 1803 
4010 2111 2456 2167 
4011 2116 2443 2163 
4012 2158 2435 2031 
4013 2065 2441 2215 
4014 2044 2464 2160 
4015 1855 2485 1869 
4016 1892 2457 1900 
4017 1957 2463 1744 
4018 1859 2488 1926 
4019 1992 2461 1872 
4020 1779 2471 1976 
4021 2191 2431 2048 
4022 1754 2449 2098 
4023 2248 2427 1914 
4024 1763 2473 2076 
4025 1751 2468 1947 
4026 2094 2470 2101 
4027 2018 2450 1791 
4028 2001 2434 2103 
4029 2006 2462 2040 
4030 1955 2429 2218 
4031 1952 2469 1786 
4032 1770 2482 1906 
4033 1891 2487 1937 
4034 1883 2467 1704 
4035 1787 2491 1934 
4036 1742 2481 1984 
4037 1708 2424 2289 
4038 2156 2425 1862 
4039 2148 2444 1707 
4040 1711 2448 2144 
4041 2126 2440 1824 
4042 1821 2452 2135 
4043 2100 2465 2075 
4044 1830 2443 2117 
4045 1833 2464 2045 
4046 1812 2456 2113 
4047 2108 2439 1723 
4048 2017 2476 2077 
4049 1745 2477 1957 
4050 1987 2484 2199 
4051 2078 2435 1832 
4052 1831 2441 2066 
4053 1843 2455 2071 
4054 2055 2431 1841 
4055 1854 2457 1893 
4056 1847 2462 2007 
4057 1979 2432 1753 
4058 1930 2451 1785 
4059 1852 2434 2002 
4060 1873 2461 1738 
4061 1724 2426 1911 
4062 1915 2427 1781 
4063 709 2265 708 
4064 1815 2267 2155 
4065 902 2266 903 
4066 901 2267 900 
4067 712 2268 711 
4068 711 2268 1864 
4069 900 2267 1815 
4070 903 2266 1865 
4071 708 2265 1708 
4072 1915 2273 1913 
4073 1883 2289 1882 
4074 1987 2278 1990 
4075 1908 2273 1910 
4076 1979 2308 1977 
4077 1952 2304 1951 
4078 2019 2279 1989 
4079 1888 2286 1887 
4080 2000 2301 2002 
4081 2182 2271 2181 
4082 1774 2327 769 
4083 1956 2393 2224 
4084 1874 2417 1876 
4085 706 2405 1704 
4086 1997 2326 1998 
4087 1932 2288 1934 
4088 2010 2300 2008 
4089 689 2312 1729 
4090 2017 2317 2197 
4091 728 2285 1853 
4092 666 2293 1781 
4093 2022 2316 2024 
4094 2082 2385 2081 
4095 780 2400 1786 
4096 2239 2415 1920 
4097 1945 2381 1947 
4098 1739 2297 1995 
4099 2056 2283 2256 
4100 1961 2411 1960 
4101 617 2383 1769 
4102 1782 2418 771 
4103 2027 2373 2028 
4104 2246 2322 2020 
4105 2179 2294 2041 
4106 2094 2341 2093 
4107 2033 2347 2032 
4108 2009 2284 2010 
4109 2050 2389 2049 
4110 1751 2394 631 
4111 2100 2354 2099 
4112 2201 2318 2075 
4113 1850 2402 745 
4114 645 2363 1780 
4115 2106 2374 2112 
4116 2064 2339 2066 
4117 1853 2396 727 
4118 2005 2300 2007 
4119 1802 2377 816 
4120 822 2362 1805 
4121 1724 2270 670 
4122 2052 2389 2054 
4123 1754 2333 576 
4124 855 2325 1803 
4125 647 2399 1757 
4126 1718 2368 700 
4127 824 2321 1823 
4128 1855 2398 702 
4129 859 2328 1832 
4130 2096 2341 2098 
4131 674 2390 1744 
4132 2115 2331 2117 
4133 589 2382 1762 
4134 1867 2319 1869 
4135 862 2357 1801 
4136 2126 2329 2124 
4137 1919 2381 1918 
4138 2061 2339 2060 
4139 2121 2329 2123 
4140 886 2355 1808 
4141 2130 2352 2129 
4142 1852 2305 789 
4143 1747 2392 574 
4144 1861 2275 2182 
4145 2192 2340 2131 
4146 1820 2335 880 
4147 1710 2348 533 
4148 883 2364 1827 
4149 2173 2324 1828 
4150 2164 2360 896 
4151 879 2335 1824 
4152 1827 2344 882 
4153 1728 2336 548 
4154 866 2338 1826 
4155 1830 2338 867 
4156 2169 2332 2147 
4157 2151 2356 2153 
4158 2068 2370 2071 
4159 739 2395 1825 
4160 1727 2334 2118 
4161 2166 2369 2167 
4162 1706 2346 523 
4163 2156 2345 2154 
4164 1939 2391 1942 
4165 524 2351 1706 
4166 892 2343 1814 
4167 1709 2350 894 
4168 817 2376 1802 
4169 2142 2345 2144 
4170 547 2336 1723 
4171 2084 2318 1836 
4172 2111 2349 2180 
4173 1711 2351 525 
4174 638 2380 1778 
4175 522 2346 1862 
4176 1812 2367 551 
4177 895 2360 1709 
4178 812 2296 1841 
4179 2123 2340 2122 
4180 2206 2311 2036 
4181 2108 2374 2105 
4182 532 2348 1707 
4183 1821 2355 887 
4184 2140 2356 2171 
4185 881 2344 1820 
4186 1742 2407 613 
4187 1779 2380 639 
4188 843 2323 1796 
4189 761 2408 1766 
4190 2148 2358 2146 
4191 636 2313 1753 
4192 1846 2386 830 
4193 2133 2352 2135 
4194 2043 2347 2045 
4195 1843 2323 844 
4196 1833 2357 863 
4197 1845 2372 839 
4198 1808 2361 885 
4199 1801 2384 861 
4200 2116 2379 2195 
4201 612 2407 1741 
4202 1767 2293 667 
4203 838 2372 1793 
4204 2044 2334 2183 
4205 668 2291 1767 
4206 1835 2376 818 
4207 1813 2349 2162 
4208 2203 2401 2016 
4209 630 2394 1750 
4210 788 2305 1837 
4211 573 2392 2101 
4212 1859 2408 762 
4213 1995 2277 1994 
4214 829 2386 1791 
4215 2189 2330 2125 
4216 1823 2362 823 
4217 1964 2320 1962 
4218 549 2375 1728 
4219 1795 2403 814 
4220 2177 2353 2176 
4221 1750 2406 629 
4222 1778 2313 637 
4223 744 2402 1785 
4224 2065 2307 2219 
4225 1768 2399 648 
4226 815 2377 1795 
4227 2035 2342 2038 
4228 1831 2325 856 
4229 2054 2373 2053 
4230 1847 2321 825 
4231 575 2333 1747 
4232 1720 2416 730 
4233 1760 2412 741 
4234 2211 2324 2107 
4235 819 2309 1835 
4236 1763 2382 590 
4237 699 2368 1717 
4238 1745 2390 675 
4239 726 2396 1748 
4240 1719 2306 2241 
4241 1959 2320 1961 
4242 1805 2281 821 
4243 2070 2282 2202 
4244 1757 2363 646 
4245 2210 2315 2031 
4246 1858 2383 618 
4247 1892 2290 2232 
4248 2236 2387 1970 
4249 2222 2292 2092 
4250 701 2398 1718 
4251 1974 2308 1976 
4252 1770 2310 623 
4253 1981 2387 1789 
4254 1876 2419 1875 
4255 627 2413 1749 
4256 2028 2316 2026 
4257 1935 2279 1936 
4258 2243 2371 2048 
4259 1854 2312 690 
4260 2006 2299 2237 
4261 1885 2409 1888 
4262 1927 2274 1928 
4263 1943 2365 2254 
4264 2261 2414 1914 
4265 621 2314 1743 
4266 1851 2400 781 
4267 1998 2319 1996 
4268 1993 2297 2238 
4269 1903 2365 1906 
4270 770 2418 1774 
4271 1905 2415 1904 
4272 2001 2287 2253 
4273 1708 2405 707 
4274 1873 2417 1871 
4275 768 2327 1738 
4276 2245 2366 2246 
4277 2251 2272 1950 
4278 2235 2280 2229 
4279 2252 2295 1872 
4280 1971 2404 1968 
4281 1923 2275 2234 
4282 2248 2302 2247 
4283 2025 2284 2257 
4284 2225 2303 2218 
4285 2259 2378 1937 
4286 2208 2414 1816 
4287 2260 2269 1925 
4288 2258 2286 1898 
4289 521 2421 9 
4290 9 2421 902 
4291 12 2422 901 
4292 904 2422 12 
4293 11 2423 712 
4294 710 2420 10 
4295 713 2423 11 
4296 10 2420 709 
4297 1929 2480 2188 
4298 1925 2490 1924 
4299 1896 2489 1900 
4300 2229 2442 1963 
4301 2191 2478 1983 
4302 1922 2488 1923 
4303 2205 2479 1768 
4304 738 2437 737 
4305 1731 2494 2227 
4306 1717 2433 2226 
4307 1970 2454 1969 
4308 2250 2492 1731 
4309 1787 2487 2231 
4310 626 2475 625 
4311 1891 2430 1890 
4312 737 2491 736 
4313 1796 2460 2089 
4314 1758 2436 2168 
4315 1793 2445 2119 
4316 2196 2474 1758 
4317 1950 2469 1949 
4318 2223 2495 1782 
4319 1826 2447 2159 
4320 853 2459 852 
4321 2165 2453 1710 
4322 2178 2446 2137 
4323 2074 2473 2077 
4324 854 2466 853 
4325 625 2482 624 
4326 1955 2463 1954 
4327 2097 2449 2233 
4328 1748 2486 2213 
4329 2092 2470 2091 
4330 2241 2438 2059 
4331 2209 2493 1851 
4332 2016 2450 2015 
4333 1982 2481 1981 
4334 1946 2468 2103 
4335 1837 2428 2240 
4336 1807 2429 2255 
4337 1881 2467 1880 
4338 2264 2483 1807 
4339 2188 2480 2393 
4340 2388 2494 1731 
4341 2283 2490 1925 
4342 2272 2442 2229 
4343 1768 2479 2411 
4344 2371 2478 2191 
4345 1923 2488 2277 
4346 1900 2489 2290 
4347 2326 2433 1717 
4348 1782 2495 2419 
4349 2366 2454 1970 
4350 737 2437 2397 
4351 1731 2492 2388 
4352 2397 2491 737 
4353 625 2475 2298 
4354 2378 2430 1891 
4355 2288 2487 1787 
4356 2359 2436 1758 
4357 2342 2445 1793 
4358 1758 2474 2359 
4359 2409 2486 1748 
4360 2370 2460 1796 
4361 2331 2447 1826 
4362 2233 2449 2282 
4363 2337 2459 853 
4364 1710 2453 2358 
4365 2332 2446 2178 
4366 853 2466 2337 
4367 2298 2482 625 
4368 2303 2463 1955 
4369 2077 2473 2317 
4370 2292 2438 2241 
4371 2280 2469 1950 
4372 2306 2470 2092 
4373 1851 2493 2304 
4374 2294 2450 2016 
4375 2103 2468 2287 
4376 2276 2429 1807 
4377 1981 2481 2322 
4378 2301 2428 1837 
4379 1807 2483 2276 
4380 2385 2467 1881 
4381 2155 2425 2156 
4382 709 2420 2265 
4383 902 2421 2266 
4384 901 2422 2267 
4385 712 2423 2268 
4386 1913 2273 1908 
4387 1882 2289 2185 
4388 1730 2302 2269 
4389 1951 2304 2194 
4390 1730 2269 2260 
4391 2404 2410 1972 
4392 2234 2275 1861 
4393 2310 2314 622 
4394 1906 2298 1905 
4395 2003 2301 2000 
4396 1977 2308 1974 
4397 1804 2278 2274 
4398 2008 2300 2005 
4399 2232 2290 1720 
4400 2257 2284 2009 
4401 2020 2322 1742 
4402 2218 2276 2217 
4403 1937 2288 1932 
4404 1918 2381 1945 
4405 1780 2272 2251 
4406 1934 2397 1935 
4407 1972 2410 1941 
4408 1804 2274 1927 
4409 1704 2385 2082 
4410 2281 2309 820 
4411 670 2270 669 
4412 1962 2320 1959 
4413 2299 2401 1772 
4414 2093 2341 2096 
4415 2237 2299 1772 
4416 2253 2287 1751 
4417 2053 2373 2027 
4418 2202 2282 1754 
4419 2032 2347 2043 
4420 1990 2278 1804 
4421 2060 2339 2064 
4422 2049 2389 2052 
4423 2270 2291 669 
4424 1994 2277 1859 
4425 2026 2316 2022 
4426 1887 2286 2258 
4427 669 2291 668 
4428 1936 2279 2019 
4429 2062 2337 2061 
4430 821 2281 820 
4431 2181 2271 1818 
4432 622 2314 621 
4433 667 2293 666 
4434 2118 2331 2115 
4435 1722 2353 2330 
4436 2367 2375 550 
4437 2101 2306 1719 
4438 2099 2354 1761 
4439 789 2305 788 
4440 2124 2329 2121 
4441 646 2363 645 
4442 1722 2330 2189 
4443 2088 2359 2087 
4444 618 2383 617 
4445 2081 2388 2080 
4446 823 2362 822 
4447 825 2321 824 
4448 707 2405 706 
4449 1828 2324 2211 
4450 690 2312 689 
4451 813 2296 812 
4452 844 2323 843 
4453 856 2325 855 
4454 631 2394 630 
4455 2361 2364 884 
4456 863 2357 862 
4457 1838 2292 2222 
4458 1814 2332 2169 
4459 639 2380 638 
4460 2036 2342 2035 
4461 893 2343 892 
4462 1734 2315 2210 
4463 2129 2352 2133 
4464 2154 2345 2142 
4465 880 2335 879 
4466 820 2309 819 
4467 893 2350 2343 
4468 623 2310 622 
4469 884 2364 883 
4470 548 2336 547 
4471 882 2344 881 
4472 1791 2294 2179 
4473 729 2285 728 
4474 1761 2311 2206 
4475 700 2368 699 
4476 550 2375 549 
4477 533 2348 532 
4478 523 2346 522 
4479 2307 2315 1734 
4480 887 2355 886 
4481 896 2360 895 
4482 885 2361 884 
4483 525 2351 524 
4484 551 2367 550 
4485 894 2350 893 
4486 2069 2370 2068 
4487 867 2338 866 
4488 2146 2358 2149 
4489 860 2328 859 
4490 818 2376 817 
4491 576 2333 575 
4492 1904 2415 2239 
4493 1836 2318 2201 
4494 2183 2334 1727 
4495 2406 2413 628 
4496 2171 2356 2151 
4497 2176 2353 1722 
4498 2105 2374 2106 
4499 861 2384 860 
4500 2122 2340 2192 
4501 629 2406 628 
4502 816 2377 815 
4503 2180 2349 1813 
4504 1744 2303 2225 
4505 1725 2369 2166 
4506 574 2392 573 
4507 839 2372 838 
4508 745 2402 744 
4509 830 2386 829 
4510 613 2407 612 
4511 2195 2379 1725 
4512 590 2382 589 
4513 1886 2409 1885 
4514 860 2384 2328 
4515 1741 2371 2243 
4516 1941 2391 1939 
4517 1960 2411 1966 
4518 813 2403 2296 
4519 637 2313 636 
4520 1996 2319 1867 
4521 1941 2410 2391 
4522 2219 2307 1734 
4523 2197 2317 1763 
4524 769 2327 768 
4525 675 2390 674 
4526 1725 2379 2369 
4527 727 2396 726 
4528 814 2403 813 
4529 762 2408 761 
4530 648 2399 647 
4531 2013 2326 1997 
4532 781 2400 780 
4533 740 2395 739 
4534 1761 2354 2311 
4535 1766 2283 2056 
4536 628 2413 627 
4537 1968 2404 1972 
4538 1769 2366 2245 
4539 1772 2401 2203 
4540 1786 2280 2235 
4541 2247 2302 1730 
4542 741 2412 740 
4543 771 2418 770 
4544 740 2412 2395 
4545 702 2398 701 
4546 2254 2365 1903 
4547 1789 2387 2236 
4548 730 2416 729 
4549 1875 2419 1878 
4550 2224 2393 1850 
4551 1818 2295 2252 
4552 1729 2378 2259 
4553 1871 2417 1874 
4554 2238 2297 1739 
4555 729 2416 2285 
4556 2271 2295 1818 
4557 1816 2414 2261 
4558 1864 2420 710 
4559 1865 2422 904 
4560 1862 2421 521 
4561 1863 2423 713 
4562 2194 2493 2471 
4563 2448 2458 2143 
4564 2113 2456 2111 
4565 2087 2474 2472 
4566 2135 2452 2134 
4567 2147 2444 2148 
4568 2143 2458 2164 
4569 2144 2448 2143 
4570 2125 2440 2126 
4571 2045 2464 2044 
4572 2077 2476 1846 
4573 2117 2443 2116 
4574 1762 2465 2100 
4575 2107 2439 2108 
4576 1893 2457 1892 
4577 2071 2455 2070 
4578 2066 2441 2065 
4579 2031 2435 2078 
4580 2087 2472 1845 
4581 2007 2462 2006 
4582 2194 2471 1779 
4583 2199 2484 1760 
4584 2048 2431 2055 
4585 1957 2477 1956 
4586 2080 2485 1855 
4587 1872 2461 1873 
4588 2002 2434 2001 
4589 1978 2432 1979 
4590 1911 2426 1912 
4591 1928 2451 1930 
4592 1914 2427 1915 
4593 2080 2492 2485 
4594 1878 2479 2205 
4595 2226 2433 1886 
4596 1924 2490 1926 
4597 2471 2493 1975 
4598 1926 2488 1922 
4599 2217 2426 1724 
4600 1966 2495 2223 
4601 1930 2480 1929 
4602 1781 2427 2248 
4603 1841 2431 2191 
4604 1738 2461 1992 
4605 1900 2457 1854 
4606 1954 2463 1957 
4607 2188 2477 1745 
4608 2231 2487 1891 
4609 1753 2432 2003 
4610 2163 2443 1830 
4611 1983 2478 1984 
4612 1890 2430 1893 
4613 1969 2454 1971 
4614 2037 2474 2196 
4615 1976 2471 1975 
4616 1963 2442 1964 
4617 2168 2436 2069 
4618 1869 2485 1868 
4619 2103 2434 1852 
4620 1949 2469 1952 
4621 2472 2474 2037 
4622 1825 2437 738 
4623 1749 2475 626 
4624 1988 2484 1987 
4625 2098 2449 2097 
4626 2152 2448 1711 
4627 2038 2472 2037 
4628 2167 2456 1812 
4629 2149 2452 1821 
4630 1832 2435 2158 
4631 1723 2439 2177 
4632 2076 2473 2074 
4633 2018 2476 2017 
4634 2152 2458 2448 
4635 2134 2453 2165 
4636 2160 2464 1833 
4637 2089 2460 2088 
4638 1824 2440 2174 
4639 2137 2446 2139 
4640 1707 2444 2178 
4641 852 2459 1838 
4642 2059 2438 2062 
4643 2153 2458 2152 
4644 2075 2465 2076 
4645 2159 2447 2160 
4646 2091 2470 2094 
4647 2119 2445 2085 
4648 2040 2462 1847 
4649 1803 2466 854 
4650 1947 2468 1946 
4651 1897 2489 1896 
4652 2215 2441 1831 
4653 2015 2450 2018 
4654 1975 2493 2209 
4655 624 2482 1770 
4656 2255 2429 1955 
4657 2213 2486 2013 
4658 2240 2428 1978 
4659 1785 2451 2200 
4660 2233 2455 1843 
4661 1880 2467 1883 
4662 1984 2481 1982 
4663 736 2491 1787 
4664 1868 2492 2250 
4665 2227 2494 1881 
4666 2485 2492 1868 
4667 1912 2483 2264 
4668 2265 2420 1864 
4669 2267 2422 1865 
4670 2266 2421 1862 
4671 2268 2423 1863 
4672 2217 2483 2426 
4673 2426 2483 1912 
4674 2003 2432 2428 
4675 2428 2432 1978 
4676 2438 2459 2062 
4677 1838 2459 2438 
4678 2452 2453 2134 
4679 2149 2453 2452 
4680 2088 2460 2436 
4681 2436 2460 2069 
4682 2433 2486 1886 
4683 1878 2495 2479 
4684 2013 2486 2433 
4685 2479 2495 1966 
4686 1864 2424 2265 
4687 1862 2425 2266 
4688 2289 2424 2185 
4689 2081 2494 2388 
4690 1934 2491 2397 
4691 2298 2475 1905 
4692 2419 2495 1878 
4693 1769 2454 2366 
4694 1780 2442 2272 
4695 1741 2478 2371 
4696 2290 2489 1720 
4697 2276 2483 2217 
4698 1744 2463 2303 
4699 2088 2436 2359 
4700 2411 2479 1966 
4701 1886 2486 2409 
4702 1791 2450 2294 
4703 2036 2445 2342 
4704 2069 2460 2370 
4705 1729 2430 2378 
4706 2282 2449 1754 
4707 2118 2447 2331 
4708 1838 2438 2292 
4709 2062 2459 2337 
4710 2337 2466 2061 
4711 1814 2446 2332 
4712 2358 2453 2149 
4713 2359 2474 2087 
4714 2101 2470 2306 
4715 1704 2467 2385 
4716 2287 2468 1751 
4717 2003 2428 2301 
4718 2397 2437 1935 
4719 2013 2433 2326 
4720 2322 2481 1742 
4721 1906 2482 2298 
4722 2393 2480 1850 
4723 1786 2469 2280 
4724 2317 2473 1763 
4725 2277 2488 1859 
4726 1937 2487 2288 
4727 2388 2492 2080 
4728 2304 2493 2194 
4729 1766 2490 2283 
4730 2218 2429 2276 
2 17 2 11624
4731 4212 7410 4208 
4732 4746 6751 4763 
4733 5377 7207 5371 
4734 4341 6980 6367 
4735 3681 3687 3680 
4736 5307 5310 4781 
4737 5513 7515 5512 
4738 896 3885 897 
4739 4059 7843 4057 
4740 5048 6340 5052 
4741 4837 5724 5723 
4742 4680 4681 4287 
4743 4069 4575 4569 
4744 4051 6485 4070 
4745 5041 6711 5051 
4746 5067 7546 5302 
4747 6705 7107 4023 
4748 4403 7088 6308 
4749 5452 5731 5448 
4750 2787 6614 3671 
4751 5633 6744 5618 
4752 3376 4578 4576 
4753 4824 7511 3716 
4754 3328 6645 2819 
4755 4650 7165 4653 
4756 7030 7069 3736 
4757 4337 5679 4357 
4758 5588 6971 5655 
4759 3824 6992 6855 
4760 5392 5393 5373 
4761 4668 6533 2908 
4762 6306 6731 5450 
4763 4337 7112 5679 
4764 4679 4680 4287 
4765 4729 7096 5252 
4766 4255 4268 4256 
4767 5060 7471 5061 
4768 4823 5749 4831 
4769 4118 6579 4490 
4770 4636 6533 4668 
4771 4295 6269 3423 
4772 4491 4496 4459 
4773 5051 6711 5303 
4774 4417 6648 4414 
4775 4556 4579 4576 
4776 4729 5252 4715 
4777 4120 4597 4594 
4778 4788 7322 4745 
4779 5209 6761 5203 
4780 5700 7084 5620 
4781 5344 5511 3769 
4782 4767 4768 3329 
4783 5596 5598 5597 
4784 4958 7583 4962 
4785 4273 4290 4276 
4786 4753 6700 4754 
4787 2908 6532 4668 
4788 4278 4284 4281 
4789 4043 7207 4044 
4790 4448 6300 4938 
4791 5058 5063 5060 
4792 4728 6344 6263 
4793 6928 7189 5123 
4794 4130 6352 4078 
4795 5577 6488 5575 
4796 4315 4320 4313 
4797 3265 7253 3355 
4798 3685 3687 3681 
4799 4677 7238 3797 
4800 5054 7057 6170 
4801 4862 7055 4876 
4802 4955 4960 4958 
4803 3708 7186 3713 
4804 4916 6748 4903 
4805 4400 4520 4516 
4806 5103 7027 5140 
4807 5468 7256 5386 
4808 5510 6253 5513 
4809 4644 4989 4646 
4810 4955 7228 7125 
4811 3780 3796 3779 
4812 5403 5404 5361 
4813 2761 6670 3851 
4814 4799 4840 4804 
4815 6124 6126 4596 
4816 5446 5453 5439 
4817 5138 6981 5653 
4818 5123 7189 5122 
4819 5062 5407 5281 
4820 4104 6535 4135 
4821 6260 7312 6870 
4822 4379 4409 4384 
4823 4248 6671 6496 
4824 6330 6707 5431 
4825 6958 7473 3430 
4826 3602 3879 3878 
4827 4345 6288 4348 
4828 4676 7579 597 
4829 4133 4493 3424 
4830 4895 6748 4916 
4831 5201 7709 5199 
4832 5392 7286 5393 
4833 4441 4445 4442 
4834 3674 3871 3722 
4835 4415 6516 6515 
4836 4920 7225 4919 
4837 4417 6866 6648 
4838 5208 5209 5203 
4839 5125 6450 5123 
4840 3716 7511 4834 
4841 6955 7178 3427 
4842 4120 4599 4108 
4843 4265 7751 4237 
4844 5196 6294 6293 
4845 6336 6703 4691 
4846 5442 7279 5443 
4847 4920 6554 5139 
4848 4871 4886 4864 
4849 4092 7070 4093 
4850 5381 5383 4044 
4851 4123 7465 4422 
4852 5197 5218 5196 
4853 4937 6323 4941 
4854 5275 5279 5274 
4855 4064 7571 4319 
4856 5710 5725 5722 
4857 6190 6690 5479 
4858 2682 3863 2684 
4859 3342 5310 5306 
4860 5306 5310 5307 
4861 5408 7405 5062 
4862 4519 6594 4604 
4863 5137 7658 5258 
4864 4168 6270 4545 
4865 4877 4928 4866 
4866 3812 7410 4212 
4867 4658 4665 4660 
4868 3329 7046 3603 
4869 5303 6711 3992 
4870 5390 6843 5497 
4871 4063 4983 4981 
4872 5099 5132 5097 
4873 3407 3888 3875 
4874 105 6492 104 
4875 4403 6308 4375 
4876 4778 4783 4737 
4877 371 5399 372 
4878 3523 5449 5447 
4879 3775 3781 3780 
4880 4754 7025 4753 
4881 3127 3888 3407 
4882 5196 7001 5190 
4883 3799 6543 4961 
4884 4851 4853 4850 
4885 2779 5853 5852 
4886 4625 4999 4627 
4887 4596 6685 6124 
4888 6507 7019 4671 
4889 4191 6322 4198 
4890 4672 6507 4671 
4891 5569 6778 5566 
4892 2872 5915 3634 
4893 4298 7196 4299 
4894 4672 7349 2899 
4895 4273 5268 4290 
4896 4041 6775 3982 
4897 4107 7420 4105 
4898 5357 6138 5350 
4899 5139 6554 5136 
4900 2779 5852 5851 
4901 5090 6826 5096 
4902 4955 7125 4960 
4903 3330 7560 5108 
4904 5894 7267 4913 
4905 4050 6343 6228 
4906 4123 7099 4689 
4907 3601 6670 5927 
4908 4305 4581 4324 
4909 3690 6474 3688 
4910 5582 5589 5584 
4911 5339 7585 5342 
4912 2552 6566 5765 
4913 596 4676 597 
4914 4130 7135 6352 
4915 5370 5373 5372 
4916 4653 4670 4655 
4917 3603 7046 3604 
4918 4621 4674 4625 
4919 5365 6856 5366 
4920 4334 4337 4336 
4921 5765 6566 3623 
4922 5218 6294 5196 
4923 5103 5140 5100 
4924 3413 3962 3408 
4925 4341 6367 4343 
4926 5187 5214 5213 
4927 3653 7591 3731 
4928 4239 4265 4237 
4929 6170 7057 3666 
4930 4343 6366 4345 
4931 4902 5894 4913 
4932 4334 7288 4337 
4933 6949 7113 3629 
4934 4668 4669 4641 
4935 3656 6969 4048 
4936 4764 4768 4767 
4937 5150 6227 5403 
4938 6200 7072 6640 
4939 4013 7240 4012 
4940 6815 7551 3640 
4941 34 6939 33 
4942 4609 6087 4616 
4943 4877 6857 4928 
4944 5462 6843 5390 
4945 4826 4842 4825 
4946 3713 7512 3714 
4947 4745 6751 4746 
4948 4237 7105 4235 
4949 17 3859 16 
4950 4666 6252 4665 
4951 5366 6856 5398 
4952 4865 7259 4872 
4953 6134 7146 5638 
4954 3298 3744 2618 
4955 5593 5594 5589 
4956 3408 7369 3404 
4957 6597 7161 6445 
4958 6253 7144 5513 
4959 5214 7255 6097 
4960 3657 5407 5065 
4961 6194 6678 5568 
4962 3238 3241 3240 
4963 3736 7826 6435 
4964 6414 6891 3650 
4965 3602 3878 3877 
4966 4332 4358 4334 
4967 3671 6614 3672 
4968 5553 5555 5551 
4969 5065 5406 3657 
4970 6460 7208 4875 
4971 3251 3874 3249 
4972 4903 6748 4901 
4973 5840 6865 6441 
4974 4083 4092 4086 
4975 4289 5268 4273 
4976 3651 3873 3600 
4977 5104 5106 5103 
4978 3416 6497 3833 
4979 4042 6494 4043 
4980 4604 6735 4519 
4981 4758 6465 4756 
4982 5281 5408 5062 
4983 3419 7187 6552 
4984 4947 5230 4951 
4985 2558 6558 3741 
4986 6129 6844 4874 
4987 4148 6805 4150 
4988 4304 4307 4306 
4989 4636 4668 4641 
4990 5351 5352 5349 
4991 5927 6670 2761 
4992 4466 7007 4464 
4993 3634 6580 3674 
4994 3677 6882 3725 
4995 4228 4229 4226 
4996 4110 7388 4112 
4997 3867 7360 6770 
4998 4038 6611 4940 
4999 5398 5399 5397 
5000 3811 6462 4957 
5001 4550 4553 4552 
5002 7053 7585 5339 
5003 4642 6273 4644 
5004 5077 7273 3639 
5005 5257 7733 5256 
5006 6087 7264 4616 
5007 5257 7302 4921 
5008 6496 6671 3834 
5009 6494 6631 4046 
5010 5398 6856 4026 
5011 6208 7521 6836 
5012 4216 6301 5668 
5013 5536 7001 6293 
5014 5095 6312 5087 
5015 6712 7056 5340 
5016 4878 7452 4919 
5017 2 6439 2548 
5018 5380 7845 6475 
5019 6323 7151 4941 
5020 4657 7586 6478 
5021 4324 6592 4330 
5022 4104 4135 4106 
5023 6837 7647 4516 
5024 4849 4932 4882 
5025 5370 5392 5373 
5026 5443 7279 5210 
5027 3630 6630 6063 
5028 5135 5138 5137 
5029 4119 4502 4110 
5030 4543 7722 6270 
5031 5460 6843 5462 
5032 3720 7186 6636 
5033 4894 6525 4892 
5034 4398 7335 4397 
5035 3365 3727 3654 
5036 3879 7230 3878 
5037 4338 6498 4341 
5038 4315 7117 4320 
5039 5436 5440 5438 
5040 2738 7113 6949 
5041 5354 5395 5365 
5042 3423 6112 4295 
5043 4026 6500 5398 
5044 5684 7310 4261 
5045 3210 6585 3203 
5046 4388 7235 4387 
5047 4140 4409 4141 
5048 4674 6209 4625 
5049 3408 3962 3544 
5050 5122 7427 5119 
5051 4795 4798 4796 
5052 4576 4579 3376 
5053 5448 5731 5454 
5054 4940 7121 4038 
5055 3650 6891 3402 
5056 2579 3091 2583 
5057 2581 3115 2612 
5058 5058 5060 5059 
5059 752 5133 753 
5060 4440 6333 4446 
5061 4841 6099 4839 
5062 4737 4783 4779 
5063 5379 7819 5382 
5064 4025 5399 371 
5065 4497 5075 5074 
5066 7177 7715 4014 
5067 4330 6463 4328 
5068 4345 6366 6310 
5069 6484 7034 5114 
5070 5088 5089 5086 
5071 4634 6533 4636 
5072 4968 4969 4966 
5073 4355 6382 4352 
5074 2852 7167 3271 
5075 4749 6656 4747 
5076 4007 7835 7316 
5077 5557 5954 2965 
5078 4116 4494 4114 
5079 5212 7587 5219 
5080 4389 6894 4394 
5081 4321 6528 4365 
5082 4977 6872 4979 
5083 5108 7560 5112 
5084 4851 4884 4853 
5085 5578 7806 5581 
5086 5117 6484 5114 
5087 5036 5056 5035 
5088 5104 6740 5110 
5089 4222 6381 4219 
5090 4825 7467 4811 
5091 4960 7244 4958 
5092 4284 6956 4285 
5093 6449 7590 3819 
5094 4928 6857 4926 
5095 5663 6864 5666 
5096 4180 7676 4181 
5097 5485 5488 5487 
5098 5545 6951 5546 
5099 2625 7551 6815 
5100 6482 7167 2873 
5101 3327 6893 3670 
5102 5915 7180 3634 
5103 3881 7026 3882 
5104 5802 6561 6557 
5105 6502 6909 3891 
5106 5316 5317 4760 
5107 6698 6810 6282 
5108 5015 6877 6874 
5109 5292 5295 5294 
5110 6063 6630 3616 
5111 4653 7796 4670 
5112 4315 7646 7117 
5113 5265 6822 6783 
5114 3774 6982 3773 
5115 5019 6931 5020 
5116 5357 7182 6138 
5117 7244 7583 4958 
5118 4007 7316 6867 
5119 3675 6882 3677 
5120 4000 6611 4038 
5121 4413 6516 4415 
5122 2965 7681 5557 
5123 4567 4985 4551 
5124 5135 6981 5138 
5125 4249 7347 4244 
5126 6097 6468 5214 
5127 4581 7192 4324 
5128 5062 7405 5277 
5129 7328 7449 3882 
5130 3840 3892 3218 
5131 5081 7056 6793 
5132 4620 7148 5155 
5133 6022 6023 6021 
5134 6771 7163 5476 
5135 4328 6464 4331 
5136 6200 7071 4430 
5137 5395 5396 5365 
5138 3540 7507 3244 
5139 4456 4458 4455 
5140 4328 4331 4329 
5141 5578 5581 5580 
5142 3571 7026 3881 
5143 6454 6541 3121 
5144 4016 6902 3988 
5145 5564 5566 5563 
5146 5366 5397 5368 
5147 5215 6629 5651 
5148 4262 6472 4292 
5149 5137 5258 5139 
5150 5585 7806 5578 
5151 6182 6183 4661 
5152 4636 4641 4638 
5153 6322 7209 4198 
5154 5181 5184 5182 
5155 4946 4949 4948 
5156 6931 7302 5020 
5157 4190 4193 4192 
5158 3834 7393 6496 
5159 3600 7113 3651 
5160 6956 7066 4285 
5161 3867 6770 5505 
5162 3776 6972 3775 
5163 6701 7279 5540 
5164 5121 5122 5119 
5165 57 5865 56 
5166 3714 7512 3716 
5167 5536 7000 5217 
5168 4971 7200 4969 
5169 3639 6145 5077 
5170 2819 6645 2839 
5171 5729 7252 5454 
5172 3334 7047 3275 
5173 5203 6761 5204 
5174 5861 5862 2556 
5175 4920 6825 6652 
5176 3722 6882 3675 
5177 5450 6731 5452 
5178 5335 7181 4842 
5179 4873 6610 4872 
5180 4321 4365 4316 
5181 4412 4416 4413 
5182 4570 6649 4556 
5183 4264 7054 4299 
5184 3821 7384 3815 
5185 3626 6673 6559 
5186 4781 5309 5307 
5187 113 6518 112 
5188 6904 7558 5194 
5189 5162 6896 6534 
5190 5062 5277 5061 
5191 5295 7372 5294 
5192 5638 7146 5639 
5193 7085 7669 3202 
5194 5586 7488 5581 
5195 5864 6567 5862 
5196 4556 6649 4579 
5197 4841 7226 5333 
5198 4025 7128 5399 
5199 5572 5588 5574 
5200 4193 7592 4192 
5201 7044 7452 4888 
5202 3741 6558 3743 
5203 5063 5065 5060 
5204 6552 7187 4698 
5205 5572 6971 5588 
5206 5553 7137 5555 
5207 3775 6972 3774 
5208 4838 5727 5335 
5209 3827 6589 3768 
5210 4761 6741 4759 
5211 5643 5644 3830 
5212 4365 6291 3645 
5213 3793 7341 3792 
5214 4374 4376 4373 
5215 5366 5398 5397 
5216 5285 7684 5286 
5217 4835 5749 4823 
5218 4317 7629 4064 
5219 4426 6457 4428 
5220 4858 7055 4862 
5221 5430 6330 5431 
5222 2800 3848 3847 
5223 5119 5129 5117 
5224 6349 7698 4506 
5225 4325 7825 4326 
5226 2502 3885 896 
5227 4503 6962 4498 
5228 5452 7464 5731 
5229 6256 7233 5218 
5230 4023 6963 4024 
5231 5010 7081 4408 
5232 4981 7625 4063 
5233 5188 6987 5182 
5234 5266 6190 5479 
5235 4255 6380 4268 
5236 4506 6350 6349 
5237 56 5865 2556 
5238 3991 7358 3998 
5239 3275 3889 3334 
5240 5654 7475 2610 
5241 4092 4093 4086 
5242 5373 7010 5372 
5243 4233 6671 4236 
5244 5486 6005 5498 
5245 4471 6863 4469 
5246 5374 7260 5394 
5247 6216 6336 4691 
5248 4762 6930 4755 
5249 639 6965 4956 
5250 4956 7097 639 
5251 753 5133 3333 
5252 4119 4599 4184 
5253 4405 6224 4392 
5254 5590 7138 5750 
5255 5172 6699 6698 
5256 4885 6854 4886 
5257 5113 7407 5109 
5258 4036 7434 7011 
5259 5648 7601 5650 
5260 3786 7638 3794 
5261 4243 7850 4241 
5262 5097 6638 5095 
5263 2782 6003 3740 
5264 3271 7167 6482 
5265 3733 4681 4680 
5266 3645 7646 4365 
5267 5757 6449 3819 
5268 4418 7836 4421 
5269 6845 7585 5875 
5270 5211 7666 5209 
5271 4331 7101 4332 
5272 3762 3824 3767 
5273 5395 5471 5396 
5274 3404 7214 3408 
5275 4417 4418 4128 
5276 3654 6977 3365 
5277 4288 6734 4284 
5278 6264 7583 2884 
5279 4622 7005 605 
5280 605 7062 4622 
5281 3697 7184 3705 
5282 3808 3835 3806 
5283 5155 7116 4620 
5284 5497 7305 5487 
5285 4864 4886 4875 
5286 5553 7681 7137 
5287 3885 7195 897 
5288 4957 4959 3811 
5289 4949 7415 4948 
5290 3851 6670 3850 
5291 5040 5056 5036 
5292 5209 7666 6788 
5293 2556 5865 5861 
5294 3218 3892 3275 
5295 5095 7296 6312 
5296 3824 6979 3767 
5297 3690 6903 6474 
5298 4024 6963 4030 
5299 4198 6665 4202 
5300 5430 5431 4121 
5301 5581 7488 7475 
5302 4032 7198 5066 
5303 5250 6223 4405 
5304 4675 7487 4630 
5305 5576 7597 5578 
5306 5400 6689 5392 
5307 6463 6464 4328 
5308 4658 4666 4665 
5309 5762 7260 5374 
5310 4332 4361 4358 
5311 5390 5497 5496 
5312 6668 7492 4401 
5313 3830 6165 5643 
5314 4323 4325 4065 
5315 5230 7261 4951 
5316 6584 7469 2621 
5317 4504 7409 4503 
5318 5582 5593 5589 
5319 5039 6711 5041 
5320 7171 7658 5138 
5321 4961 7073 3799 
5322 4250 7156 4245 
5323 6595 7360 3867 
5324 6798 7187 680 
5325 4446 6646 4448 
5326 3630 6063 5999 
5327 5108 6892 3330 
5328 3109 3859 17 
5329 4448 7350 6300 
5330 3109 3730 3728 
5331 6944 7029 219 
5332 382 7022 6952 
5333 3835 7689 3806 
5334 4243 5690 4261 
5335 5114 7258 5113 
5336 5341 6712 5340 
5337 4114 7416 4116 
5338 6441 6865 2783 
5339 3706 6488 5577 
5340 7115 7607 3816 
5341 3125 5860 5854 
5342 4110 7494 4119 
5343 2873 7167 2606 
5344 2812 7167 2852 
5345 4060 6934 4319 
5346 5782 6194 5568 
5347 3435 3839 3732 
5348 4803 7287 4796 
5349 6079 7169 4291 
5350 4962 7583 6264 
5351 4567 7172 4985 
5352 5111 5113 5109 
5353 4882 6967 4889 
5354 3696 7184 3697 
5355 4137 6316 5427 
5356 4307 4310 4306 
5357 5593 7475 5654 
5358 2692 5950 2695 
5359 5862 6567 2556 
5360 5187 7255 5214 
5361 2794 7436 3738 
5362 5074 6861 4497 
5363 6687 7404 4220 
5364 2800 3853 3848 
5365 3368 6682 4139 
5366 3384 7446 3382 
5367 4063 4568 4555 
5368 6333 7320 4446 
5369 5597 7157 5585 
5370 5108 5112 5106 
5371 4932 7291 4882 
5372 2684 3863 2799 
5373 2800 3863 2682 
5374 4442 4445 4008 
5375 5393 6511 5373 
5376 4755 6930 4777 
5377 5330 7229 7188 
5378 3801 7408 6743 
5379 3816 7399 3815 
5380 597 7579 2907 
5381 5386 7256 5470 
5382 3768 6589 3766 
5383 4921 7733 5257 
5384 5546 6951 5549 
5385 6099 6782 4839 
5386 4066 7759 6635 
5387 3733 4682 4681 
5388 4874 6844 4917 
5389 4117 6973 4095 
5390 6874 6877 4402 
5391 4759 7395 4761 
5392 4755 4777 4757 
5393 5154 6382 4355 
5394 6170 7098 5054 
5395 2790 3862 3860 
5396 4835 6884 5260 
5397 4026 6856 5396 
5398 3813 7415 4949 
5399 4255 4256 4254 
5400 5192 5196 5190 
5401 6597 6918 5501 
5402 4500 4503 4498 
5403 4222 7333 6381 
5404 3721 7513 6617 
5405 5574 5596 5576 
5406 3714 3844 3724 
5407 5577 5579 3706 
5408 5190 5217 5188 
5409 4137 5429 4092 
5410 5244 7028 4727 
5411 874 6964 5598 
5412 3752 3852 3757 
5413 5959 6162 2553 
5414 4987 6733 4648 
5415 3723 6778 5569 
5416 5598 7168 874 
5417 4330 7298 6463 
5418 6969 7553 4047 
5419 2638 3876 2641 
5420 4106 7564 4108 
5421 4202 7356 4204 
5422 4070 7756 4056 
5423 2900 7019 6507 
5424 4286 7686 4281 
5425 7660 7819 5387 
5426 4740 7359 4772 
5427 4739 7359 4740 
5428 2712 6909 6502 
5429 5358 6999 5405 
5430 5384 7424 5389 
5431 4698 7187 6798 
5432 5217 7050 5188 
5433 4842 4843 4825 
5434 33 6939 5770 
5435 22 6537 21 
5436 3832 3852 3748 
5437 5281 5407 3657 
5438 5048 5052 5049 
5439 5052 7480 5053 
5440 4416 7029 6944 
5441 6952 7022 5362 
5442 3733 6694 4682 
5443 4833 7314 4818 
5444 4418 7485 4128 
5445 4750 6700 4753 
5446 4081 4083 4079 
5447 5096 6826 5101 
5448 75 6439 2 
5449 5107 5108 5106 
5450 4365 7646 4315 
5451 4045 5381 4044 
5452 4143 6642 3359 
5453 3829 7839 3745 
5454 3704 5031 835 
5455 4387 7235 4385 
5456 5499 7212 5678 
5457 5564 5571 5570 
5458 5030 5031 5028 
5459 2564 5858 67 
5460 4766 4922 4765 
5461 6793 7853 4664 
5462 4378 4410 4141 
5463 4456 4506 4461 
5464 4264 7543 6753 
5465 4745 7322 6751 
5466 5666 6864 5664 
5467 4322 4359 4321 
5468 4695 4699 4272 
5469 4052 4054 4013 
5470 3342 5312 5310 
5471 4494 7797 6863 
5472 3845 6656 4773 
5473 4349 4366 4356 
5474 5512 7515 3818 
5475 3341 6950 6596 
5476 2532 7169 6079 
5477 6787 7318 5461 
5478 4661 7734 6733 
5479 5722 5723 5710 
5480 4070 6485 3642 
5481 5237 5736 5206 
5482 6769 7743 4876 
5483 2899 7349 5788 
5484 4831 5749 5748 
5485 4778 7142 4783 
5486 3810 7633 7411 
5487 6557 6933 5802 
5488 4959 6201 4961 
5489 4125 7330 5228 
5490 4210 6459 4211 
5491 4727 7028 4732 
5492 6005 7280 5498 
5493 3745 7839 6684 
5494 4081 4137 4092 
5495 5204 6761 6476 
5496 4093 7070 4121 
5497 5129 7211 5117 
5498 6186 6187 4354 
5499 3570 6927 3865 
5500 3831 7826 3736 
5501 3355 7295 3265 
5502 4629 4676 4675 
5503 4360 6383 4359 
5504 4314 4315 4313 
5505 6813 6821 4571 
5506 4578 6547 4576 
5507 3851 7549 2761 
5508 3699 7186 3708 
5509 3210 6900 6474 
5510 3239 7402 3571 
5511 5139 7225 4920 
5512 32 5770 2557 
5513 6596 6950 5321 
5514 5098 5099 5097 
5515 4629 4675 4630 
5516 4568 4570 4556 
5517 2780 6537 22 
5518 5354 5365 5364 
5519 3728 3859 3109 
5520 4354 6829 4160 
5521 7060 7185 6471 
5522 4396 7271 6899 
5523 2781 6492 105 
5524 6492 6499 104 
5525 4295 6555 6269 
5526 4875 6924 6460 
5527 5155 7148 2890 
5528 5581 7474 5580 
5529 4359 6531 4321 
5530 5378 7043 4045 
5531 4256 7458 4258 
5532 5788 7349 4673 
5533 4291 7134 6079 
5534 4108 7564 4120 
5535 4811 7467 4807 
5536 5635 6744 5633 
5537 4618 4620 4619 
5538 5134 6981 5135 
5539 6741 6780 4766 
5540 5303 7545 5051 
5541 6535 7827 4122 
5542 4207 7576 6069 
5543 4254 7510 4255 
5544 5315 6950 5320 
5545 5557 7681 5553 
5546 6172 6469 5558 
5547 5399 7128 5397 
5548 2503 7138 5594 
5549 6202 6962 4503 
5550 3604 7208 6460 
5551 4979 6872 4364 
5552 3822 4271 4269 
5553 3982 6775 3978 
5554 6524 6569 5864 
5555 4625 4627 4626 
5556 4503 7409 6202 
5557 6270 7722 4545 
5558 5029 6782 5030 
5559 7381 7661 6787 
5560 4283 7114 4277 
5561 4682 6694 4201 
5562 3986 7358 3991 
5563 4021 7198 4022 
5564 7157 7222 5585 
5565 3788 7326 3787 
5566 4356 4366 4012 
5567 5615 7351 6744 
5568 4670 7349 4672 
5569 2553 6162 5698 
5570 4807 6947 4803 
5571 4095 6806 4117 
5572 5045 7396 5043 
5573 5425 7550 4598 
5574 3248 7397 3522 
5575 6552 7419 3419 
5576 4893 6737 4895 
5577 4953 4955 4954 
5578 4135 5666 5664 
5579 5121 5123 5122 
5580 4652 6940 4649 
5581 3773 6982 3771 
5582 6708 7770 3806 
5583 4068 7441 4062 
5584 4054 7387 4013 
5585 3777 6943 3776 
5586 3786 7270 3785 
5587 2899 7490 4672 
5588 3113 6855 2626 
5589 3670 4493 4492 
5590 4361 4362 4358 
5591 4015 7240 4013 
5592 3414 7307 3416 
5593 4412 7784 4416 
5594 6705 7198 4032 
5595 4891 6738 4893 
5596 4132 7344 6908 
5597 4644 6272 4989 
5598 5088 5134 5094 
5599 3818 7284 5512 
5600 3409 7307 3414 
5601 4834 6634 3716 
5602 4139 6682 4140 
5603 5511 5512 3769 
5604 5847 6441 2783 
5605 4661 6184 6182 
5606 4263 4698 4696 
5607 4227 7196 4298 
5608 3778 6943 3777 
5609 5360 5361 5359 
5610 5315 5320 5317 
5611 5864 6569 6567 
5612 4739 6550 5672 
5613 5211 6289 5947 
5614 3602 3877 3235 
5615 7036 7037 5722 
5616 6472 6835 4292 
5617 4121 5431 4149 
5618 4266 4528 4526 
5619 6785 7340 2568 
5620 4630 7487 4633 
5621 4585 4586 4033 
5622 4645 6940 4667 
5623 7344 7562 3327 
5624 3435 7591 3653 
5625 5275 6704 5279 
5626 3674 3722 3675 
5627 3571 3881 3239 
5628 7125 7228 2885 
5629 3544 3962 3961 
5630 5342 7585 6845 
5631 4043 4044 4042 
5632 5351 7118 5354 
5633 4234 6526 4252 
5634 6617 7108 5529 
5635 67 5858 66 
5636 4044 7207 4045 
5637 4206 7576 4207 
5638 6607 7147 4461 
5639 4108 7494 4110 
5640 4091 7663 4088 
5641 4374 4412 4411 
5642 4258 7802 4270 
5643 3838 3865 2810 
5644 101 6530 100 
5645 4342 7421 4340 
5646 121 6444 120 
5647 3625 6824 6658 
5648 5831 6922 6898 
5649 3738 7436 3739 
5650 5313 5321 5315 
5651 3250 7355 3252 
5652 3232 7504 5606 
5653 6445 6918 6597 
5654 5601 6383 4360 
5655 4773 6656 4749 
5656 5339 5342 5341 
5657 6566 6669 3623 
5658 5061 7471 5062 
5659 4955 4958 4957 
5660 3713 3714 3708 
5661 4836 7623 4826 
5662 4272 4699 4289 
5663 5830 7340 6785 
5664 5521 6792 6499 
5665 4498 6514 4497 
5666 6145 6645 6644 
5667 100 6530 3107 
5668 6904 6974 4399 
5669 6559 6673 2789 
5670 4674 7678 6209 
5671 4908 6598 4910 
5672 4415 7836 4418 
5673 3544 3961 3868 
5674 4250 7346 6598 
5675 4239 7710 4265 
5676 3251 7675 3874 
5677 4765 7539 4766 
5678 3847 3863 2800 
5679 6560 6830 3730 
5680 4141 7456 4140 
5681 3810 7411 3808 
5682 4022 7198 4023 
5683 5500 6918 3314 
5684 4120 6437 4598 
5685 4019 7438 4020 
5686 4008 7765 4442 
5687 4112 7416 4114 
5688 4779 6550 4739 
5689 3783 7266 3782 
5690 3258 7253 3265 
5691 3523 7406 5449 
5692 3986 7246 4008 
5693 5750 7138 2503 
5694 3325 7344 3327 
5695 6645 7830 2839 
5696 5128 7679 5300 
5697 4644 6273 6272 
5698 3716 6910 3714 
5699 5402 5403 5361 
5700 3681 7108 3683 
5701 3235 7572 3602 
5702 4668 6532 4669 
5703 3737 3840 3209 
5704 3242 7417 3244 
5705 5552 5553 5551 
5706 5470 5872 5871 
5707 3864 3876 2638 
5708 4029 6494 4042 
5709 3779 7238 3778 
5710 5750 7052 5590 
5711 4278 4288 4284 
5712 3214 7085 3202 
5713 3366 3873 3651 
5714 3719 5785 5528 
5715 4011 4013 4012 
5716 5029 5030 5028 
5717 4664 7146 6134 
5718 5505 7087 3867 
5719 4728 6501 6344 
5720 4269 7114 3822 
5721 4753 7025 4755 
5722 5125 6473 6450 
5723 6379 6380 4255 
5724 5204 6476 5236 
5725 4556 4576 4552 
5726 4760 6700 6590 
5727 3837 5950 2691 
5728 3988 6902 3984 
5729 5399 6500 372 
5730 3865 6927 3876 
5731 3982 7363 4041 
5732 62 5859 2561 
5733 10 5694 5691 
5734 5691 5694 5686 
5735 6372 6373 4049 
5736 4858 4861 4857 
5737 6994 7004 5152 
5738 4284 4285 4281 
5739 4555 4983 4063 
5740 4012 7221 4011 
5741 7330 7640 6828 
5742 6855 6979 3824 
5743 4228 4295 4234 
5744 757 6802 5112 
5745 6658 6824 2554 
5746 4007 6867 5042 
5747 3819 7123 5757 
5748 4319 7571 7459 
5749 5258 7733 5139 
5750 4122 7827 7404 
5751 4880 7815 7525 
5752 6991 7436 30 
5753 5065 5407 5060 
5754 6597 7811 5605 
5755 3329 3603 3276 
5756 6582 6905 3718 
5757 5496 7231 5390 
5758 3972 3977 3973 
5759 4320 7117 501 
5760 3829 7769 5414 
5761 501 7140 4320 
5762 3216 7621 3198 
5763 4633 7779 4632 
5764 3623 6669 6451 
5765 3878 7739 6022 
5766 6510 6511 5393 
5767 4872 7259 4873 
5768 4402 6877 4390 
5769 7055 7483 6525 
5770 3209 6585 3737 
5771 4759 7539 4765 
5772 5372 7010 5374 
5773 6993 6998 4172 
5774 6435 6517 3736 
5775 4422 6217 4123 
5776 5854 5860 5852 
5777 5450 6819 6306 
5778 5847 6676 6203 
5779 4245 7156 4243 
5780 2641 3876 3174 
5781 3787 7270 3786 
5782 3430 7214 6958 
5783 6175 7409 4504 
5784 4250 5689 5687 
5785 5207 7466 5737 
5786 5208 7641 5209 
5787 6833 7735 7027 
5788 5207 5737 5735 
5789 3218 3275 3274 
5790 5581 7806 5586 
5791 3883 7084 5700 
5792 5655 6618 5588 
5793 3819 7590 6595 
5794 5557 6469 5954 
5795 3241 3362 3240 
5796 3209 3840 3218 
5797 3634 3674 3635 
5798 5571 6971 5572 
5799 4388 6668 4520 
5800 4324 4330 4325 
5801 2788 3884 82 
5802 2695 5950 3031 
5803 2691 5950 2692 
5804 3120 7813 3269 
5805 3815 7399 3810 
5806 3815 7115 3816 
5807 3197 3727 3365 
5808 6816 6818 4397 
5809 3652 7373 2555 
5810 2691 5949 3837 
5811 5533 7680 5499 
5812 2783 6676 5847 
5813 3369 7595 7271 
5814 4811 4826 4825 
5815 3671 7003 2787 
5816 3830 5414 3747 
5817 3738 6593 2794 
5818 5717 5727 4838 
5819 6648 6866 4141 
5820 3830 5644 5412 
5821 6288 6309 4348 
5822 33 5770 32 
5823 7736 7844 3892 
5824 5688 5691 5686 
5825 385 7059 5404 
5826 4020 7438 4021 
5827 4036 7176 4939 
5828 112 6518 3110 
5829 2563 6518 113 
5830 3714 6910 3844 
5831 3571 7084 3883 
5832 4627 7624 4626 
5833 4769 7045 4768 
5834 5270 6175 4504 
5835 3244 7417 3540 
5836 5111 5114 5113 
5837 6406 7433 7362 
5838 2555 7038 3652 
5839 5112 7560 757 
5840 5606 7430 3232 
5841 4472 7076 4482 
5842 4293 7653 6075 
5843 4811 4836 4826 
5844 4050 6477 6343 
5845 3381 6889 3383 
5846 3782 7238 3779 
5847 3198 7621 6848 
5848 6610 7712 4872 
5849 4833 5028 5027 
5850 2568 7498 3932 
5851 4401 6876 6803 
5852 5404 7232 385 
5853 4490 7790 4118 
5854 4497 6514 5075 
5855 4775 6925 3844 
5856 3856 7158 136 
5857 4716 4722 4717 
5858 4757 7395 4759 
5859 5102 5103 5100 
5860 7362 7433 3111 
5861 2790 7440 3862 
5862 6601 7523 3713 
5863 3726 7636 2550 
5864 136 7413 3856 
5865 6737 6748 4895 
5866 4646 4989 4988 
5867 4332 7101 4361 
5868 5273 5280 5276 
5869 4675 6995 2910 
5870 5829 6901 5830 
5871 3408 7214 3409 
5872 120 6444 2559 
5873 27 7265 3870 
5874 4518 4521 4514 
5875 3870 7306 27 
5876 5444 5455 5435 
5877 4294 4528 4266 
5878 3932 6785 2568 
5879 3740 6438 2782 
5880 4669 7673 2909 
5881 6439 7150 2548 
5882 5096 5097 5095 
5883 4575 6916 4569 
5884 3109 6560 3730 
5885 7127 7484 4404 
5886 3793 6543 3799 
5887 6836 7521 5127 
5888 4176 4186 4185 
5889 5060 5061 5059 
5890 5555 7137 306 
5891 4155 4164 4163 
5892 5151 5153 5146 
5893 4794 4844 4827 
5894 4211 7200 4971 
5895 306 7162 5555 
5896 5195 5220 5180 
5897 5596 5597 5576 
5898 4352 7227 4353 
5899 4549 4577 4567 
5900 5558 6763 6172 
5901 4353 7227 4354 
5902 835 5031 836 
5903 5028 5031 3704 
5904 2550 6917 3726 
5905 5215 5651 5650 
5906 4141 4409 4378 
5907 3785 7266 3783 
5908 4129 7420 4107 
5909 4064 4319 4317 
5910 4755 7025 4762 
5911 4013 7387 4015 
5912 5117 7211 6484 
5913 4767 6465 4758 
5914 5213 6974 6904 
5915 2910 7487 4675 
5916 3430 7497 7214 
5917 4823 7528 4829 
5918 4052 7834 4054 
5919 4171 4173 4167 
5920 4828 6947 4807 
5921 2909 7299 4669 
5922 4842 7656 4843 
5923 3766 6589 3769 
5924 4531 4538 4535 
5925 4122 7404 6687 
5926 5641 6784 5502 
5927 7056 7219 4663 
5928 4696 4697 4263 
5929 4043 6493 5371 
5930 3416 7204 6497 
5931 4006 7122 6505 
5932 3523 5447 5445 
5933 5586 7806 7222 
5934 3522 7491 5443 
5935 4038 6458 4536 
5936 4579 6299 3376 
5937 4565 6299 4579 
5938 4446 4448 4447 
5939 3846 7223 6925 
5940 6779 7041 3937 
5941 6676 7111 6203 
5942 6483 6977 3654 
5943 6079 7134 4274 
5944 4201 4213 4189 
5945 2871 7082 2629 
5946 4621 4625 4624 
5947 4151 4152 4146 
5948 4959 4961 3811 
5949 3596 7848 2848 
5950 5554 5557 5553 
5951 4468 6846 4469 
5952 3749 6165 3830 
5953 6577 6729 5270 
5954 3235 7847 3237 
5955 3739 7436 6991 
5956 4620 7116 4674 
5957 6520 7617 2781 
5958 5547 5559 5544 
5959 4690 4692 4685 
5960 4066 7756 4070 
5961 3838 7049 3865 
5962 4498 6962 6514 
5963 5173 5175 5166 
5964 5706 5712 5711 
5965 4630 4633 4632 
5966 4866 7460 4867 
5967 4838 7745 5719 
5968 4290 7599 4276 
5969 5650 7601 6974 
5970 5901 6574 6568 
5971 4125 7663 7141 
5972 5854 7814 3125 
5973 5034 5068 5038 
5974 5500 7414 5493 
5975 3616 7160 6063 
5976 2781 7199 6520 
5977 3127 7538 3128 
5978 4831 7528 4823 
5979 4276 6921 4277 
5980 4428 6457 3799 
5981 4970 4973 4965 
5982 4971 6626 3835 
5983 3792 7326 3788 
5984 3834 6671 4259 
5985 4456 6350 4506 
5986 4882 4889 4883 
5987 4867 7292 4866 
5988 5478 5481 5474 
5989 6898 6922 2551 
5990 5313 7530 5321 
5991 5589 7508 5584 
5992 5686 5694 5683 
5993 3798 6886 4614 
5994 4590 4600 4595 
5995 4308 4367 4303 
5996 5091 6826 5090 
5997 5564 6121 5571 
5998 3626 6559 3880 
5999 3859 7567 16 
6000 4463 4508 4454 
6001 6293 7001 5196 
6002 5628 5630 5625 
6003 5721 5726 5718 
6004 5567 5599 5562 
6005 5653 6693 5138 
6006 6454 6455 6453 
6007 6743 7403 3801 
6008 5396 7308 4026 
6009 3414 3839 3435 
6010 5829 7832 6901 
6011 63 5859 62 
6012 4122 7652 5666 
6013 4031 7438 6544 
6014 4352 7748 4355 
6015 82 3884 81 
6016 3406 6959 3128 
6017 4198 4202 4199 
6018 3361 6452 3360 
6019 3604 6460 3603 
6020 5043 7396 6809 
6021 4958 4962 4959 
6022 5216 7532 6468 
6023 7011 7358 4445 
6024 4494 6863 4134 
6025 4005 6838 4053 
6026 4135 5664 5425 
6027 3522 6674 3248 
6028 7458 7816 4258 
6029 3835 7411 4212 
6030 4365 6528 6291 
6031 5321 6950 5315 
6032 2782 7091 6003 
6033 7145 7509 3751 
6034 4338 4341 4340 
6035 4473 6739 4495 
6036 4305 4324 4323 
6037 7271 7595 6899 
6038 5356 5357 5350 
6039 3826 7758 7509 
6040 2872 3634 2874 
6041 6264 6640 4962 
6042 4447 7035 4036 
6043 4689 7141 4123 
6044 5412 5414 3830 
6045 3636 7095 3149 
6046 2777 6939 34 
6047 4937 4941 4940 
6048 5192 5197 5196 
6049 4609 4616 4615 
6050 6003 6562 6001 
6051 4586 7334 4587 
6052 3980 7246 3986 
6053 3276 7451 3329 
6054 5204 7688 5203 
6055 3615 7092 6844 
6056 4960 7125 636 
6057 4278 4281 4280 
6058 6474 6903 3210 
6059 4902 4913 4904 
6060 4240 7412 4239 
6061 3234 7813 3120 
6062 4273 4276 4275 
6063 4717 4729 4715 
6064 752 7159 5133 
6065 2680 3853 2800 
6066 2678 3853 2680 
6067 2510 6993 6720 
6068 4080 4130 4078 
6069 5510 5513 5512 
6070 4671 7766 4672 
6071 4362 7368 4358 
6072 2635 3864 2638 
6073 3385 6932 6486 
6074 3381 7701 3375 
6075 6533 7779 4639 
6076 4191 4198 4194 
6077 5445 5446 5439 
6078 3237 7402 3239 
6079 4768 7046 3329 
6080 3716 6634 4774 
6081 4745 6538 4788 
6082 636 7244 4960 
6083 3767 6979 3770 
6084 4345 4348 4346 
6085 4500 4504 4503 
6086 4698 6798 4696 
6087 5580 7474 5582 
6088 6753 7105 4527 
6089 5386 5469 5468 
6090 4133 7556 4493 
6091 4799 4804 4802 
6092 3800 7606 5294 
6093 5593 5654 5594 
6094 5502 7726 5641 
6095 4122 6687 5668 
6096 3259 7698 6349 
6097 5186 5189 5185 
6098 3981 6591 3983 
6099 4397 7484 4395 
6100 4285 7529 4286 
6101 6478 7586 6982 
6102 5090 5095 5087 
6103 7008 7595 3369 
6104 4997 6881 4350 
6105 5235 7425 5204 
6106 5748 6447 4831 
6107 3872 7638 3796 
6108 6539 7385 3214 
6109 3686 6786 3723 
6110 3244 7507 3886 
6111 4505 7790 4490 
6112 4490 4491 4459 
6113 4023 7198 6705 
6114 5365 5366 5364 
6115 5691 5693 10 
6116 4470 7076 4472 
6117 4962 6640 6201 
6118 6805 7683 4150 
6119 3718 6905 6509 
6120 5067 5286 5046 
6121 3679 7108 3681 
6122 4981 4983 4982 
6123 5310 5312 5311 
6124 6499 6792 2566 
6125 3250 7178 6955 
6126 6355 6820 6356 
6127 2498 6994 6726 
6128 4209 7659 4210 
6129 5124 5125 5123 
6130 3842 6644 3328 
6131 6021 6666 6022 
6132 3629 7113 3600 
6133 6104 7020 6103 
6134 2557 5770 5768 
6135 4553 4983 4555 
6136 4947 4951 4950 
6137 3741 7380 2558 
6138 4318 4321 4316 
6139 5725 7036 5722 
6140 4341 4343 4342 
6141 3857 7829 2775 
6142 4114 7499 4131 
6143 4482 6746 5879 
6144 4131 7499 4134 
6145 4868 7292 4867 
6146 6319 6612 6320 
6147 4218 6687 4220 
6148 5586 7222 6470 
6149 4150 6806 4121 
6150 4287 7065 4679 
6151 3233 7572 3235 
6152 4763 7489 4746 
6153 5216 6468 6467 
6154 4325 4326 4065 
6155 7188 7229 4407 
6156 4061 6635 4067 
6157 2776 6569 6524 
6158 4838 5719 5717 
6159 4408 7339 5010 
6160 3427 7587 5212 
6161 5389 7174 5388 
6162 4395 4398 4397 
6163 7206 7347 4249 
6164 4183 7676 4180 
6165 4361 7101 3648 
6166 5368 7534 5369 
6167 4440 4446 4443 
6168 5574 7573 5596 
6169 3127 3128 3104 
6170 4202 4204 4203 
6171 4277 6921 4278 
6172 4849 4882 4851 
6173 4343 4345 4344 
6174 5278 6994 5152 
6175 5853 5854 5852 
6176 3328 7431 3842 
6177 3817 7326 6534 
6178 4587 7765 7246 
6179 4742 7540 4770 
6180 4416 6516 4413 
6181 5470 7318 6787 
6182 2817 7431 3328 
6183 4396 6899 6548 
6184 5344 6712 5341 
6185 4316 4365 4315 
6186 4545 6732 4168 
6187 3788 3793 3792 
6188 4461 7147 4465 
6189 6908 7344 3325 
6190 3415 3962 3413 
6191 5594 7138 5589 
6192 4221 4222 4219 
6193 4210 4211 4209 
6194 4594 4599 4120 
6195 5865 6865 5840 
6196 5404 7800 5361 
6197 3268 6627 3144 
6198 3834 7374 7021 
6199 3854 7413 2549 
6200 4625 6209 4999 
6201 3415 6523 3962 
6202 5318 6810 6698 
6203 4252 7510 4254 
6204 5503 7428 5391 
6205 5217 7001 5536 
6206 6479 6525 4894 
6207 4362 7731 7368 
6208 3648 7051 4361 
6209 5639 7146 4665 
6210 3801 7481 7408 
6211 4093 6806 4095 
6212 4337 7833 4336 
6213 2565 6830 6560 
6214 4206 7153 5304 
6215 5802 6978 6561 
6216 4261 7310 4995 
6217 4491 4498 4497 
6218 3239 7774 3242 
6219 5555 7740 5551 
6220 3731 7069 7030 
6221 5088 6521 5134 
6222 3892 7844 3715 
6223 4655 6912 4656 
6224 4014 7715 7690 
6225 4018 7281 4019 
6226 5391 7293 5503 
6227 3246 7397 3248 
6228 2910 7778 7487 
6229 3327 3670 3576 
6230 6534 6896 3817 
6231 4087 6677 4084 
6232 4914 6738 4891 
6233 4829 7528 4830 
6234 4820 7482 4821 
6235 5454 7252 5446 
6236 3713 7185 6601 
6237 5218 7083 6256 
6238 4023 4024 4022 
6239 6527 7778 2910 
6240 4331 4332 4329 
6241 6772 7163 6771 
6242 4576 6547 4552 
6243 3786 3788 3787 
6244 4632 7779 4634 
6245 5099 5133 5132 
6246 6509 6905 5709 
6247 4781 7489 5309 
6248 4377 4403 4375 
6249 4818 7520 4819 
6250 4474 7012 4475 
6251 2620 3298 2618 
6252 6640 7072 6201 
6253 4263 6552 4698 
6254 3687 6977 3682 
6255 5792 6770 3866 
6256 5171 6757 5174 
6257 3416 3839 3414 
6258 6061 7642 3194 
6259 4648 7655 4987 
6260 5104 5107 5106 
6261 5214 7532 5213 
6262 4653 4655 4654 
6263 4228 6555 4295 
6264 5582 5584 5583 
6265 4650 4653 4651 
6266 4745 4746 4744 
6267 4261 7850 4243 
6268 4783 7627 4779 
6269 4804 7226 4841 
6270 4891 4893 4892 
6271 3382 7701 3381 
6272 4842 7139 5335 
6273 4328 4329 4326 
6274 5598 7157 5597 
6275 6104 7370 7020 
6276 5248 6885 4404 
6277 3871 3885 3722 
6278 5398 6500 5399 
6279 4789 7540 4772 
6280 4655 7766 4671 
6281 4374 5329 4412 
6282 4667 6940 3789 
6283 4493 7562 3424 
6284 3656 7553 6969 
6285 5034 5038 5036 
6286 3844 7223 3724 
6287 5687 5688 5686 
6288 5210 7279 6701 
6289 5480 7014 7013 
6290 581 6184 582 
6291 4393 7127 4392 
6292 4491 7706 4496 
6293 4969 4970 4965 
6294 3780 3872 3796 
6295 5613 5614 5514 
6296 3647 7462 7109 
6297 5105 6740 5104 
6298 6654 6948 6620 
6299 4353 7133 4014 
6300 2621 7469 3655 
6301 5063 6888 5065 
6302 4642 4644 4643 
6303 4639 7705 6533 
6304 4746 4780 4748 
6305 6720 6993 4163 
6306 6681 6682 4386 
6307 4495 6863 4471 
6308 4252 6526 4267 
6309 3783 3786 3785 
6310 6461 6889 3381 
6311 4038 7439 4000 
6312 5706 5711 5708 
6313 4139 7456 4127 
6314 2627 6815 2871 
6315 4021 4022 4020 
6316 4245 7346 4250 
6317 5210 6701 5211 
6318 6960 7039 5909 
6319 4247 7204 4249 
6320 4355 6575 5154 
6321 771 6616 6519 
6322 5430 7070 5429 
6323 4620 4674 4621 
6324 4673 7796 7165 
6325 4294 7651 6075 
6326 4421 7078 4418 
6327 3696 3697 3691 
6328 5901 7376 6574 
6329 3537 3859 3728 
6330 4818 7314 6907 
6331 4644 4646 4645 
6332 5169 5173 5166 
6333 5042 6809 4007 
6334 3574 7041 6779 
6335 4183 4502 4119 
6336 7315 7415 7329 
6337 4231 4251 4232 
6338 5371 7207 4043 
6339 4404 7484 6818 
6340 3805 7770 6708 
6341 5287 6340 5048 
6342 5735 5737 5736 
6343 5207 7143 6256 
6344 4457 4463 4454 
6345 4952 7842 4953 
6346 6543 6976 3811 
6347 5369 6493 5367 
6348 2839 7830 3233 
6349 4399 7335 4398 
6350 4731 7618 4776 
6351 5763 7294 5394 
6352 3325 3327 3326 
6353 5394 7260 5763 
6354 4613 7262 4612 
6355 4874 7717 7312 
6356 3877 6022 3572 
6357 3689 7559 3706 
6358 6383 7626 4359 
6359 4421 7650 5676 
6360 4728 7276 4720 
6361 5486 5498 5489 
6362 5596 7634 5598 
6363 5565 5567 5562 
6364 4658 4660 4659 
6365 6488 7559 3723 
6366 3594 6419 3896 
6367 4688 4690 4685 
6368 4705 7268 4708 
6369 5679 7109 4357 
6370 3195 3727 3197 
6371 4840 7226 4804 
6372 5446 7252 5453 
6373 5335 7139 4838 
6374 6053 6603 3836 
6375 3858 7829 3857 
6376 5427 5429 4137 
6377 3252 7595 3254 
6378 4391 7448 4390 
6379 4951 7842 4952 
6380 5720 5721 5718 
6381 6726 6994 5276 
6382 5546 5547 5544 
6383 5610 6595 3867 
6384 5627 5628 5625 
6385 4434 7392 6880 
6386 3779 3783 3782 
6387 3871 7195 3885 
6388 4662 7586 4659 
6389 5046 7684 5047 
6390 6742 6744 5635 
6391 4238 6495 4240 
6392 4299 7196 4264 
6393 6822 7403 6783 
6394 4149 4150 4121 
6395 4236 6671 4248 
6396 5044 7546 5067 
6397 5140 7649 5099 
6398 5353 5363 5355 
6399 6196 6939 2777 
6400 2964 7036 6672 
6401 3790 7519 4640 
6402 5397 7687 5368 
6403 2618 6605 2613 
6404 3244 7795 3246 
6405 4667 6941 4637 
6406 6562 7636 6001 
6407 4723 6612 4717 
6408 4149 4151 4146 
6409 5395 7535 5471 
6410 4517 4518 4514 
6411 5388 7174 6637 
6412 3401 7794 3402 
6413 6538 7639 4770 
6414 7109 7462 4357 
6415 4306 4308 4303 
6416 4590 4595 4593 
6417 4210 7170 6459 
6418 4060 4980 4363 
6419 6208 6836 6757 
6420 5065 6888 5406 
6421 4024 6631 4029 
6422 4389 7492 4388 
6423 5685 5686 5683 
6424 3275 3276 3274 
6425 4192 4201 4189 
6426 4670 7766 4655 
6427 4135 6437 4106 
6428 4863 4918 4861 
6429 5051 7547 5041 
6430 3841 3874 2871 
6431 4355 7748 6881 
6432 3201 7552 3210 
6433 5668 6687 4216 
6434 7035 7176 4036 
6435 5477 5478 5474 
6436 4866 7292 4877 
6437 5304 7576 4206 
6438 3799 7341 3793 
6439 3248 7178 3250 
6440 5999 6624 3630 
6441 2817 3328 2819 
6442 5100 5140 5099 
6443 3683 7513 3684 
6444 4058 4059 4057 
6445 3342 6622 5312 
6446 4879 7302 6931 
6447 5319 7720 7568 
6448 5279 6704 4032 
6449 3988 6961 4016 
6450 4772 6915 4789 
6451 4816 5029 4833 
6452 3691 7542 3696 
6453 4777 7854 4757 
6454 4019 4020 4018 
6455 7307 7497 7205 
6456 6227 7772 5403 
6457 4617 7792 4618 
6458 4126 7367 4097 
6459 6712 7219 7056 
6460 2633 3864 2635 
6461 3891 6909 3849 
6462 3697 6636 3699 
6463 4594 7250 4599 
6464 4656 6912 4658 
6465 3777 3779 3778 
6466 4270 7802 7614 
6467 5287 7684 5285 
6468 4531 4535 4534 
6469 3781 3828 3780 
6470 4002 7450 4003 
6471 4000 7439 4001 
6472 4891 7100 4914 
6473 4063 7625 4569 
6474 6984 7389 5659 
6475 3845 6657 6656 
6476 4737 7518 4738 
6477 4816 7533 4817 
6478 6705 7285 5149 
6479 5429 7070 4092 
6480 3745 6684 3836 
6481 4731 7630 4733 
6482 3326 7817 3325 
6483 2775 6628 3857 
6484 6289 6701 5538 
6485 4111 6621 4109 
6486 4549 4567 4551 
6487 2601 7195 3871 
6488 5268 7429 4290 
6489 3849 6909 2708 
6490 4766 6825 4922 
6491 3719 7389 5785 
6492 5182 5195 5180 
6493 4121 6806 4093 
6494 5495 7621 7068 
6495 6734 7786 5297 
6496 4155 4163 4158 
6497 6724 7528 4831 
6498 4616 7792 4617 
6499 5687 7155 4250 
6500 4176 4185 4179 
6501 4170 4171 4167 
6502 6453 6455 3321 
6503 4320 7746 4313 
6504 4830 6724 5142 
6505 3998 7434 3999 
6506 4055 7834 4052 
6507 3798 7262 4613 
6508 3766 7284 3765 
6509 5676 7119 4421 
6510 4794 4827 4797 
6511 5148 5151 5146 
6512 2884 7583 7244 
6513 5383 5385 4044 
6514 5437 5444 5435 
6515 5134 5135 5094 
6516 5273 5276 5275 
6517 5326 7211 5129 
6518 6629 7532 5216 
6519 4622 7792 7264 
6520 3775 3777 3776 
6521 6883 6906 6226 
6522 6833 7713 3331 
6523 3210 6903 6585 
6524 3275 7451 3276 
6525 4089 4098 4096 
6526 3553 6889 3850 
6527 4168 6732 4166 
6528 4734 7577 4735 
6529 6201 7072 4961 
6530 3624 6736 6725 
6531 6222 6224 6223 
6532 4629 4630 4628 
6533 4406 7398 4383 
6534 5451 7491 3522 
6535 4922 6825 4920 
6536 6548 6899 3426 
6537 5736 5737 5206 
6538 5312 5313 5311 
6539 6505 6506 3371 
6540 4526 4527 4266 
6541 5109 6892 5108 
6542 5101 6826 6780 
6543 6182 6184 581 
6544 582 6184 2898 
6545 3625 6632 6440 
6546 3383 6889 3553 
6547 4672 7766 4670 
6548 3896 4710 3594 
6549 4150 7683 4117 
6550 2517 7190 766 
6551 36 7251 3843 
6552 4912 7347 7206 
6553 3979 6591 3977 
6554 2554 6824 6103 
6555 3144 6627 3896 
6556 7389 7708 3725 
6557 4886 6854 3406 
6558 4234 7719 6526 
6559 3823 7393 3821 
6560 5851 7017 2779 
6561 3999 7434 4000 
6562 7273 7572 3639 
6563 4103 4221 4220 
6564 6454 6542 6455 
6565 4430 7072 6200 
6566 2567 7039 6960 
6567 4216 6687 4215 
6568 3256 6643 3258 
6569 4360 6873 5601 
6570 3254 7297 3255 
6571 5605 7811 6784 
6572 4050 7216 3976 
6573 6629 6745 2956 
6574 3761 7727 3760 
6575 6868 7154 5064 
6576 7190 7191 7189 
6577 6812 6993 4172 
6578 4003 7450 4007 
6579 4536 7194 4038 
6580 4241 7412 4240 
6581 5187 5213 5194 
6582 4045 7043 5379 
6583 4001 7439 4002 
6584 4428 7073 4430 
6585 4134 7824 6936 
6586 4878 7525 4868 
6587 3784 7554 3771 
6588 3843 7548 36 
6589 3989 6503 3987 
6590 4949 6619 3813 
6591 7619 7818 5394 
6592 4921 7303 7225 
6593 3822 7114 4283 
6594 6795 7485 4420 
6595 5129 7493 5326 
6596 6217 6551 4123 
6597 4888 7452 4878 
6598 3403 6635 6588 
6599 7441 7787 4069 
6600 5236 7317 5889 
6601 4832 7520 6907 
6602 5889 7325 5236 
6603 6921 7599 4291 
6604 3764 7463 3763 
6605 3819 6595 5609 
6606 4292 7710 4239 
6607 2871 6815 3841 
6608 6223 6224 4405 
6609 3737 6903 6695 
6610 5317 7720 4760 
6611 5688 5692 5691 
6612 2904 4521 235 
6613 4235 7105 6753 
6614 6682 7008 6692 
6615 57 6865 5865 
6616 5202 7688 5201 
6617 5047 7684 5048 
6618 5403 7772 5404 
6619 3847 6414 3863 
6620 3327 7562 6893 
6621 3866 7360 3756 
6622 7023 7286 4027 
6623 3773 3775 3774 
6624 2549 6978 3854 
6625 3856 7413 3854 
6626 5054 7725 5055 
6627 3652 6858 5987 
6628 3366 6599 3873 
6629 2678 6487 3853 
6630 5723 7745 4837 
6631 3896 6419 3895 
6632 4313 7775 4311 
6633 4401 7492 6877 
6634 766 7190 767 
6635 2560 7306 3869 
6636 5853 5855 5854 
6637 4134 6863 4495 
6638 4748 6590 4750 
6639 3778 7238 4677 
6640 7613 7660 5387 
6641 3769 7284 3766 
6642 3836 6604 3744 
6643 4243 7156 5690 
6644 4119 7676 4183 
6645 4364 6873 4360 
6646 4204 7714 4205 
6647 2780 6647 6537 
6648 6563 7569 5816 
6649 5403 7179 5150 
6650 3049 3127 3104 
6651 3802 7463 7309 
6652 5692 5693 5691 
6653 4641 7506 4638 
6654 394 5280 5271 
6655 6231 7394 2548 
6656 2919 5455 291 
6657 3276 6630 3274 
6658 156 4186 4174 
6659 467 4164 4153 
6660 2957 5220 264 
6661 3716 7512 4824 
6662 3665 5153 389 
6663 844 4844 3692 
6664 515 4577 3378 
6665 4744 7639 4745 
6666 5359 7741 5358 
6667 6870 7312 4869 
6668 3795 6543 3793 
6669 3211 6540 3206 
6670 2562 6556 6545 
6671 4398 6904 4399 
6672 4082 4085 4084 
6673 5571 5572 5570 
6674 2548 7150 6231 
6675 4165 4173 462 
6676 423 4538 4529 
6677 3273 3873 3217 
6678 6672 7036 5711 
6679 4727 7496 4730 
6680 3762 7481 3761 
6681 3128 7369 3268 
6682 862 5712 5592 
6683 416 5068 3993 
6684 5164 5175 777 
6685 3734 4213 662 
6686 2924 4152 185 
6687 2946 4692 206 
6688 2961 5559 302 
6689 3045 4973 648 
6690 4095 7257 4099 
6691 4056 7571 4055 
6692 5138 7658 5137 
6693 6613 6902 4035 
6694 7075 7515 6609 
6695 2535 6729 6721 
6696 4392 7448 4391 
6697 6716 6728 2954 
6698 5413 5886 3829 
6699 133 7829 3858 
6700 3765 7463 3764 
6701 3684 7513 3717 
6702 4771 4920 4919 
6703 3262 4508 144 
6704 2521 5599 882 
6705 6723 6954 3018 
6706 4599 7494 4108 
6707 4812 5726 857 
6708 2937 5630 357 
6709 2538 5481 542 
6710 5681 5694 709 
6711 3644 4367 497 
6712 163 4600 3357 
6713 2619 6584 2621 
6714 4514 4521 2904 
6715 4081 7364 4137 
6716 3694 6938 6718 
6717 2499 6719 6706 
6718 3253 3838 3542 
6719 4045 7744 5378 
6720 3850 6670 3553 
6721 5312 7503 5313 
6722 6519 6616 5128 
6723 3798 7266 6887 
6724 6505 6966 4006 
6725 4390 7492 4389 
6726 4551 4985 4554 
6727 6713 6735 2901 
6728 3656 6540 3211 
6729 6691 6707 2923 
6730 3575 7095 3636 
6731 3119 6768 3121 
6732 6925 7223 3844 
6733 6680 6703 2944 
6734 3799 7073 4428 
6735 235 4521 236 
6736 3871 7584 2601 
6737 3593 6420 6419 
6738 6675 6702 2506 
6739 4497 7706 4491 
6740 5053 7480 5054 
6741 4261 5690 5684 
6742 4340 7421 7313 
6743 6663 6690 2596 
6744 5300 6519 5128 
6745 3356 6685 6659 
6746 3744 6605 2618 
6747 4326 7825 4328 
6748 6655 6679 2586 
6749 6725 6736 2784 
6750 6650 6678 2609 
6751 4823 4829 4821 
6752 4819 7520 4820 
6753 5369 7534 5370 
6754 4081 4092 4083 
6755 5294 7372 3800 
6756 6651 6862 3260 
6757 4163 6812 4158 
6758 6558 6565 3743 
6759 4288 7786 6734 
6760 2848 6602 2811 
6761 3984 6613 3982 
6762 3030 3888 3029 
6763 4120 7435 4597 
6764 5044 7665 5045 
6765 3128 3144 3104 
6766 7294 7619 5394 
6767 5693 7522 7267 
6768 3625 6658 6632 
6769 4732 5240 5239 
6770 3898 6760 6581 
6771 5271 5280 5273 
6772 393 5280 394 
6773 4240 6495 4242 
6774 5435 5455 2919 
6775 291 5455 292 
6776 5793 6946 6923 
6777 155 4186 156 
6778 4174 4186 4176 
6779 466 4164 467 
6780 4153 4164 4155 
6781 2553 7501 5959 
6782 264 5220 265 
6783 5180 5220 2957 
6784 3103 3895 3300 
6785 389 5153 390 
6786 5146 5153 3665 
6787 843 4844 844 
6788 3692 4844 4794 
6789 4586 4587 4033 
6790 514 4577 515 
6791 3378 4577 4549 
6792 5343 5511 5344 
6793 5396 6856 5365 
6794 4167 4173 4165 
6795 462 4173 463 
6796 422 4538 423 
6797 4529 4538 4531 
6798 4673 7164 5788 
6799 861 5712 862 
6800 5592 5712 5706 
6801 415 5068 416 
6802 3993 5068 5034 
6803 5166 5175 5164 
6804 777 5175 778 
6805 662 4213 663 
6806 4189 4213 3734 
6807 185 4152 186 
6808 4146 4152 2924 
6809 206 4692 207 
6810 4685 4692 2946 
6811 5544 5559 2961 
6812 302 5559 303 
6813 648 4973 649 
6814 4965 4973 3045 
6815 4163 6993 6812 
6816 5856 7814 5854 
6817 144 4508 145 
6818 4454 4508 3262 
6819 5562 5599 2521 
6820 882 5599 883 
6821 5718 5726 4812 
6822 857 5726 858 
6823 357 5630 358 
6824 5625 5630 2937 
6825 542 5481 543 
6826 5474 5481 2538 
6827 5683 5694 5681 
6828 709 5694 10 
6829 4303 4367 3644 
6830 497 4367 498 
6831 162 4600 163 
6832 3357 4600 4590 
6833 5204 7505 5235 
6834 3763 7481 3762 
6835 4322 4360 4359 
6836 5371 6493 5369 
6837 6744 7309 5615 
6838 3402 6890 3401 
6839 4730 7496 4731 
6840 4408 7476 6489 
6841 5358 7741 5357 
6842 3205 6585 3209 
6843 4727 7276 5244 
6844 6661 6760 2801 
6845 3906 5818 5817 
6846 3115 3575 2612 
6847 3091 3320 2583 
6848 5134 7831 6981 
6849 6224 7447 4392 
6850 5514 7075 5613 
6851 4614 7262 3798 
6852 3895 6419 3300 
6853 3574 6927 3570 
6854 3685 6474 3687 
6855 3245 3841 3243 
6856 3619 3914 3621 
6857 3593 6419 3594 
6858 4821 7482 4823 
6859 5855 5856 5854 
6860 5853 5858 5855 
6861 6419 6420 3300 
6862 4679 7065 3735 
6863 5929 6412 6150 
6864 5379 5382 5381 
6865 4968 4971 4969 
6866 4416 6944 6516 
6867 3437 6413 5928 
6868 6818 7484 4397 
6869 5113 7258 5702 
6870 5200 7587 5202 
6871 6530 6811 3107 
6872 6967 6968 3608 
6873 4889 7677 4890 
6874 4345 6310 6288 
6875 6780 6826 4766 
6876 2854 6412 5929 
6877 6407 6423 3622 
6878 3148 3904 3902 
6879 4865 4872 4871 
6880 3906 5819 5818 
6881 5702 7407 5113 
6882 3437 6072 5325 
6883 5807 6415 3182 
6884 6576 6813 4571 
6885 4833 5029 5028 
6886 3902 3913 3148 
6887 3148 5819 3904 
6888 6596 7530 3344 
6889 5325 6072 3592 
6890 5325 6413 3437 
6891 4820 6884 4835 
6892 3377 7172 6714 
6893 4997 7838 6309 
6894 5043 7547 5044 
6895 7145 7664 3825 
6896 3096 6417 5832 
6897 5213 7532 5215 
6898 3622 3914 3619 
6899 3621 3914 3901 
6900 3075 3913 3901 
6901 5588 7573 5574 
6902 5594 7612 2503 
6903 3904 5819 3906 
6904 3901 3913 3902 
6905 2760 3909 2805 
6906 3893 3894 2882 
6907 3622 6409 6407 
6908 2670 3910 2675 
6909 3622 6423 3914 
6910 4504 6577 5270 
6911 5558 6469 5557 
6912 5521 6499 6492 
6913 6407 6409 3071 
6914 4938 7035 4448 
6915 4067 6635 6436 
6916 3428 3891 3849 
6917 4490 4499 4491 
6918 7193 7500 4039 
6919 3769 6589 5344 
6920 3243 3841 3362 
6921 3907 6416 3894 
6922 4272 4697 4695 
6923 3897 6408 2867 
6924 3732 7591 3435 
6925 6577 6989 6729 
6926 6150 6412 3890 
6927 3525 6415 5807 
6928 3071 6409 3890 
6929 3721 6755 5781 
6930 2655 6410 2664 
6931 6770 7360 3866 
6932 6800 7613 6804 
6933 4512 4522 4515 
6934 4704 4709 2930 
6935 3890 6412 3071 
6936 3875 6460 3407 
6937 3110 6518 6235 
6938 3894 3909 2882 
6939 3088 5819 3079 
6940 4726 7694 4727 
6941 5928 6413 5929 
6942 5855 5857 5856 
6943 2805 3909 2835 
6944 2882 3909 2760 
6945 2801 3898 2642 
6946 2675 3910 2882 
6947 2867 3910 2670 
6948 7406 7820 5449 
6949 2643 3911 2647 
6950 4472 7012 4474 
6951 2882 3910 3893 
6952 5929 6413 2854 
6953 2867 6408 3910 
6954 3907 6417 3096 
6955 3313 3891 3428 
6956 3096 6416 3907 
6957 3180 6428 6425 
6958 6744 7351 5618 
6959 3079 5819 3148 
6960 5818 5819 3088 
6961 4872 7712 4887 
6962 3911 6410 2655 
6963 3182 6415 6072 
6964 2647 3911 2655 
6965 3173 3911 2643 
6966 2877 3913 2861 
6967 3173 3900 3899 
6968 5937 6431 6430 
6969 2642 3898 2636 
6970 3173 3908 3900 
6971 4818 4819 4817 
6972 2664 6410 2867 
6973 3595 6421 6420 
6974 2640 3920 3908 
6975 2861 3913 3075 
6976 3148 3913 2877 
6977 6072 6415 3592 
6978 7435 7550 5421 
6979 5832 6417 5807 
6980 4837 6897 5724 
6981 3529 6432 6430 
6982 3899 3911 3173 
6983 3908 3920 3900 
6984 2867 6410 3897 
6985 2640 3908 2637 
6986 3140 6432 3529 
6987 3901 3914 3075 
6988 6421 6422 3301 
6989 4560 6821 4562 
6990 2639 3908 3173 
6991 232 4522 233 
6992 616 4709 617 
6993 2902 4522 232 
6994 233 4522 4512 
6995 617 4709 2928 
6996 2930 4709 616 
6997 2879 5760 3920 
6998 3383 3384 3382 
6999 2741 3912 2648 
7000 3920 5760 3900 
7001 2741 3921 3912 
7002 3573 3934 3307 
7003 3307 3934 3450 
7004 2648 3912 2644 
7005 2879 3920 2645 
7006 3450 3934 3930 
7007 3935 5897 2847 
7008 2650 3916 2656 
7009 5345 6081 3449 
7010 2797 3923 2813 
7011 3578 6398 3917 
7012 3476 3929 3477 
7013 3476 3935 3929 
7014 3450 3930 3929 
7015 3918 6402 5986 
7016 3917 6398 2773 
7017 3476 5897 3935 
7018 3577 6399 5345 
7019 2827 3923 3915 
7020 5754 6403 5755 
7021 3916 3937 2656 
7022 2813 3923 2827 
7023 5986 6402 2763 
7024 3915 5345 2827 
7025 3175 6405 6032 
7026 2847 6399 3935 
7027 3935 6399 3577 
7028 2646 3916 2650 
7029 3915 6081 5345 
7030 3577 5345 3449 
7031 5755 6403 3498 
7032 2797 6398 3923 
7033 3923 6398 3578 
7034 3928 6395 6042 
7035 2759 3927 2673 
7036 3068 6032 3919 
7037 2831 3921 2743 
7038 2743 3921 2741 
7039 3917 6402 3918 
7040 3919 6388 3068 
7041 3927 6395 3928 
7042 2765 3947 2653 
7043 2773 6402 3917 
7044 2879 6401 5760 
7045 6388 6397 3068 
7046 6032 6405 3919 
7047 2674 3926 3924 
7048 6400 6404 3178 
7049 3922 6397 6388 
7050 2673 3927 2674 
7051 3929 3930 3477 
7052 3924 3936 2674 
7053 5986 6403 5754 
7054 3947 6401 2879 
7055 2674 3927 3926 
7056 3465 3947 2765 
7057 3178 6397 3922 
7058 3928 6404 6400 
7059 2759 6395 3927 
7060 2763 6403 5986 
7061 3922 6400 3178 
7062 2653 3947 2649 
7063 5714 6393 5522 
7064 5345 6399 2827 
7065 5755 6405 3175 
7066 5522 6393 3569 
7067 5715 5896 3229 
7068 2674 3936 2669 
7069 2669 3936 2663 
7070 3452 5803 3938 
7071 3938 5803 3581 
7072 3581 5803 3939 
7073 2658 3937 2791 
7074 2656 3937 2658 
7075 3581 3939 3582 
7076 3938 5896 5715 
7077 3936 3948 2663 
7078 3938 5715 3452 
7079 3939 3940 3582 
7080 3925 3936 3924 
7081 3925 3948 3936 
7082 3930 3931 3477 
7083 3282 3941 3940 
7084 3454 3944 3453 
7085 3927 3928 3926 
7086 5715 6393 5714 
7087 3282 3940 3939 
7088 3134 6038 3138 
7089 3944 3945 3453 
7090 3285 3944 3942 
7091 3453 3945 3467 
7092 3942 3944 3454 
7093 2663 3948 2651 
7094 3229 6393 5715 
7095 3942 6038 3285 
7096 5799 5800 3946 
7097 3588 6084 5992 
7098 3949 3951 3032 
7099 6394 6396 3490 
7100 3098 6052 5800 
7101 3032 6007 3949 
7102 2740 6084 3943 
7103 3951 5978 3032 
7104 3949 6007 3943 
7105 3282 6055 3941 
7106 5923 6396 6394 
7107 3283 5924 3950 
7108 3498 6405 5755 
7109 3945 5799 3946 
7110 2758 5978 5925 
7111 5925 5978 3951 
7112 3943 6007 2740 
7113 3098 5800 5799 
7114 3941 6055 3950 
7115 3945 3946 3467 
7116 3925 3960 3948 
7117 3285 6038 3134 
7118 3138 6038 3153 
7119 3950 5924 3951 
7120 3950 6055 3283 
7121 3956 6391 6390 
7122 3582 6084 3588 
7123 5992 6084 2740 
7124 3930 3932 3931 
7125 3467 6389 5895 
7126 5924 5925 3951 
7127 3940 6084 3582 
7128 3153 6392 3155 
7129 3941 3943 3940 
7130 3957 3963 2668 
7131 2681 5978 2679 
7132 3954 3963 3957 
7133 3455 3954 3953 
7134 3455 3953 3952 
7135 3943 6084 3940 
7136 3948 3960 2652 
7137 3946 6389 3467 
7138 5923 5925 5924 
7139 2803 5833 2833 
7140 3958 3959 3456 
7141 3455 3963 3954 
7142 5923 6394 5925 
7143 3959 5833 3456 
7144 3958 3966 2881 
7145 3097 6386 6385 
7146 6385 6386 3959 
7147 2679 5978 2758 
7148 3032 5978 2681 
7149 3455 3952 2657 
7150 3456 3966 3958 
7151 3461 6388 3919 
7152 3456 5833 2803 
7153 2833 5833 2856 
7154 3930 3934 3932 
7155 3932 3933 3931 
7156 3583 6392 3942 
7157 3953 3958 2881 
7158 3941 3949 3943 
7159 6038 6392 3153 
7160 2657 3952 2654 
7161 3954 3955 3953 
7162 3956 6390 6385 
7163 6390 6391 5800 
7164 3960 6384 2880 
7165 3952 3953 2881 
7166 3925 6384 3960 
7167 3941 3950 3949 
7168 6052 6390 5800 
7169 6387 6392 3583 
7170 3954 3956 3955 
7171 3955 3958 3953 
7172 2742 3960 2880 
7173 2665 3952 2881 
7174 3950 3951 3949 
7175 3954 3957 3956 
7176 3955 3959 3958 
7177 3457 5012 3459 
7178 3462 6384 3464 
7179 3965 5012 3457 
7180 3459 5012 3462 
7181 2880 5012 3965 
7182 2880 3965 2744 
7183 2881 3966 2766 
7184 5012 6384 3462 
7185 4486 5887 5878 
7186 5018 6378 5932 
7187 3445 5696 3443 
7188 3868 3961 2747 
7189 2668 3963 2661 
7190 5024 6302 6245 
7191 5662 5670 5669 
7192 5878 5887 3425 
7193 3443 5696 4523 
7194 3579 5696 3445 
7195 731 5023 732 
7196 5018 5932 4881 
7197 4694 4699 4695 
7198 4976 6351 5602 
7199 4523 5696 3465 
7200 691 4297 692 
7201 4450 6268 6067 
7202 4076 5674 2922 
7203 5023 6302 5024 
7204 4260 6380 6379 
7205 3379 6351 4976 
7206 2747 3961 2745 
7207 2661 3963 2659 
7208 4993 5695 5680 
7209 4896 5893 4900 
7210 5289 6286 5291 
7211 5932 6378 2519 
7212 5418 5423 5422 
7213 3464 6384 3925 
7214 3330 5703 759 
7215 4483 5887 4486 
7216 5600 5601 3380 
7217 2767 4523 3465 
7218 448 4071 449 
7219 4223 4297 691 
7220 175 6284 176 
7221 518 4578 3376 
7222 4484 4509 4488 
7223 5662 5669 5660 
7224 3969 4072 4071 
7225 4993 5680 4990 
7226 191 6347 192 
7227 449 4071 2500 
7228 732 5023 3611 
7229 167 5416 2547 
7230 6241 6331 4963 
7231 5416 5417 2547 
7232 693 4300 694 
7233 506 4369 2508 
7234 6187 6239 4156 
7235 517 4578 518 
7236 184 4144 2924 
7237 4144 4145 2924 
7238 193 4074 2922 
7239 3967 4071 448 
7240 182 6353 183 
7241 4074 4075 2922 
7242 5255 5821 5820 
7243 677 4694 678 
7244 692 4297 3420 
7245 678 4694 3417 
7246 4974 4984 3377 
7247 505 4369 506 
7248 4528 5283 4246 
7249 4076 6352 5674 
7250 3330 6892 5703 
7251 441 6266 442 
7252 6259 6362 2509 
7253 3358 6303 158 
7254 814 6262 815 
7255 6243 6317 6247 
7256 5255 5820 3614 
7257 143 4452 3262 
7258 4452 4453 3262 
7259 6191 6313 4687 
7260 172 5660 173 
7261 4327 6464 6463 
7262 6067 6268 3389 
7263 176 6284 3040 
7264 4944 6292 4943 
7265 759 5703 760 
7266 2966 6361 6360 
7267 2772 3966 3456 
7268 2749 3965 3457 
7269 5660 5669 173 
7270 3420 4300 693 
7271 2662 3964 3181 
7272 6185 6239 6187 
7273 6245 6302 3610 
7274 211 6218 212 
7275 5308 5323 5322 
7276 5229 5230 4945 
7277 447 3967 448 
7278 3390 6343 6073 
7279 4930 6362 6259 
7280 688 6269 689 
7281 3397 6285 4168 
7282 5009 5011 5010 
7283 438 4449 439 
7284 6125 6303 4177 
7285 5242 6262 814 
7286 4784 4790 4785 
7287 795 6345 4751 
7288 816 6314 817 
7289 2925 6347 191 
7290 5027 5028 3704 
7291 4187 6322 4188 
7292 661 4187 3734 
7293 2531 5229 4945 
7294 4580 4581 4301 
7295 2506 6281 6280 
7296 5418 5422 2547 
7297 4943 6292 3043 
7298 4187 4188 3734 
7299 5239 5240 5238 
7300 3422 6297 4525 
7301 4298 4299 3420 
7302 690 4223 691 
7303 5238 5240 3710 
7304 4435 4436 3391 
7305 5240 5241 3710 
7306 813 5242 814 
7307 3389 6268 6267 
7308 3340 4782 805 
7309 3388 6239 469 
7310 689 6269 3421 
7311 437 4435 3391 
7312 508 5600 3380 
7313 202 5225 2945 
7314 512 4974 3377 
7315 2530 4702 614 
7316 6242 6331 6241 
7317 725 4923 726 
7318 3712 5239 5238 
7319 171 6370 2913 
7320 726 4923 3612 
7321 495 4580 4301 
7322 2945 6313 6191 
7323 4694 4695 3417 
7324 472 5154 473 
7325 4168 6285 6270 
7326 511 4974 512 
7327 805 4782 806 
7328 614 4702 615 
7329 5670 6301 2912 
7330 727 6317 728 
7331 4071 4072 2500 
7332 4450 6067 4449 
7333 733 5016 734 
7334 4923 4929 4924 
7335 728 6317 6243 
7336 3398 6372 6371 
7337 147 5074 148 
7338 686 6111 687 
7339 4153 4154 3388 
7340 5284 5287 5285 
7341 5074 5075 148 
7342 5025 5027 3704 
7343 815 6262 3709 
7344 148 5075 149 
7345 149 5075 3261 
7346 5225 5226 2945 
7347 468 4153 3388 
7348 3611 5016 733 
7349 2883 5230 5229 
7350 3021 6273 5336 
7351 2526 6218 211 
7352 3607 6311 747 
7353 780 6280 781 
7354 3611 5022 5021 
7355 4713 5252 5251 
7356 687 6111 3423 
7357 158 6303 159 
7358 3389 6266 441 
7359 427 5282 3372 
7360 599 4998 2539 
7361 2537 4423 629 
7362 703 6158 704 
7363 5417 5418 2547 
7364 5243 6263 6262 
7365 3391 4449 438 
7366 2500 6358 450 
7367 4156 6239 3388 
7368 2506 6280 780 
7369 631 6199 632 
7370 442 6266 3394 
7371 4145 4146 2924 
7372 4214 6376 178 
7373 3611 5023 5022 
7374 6111 6113 6112 
7375 3710 5242 813 
7376 4524 4526 4246 
7377 3340 4783 4782 
7378 6247 6317 4925 
7379 5070 5072 5071 
7380 457 6210 458 
7381 4299 4300 3420 
7382 2912 6301 6284 
7383 174 5669 2912 
7384 2530 6325 4702 
7385 4174 4175 3358 
7386 503 6291 504 
7387 2660 3964 2662 
7388 598 4998 599 
7389 157 4174 3358 
7390 765 5326 2517 
7391 247 5249 248 
7392 792 5322 793 
7393 4933 6181 4935 
7394 4347 6287 477 
7395 4177 6303 3358 
7396 4603 5888 2525 
7397 6286 6346 5291 
7398 658 6078 659 
7399 239 4601 2525 
7400 480 5787 4339 
7401 818 4711 3711 
7402 4711 4712 3711 
7403 4370 5328 4372 
7404 5893 5894 4900 
7405 2958 6095 5647 
7406 697 4524 4246 
7407 2746 3965 2749 
7408 2768 3966 2772 
7409 2887 6199 631 
7410 5069 5070 4040 
7411 3357 4589 4588 
7412 3419 4296 682 
7413 5680 5695 3410 
7414 629 4423 630 
7415 2531 4944 4943 
7416 4526 4528 4246 
7417 201 5225 202 
7418 205 4683 2946 
7419 4423 4429 2887 
7420 4451 6372 3398 
7421 3387 4996 475 
7422 249 5245 250 
7423 6243 6247 6244 
7424 4683 4684 2946 
7425 825 5141 3702 
7426 5014 5888 4603 
7427 5237 6274 5736 
7428 4990 5680 706 
7429 5141 5142 3702 
7430 5161 5777 5776 
7431 452 4451 3398 
7432 200 5223 201 
7433 6207 6248 5298 
7434 419 5071 420 
7435 5083 5084 3607 
7436 2544 5009 226 
7437 238 4601 239 
7438 748 6311 5092 
7439 642 5229 2531 
7440 746 5083 3607 
7441 224 6265 225 
7442 797 4784 3339 
7443 4784 4785 3339 
7444 5645 5651 2956 
7445 819 5251 820 
7446 3389 6267 6266 
7447 4347 6288 6287 
7448 4989 5891 2529 
7449 3648 4368 489 
7450 696 4524 697 
7451 173 5669 174 
7452 212 6218 3042 
7453 4986 4988 2529 
7454 641 5229 642 
7455 3657 5406 399 
7456 5250 6225 6223 
7457 2537 4424 4423 
7458 399 5406 400 
7459 773 5298 774 
7460 3613 4932 4931 
7461 619 6286 5289 
7462 2912 6284 175 
7463 4074 4101 4075 
7464 4217 6376 4214 
7465 841 5332 3694 
7466 4557 6299 4565 
7467 4988 4989 2529 
7468 817 6314 4711 
7469 3733 4680 665 
7470 4075 4076 2922 
7471 2943 5247 5246 
7472 2544 5011 5009 
7473 840 5332 841 
7474 4923 4924 3612 
7475 234 4512 2904 
7476 3412 6158 703 
7477 4296 6380 4260 
7478 4813 5727 5716 
7479 5601 5602 3380 
7480 248 5249 2943 
7481 4327 6463 5969 
7482 5335 5727 4813 
7483 4998 4999 2539 
7484 5156 5157 2929 
7485 411 5301 412 
7486 3701 5025 833 
7487 165 6365 166 
7488 623 5156 2929 
7489 5348 6138 6137 
7490 413 5303 3992 
7491 5032 5069 4040 
7492 5669 5670 2912 
7493 284 5946 285 
7494 4297 4298 3420 
7495 3443 4523 2849 
7496 6111 6112 3423 
7497 5222 5288 2888 
7498 3044 6070 651 
7499 6123 6303 6125 
7500 747 6311 748 
7501 4436 4437 3391 
7502 5161 5776 5160 
7503 683 4296 4260 
7504 475 4996 476 
7505 5005 6205 6204 
7506 3021 5336 587 
7507 4301 4581 4302 
7508 3395 6210 457 
7509 4684 4685 2946 
7510 6243 6244 3610 
7511 4040 5071 419 
7512 5736 6274 2932 
7513 833 5025 834 
7514 6185 6187 6186 
7515 584 4986 2529 
7516 729 6243 3610 
7517 429 6181 4933 
7518 433 6149 434 
7519 4582 6228 3390 
7520 6263 6344 3709 
7521 4693 4694 677 
7522 6133 6134 6132 
7523 4683 6191 4687 
7524 2943 5245 249 
7525 587 5336 588 
7526 609 4605 2891 
7527 3411 4992 4991 
7528 223 4370 2914 
7529 6311 6312 5092 
7530 5241 5242 3710 
7531 6158 6159 4992 
7532 4605 5892 4607 
7533 821 6257 822 
7534 4605 4606 2891 
7535 781 6280 3347 
7536 6073 6343 4009 
7537 4601 4602 2525 
7538 676 4693 677 
7539 4453 4454 3262 
7540 5249 6225 5250 
7541 702 5305 3412 
7542 2540 5637 571 
7543 831 6226 832 
7544 4896 4899 4898 
7545 4602 4603 2525 
7546 250 5245 5002 
7547 6515 6516 2915 
7548 3993 5032 417 
7549 504 6291 3649 
7550 2914 6265 224 
7551 6097 6304 6096 
7552 3387 4997 4996 
7553 3711 5251 819 
7554 3609 4846 4845 
7555 494 6337 4580 
7556 5298 6248 774 
7557 820 5251 4725 
7558 4999 6209 2539 
7559 4370 4371 2914 
7560 510 6351 3379 
7561 477 6287 478 
7562 4483 4486 4485 
7563 2534 6075 6074 
7564 247 6225 5249 
7565 4072 4073 2500 
7566 5001 5239 3712 
7567 4153 4155 4154 
7568 485 5679 3646 
7569 716 4931 717 
7570 3410 5695 5682 
7571 424 4529 3373 
7572 4188 4189 3734 
7573 6219 6220 3042 
7574 5157 5158 2929 
7575 571 5637 572 
7576 793 5322 2516 
7577 5306 5307 3343 
7578 417 5032 418 
7579 583 4986 584 
7580 6221 6234 6222 
7581 2911 5327 180 
7582 2953 6234 6221 
7583 4174 4176 4175 
7584 5167 6248 6207 
7585 2531 4945 4944 
7586 4924 4925 3612 
7587 2913 6370 5667 
7588 3703 6226 831 
7589 4710 5231 3594 
7590 2943 5249 5247 
7591 4444 6149 433 
7592 5254 5255 3614 
7593 3410 5682 5681 
7594 4144 4147 4145 
7595 432 4942 4444 
7596 3701 5026 5025 
7597 226 5009 227 
7598 263 5178 2957 
7599 657 4511 2541 
7600 4529 4530 3373 
7601 5232 5233 2934 
7602 469 6239 470 
7603 3343 5322 792 
7604 2894 6133 6132 
7605 435 6332 436 
7606 3411 6158 4992 
7607 4437 4449 3391 
7608 278 5232 2934 
7609 855 5716 856 
7610 5178 5179 2957 
7611 6128 6259 2509 
7612 2505 6335 6334 
7613 6123 6125 6124 
7614 285 5946 2939 
7615 3397 4168 4166 
7616 2943 5246 5245 
7617 3345 6254 800 
7618 4483 4485 4484 
7619 3357 4590 4589 
7620 3709 6314 816 
7621 243 4700 2953 
7622 4963 4964 3045 
7623 255 6095 2958 
7624 3649 4369 505 
7625 4541 6210 3395 
7626 5017 5018 4881 
7627 2941 6204 252 
7628 5348 6137 3664 
7629 4813 5716 855 
7630 6213 6214 2526 
7631 647 4963 3045 
7632 4557 4558 5 
7633 4435 4438 4436 
7634 6095 6315 5647 
7635 5301 5303 412 
7636 4695 4696 3417 
7637 2939 6289 5537 
7638 3347 6278 6277 
7639 5517 5518 2542 
7640 5224 5226 5225 
7641 4073 6358 2500 
7642 4541 6211 6210 
7643 3993 5033 5032 
7644 3614 5820 739 
7645 406 5409 2515 
7646 3179 5231 4710 
7647 665 4680 666 
7648 2520 5334 853 
7649 611 4678 2888 
7650 5026 5027 5025 
7651 566 5337 567 
7652 398 5281 3657 
7653 5515 5517 2542 
7654 6011 6251 5634 
7655 2524 5536 5535 
7656 799 6326 3345 
7657 823 6305 824 
7658 768 6298 769 
7659 444 4582 3390 
7660 553 5632 2905 
7661 800 6254 801 
7662 288 6088 289 
7663 2542 5946 284 
7664 461 4165 462 
7665 2540 5638 5637 
7666 3422 4524 696 
7667 412 5303 413 
7668 5734 5735 2932 
7669 2954 5732 267 
7670 275 5734 2932 
7671 806 4782 4736 
7672 489 4368 490 
7673 704 6158 3411 
7674 458 6210 3392 
7675 405 5409 406 
7676 4711 4721 4712 
7677 4327 5969 491 
7678 2849 4523 2769 
7679 578 5788 579 
7680 5877 5878 3425 
7681 493 6337 494 
7682 3396 3967 447 
7683 3394 4584 4583 
7684 5005 6204 2941 
7685 791 5306 3343 
7686 283 5515 2542 
7687 4452 6350 4453 
7688 630 4423 2887 
7689 267 5732 268 
7690 2515 5287 5284 
7691 490 4368 4327 
7692 4547 4578 517 
7693 624 5160 625 
7694 4484 4488 4487 
7695 4712 4713 3711 
7696 5308 5322 3343 
7697 282 5515 283 
7698 2515 5284 407 
7699 5160 5776 625 
7700 5324 5934 5325 
7701 4725 6257 821 
7702 785 6058 3341 
7703 3611 5021 5016 
7704 628 5296 2537 
7705 6132 6134 2540 
7706 5778 6122 5780 
7707 802 5671 803 
7708 280 5889 281 
7709 5158 5161 5160 
7710 2505 5000 809 
7711 5735 5736 2932 
7712 3179 5822 5231 
7713 2586 6109 6108 
7714 5261 5262 2935 
7715 4896 4900 4899 
7716 2938 6057 271 
7717 846 4792 3695 
7718 271 6057 272 
7719 3394 4582 443 
7720 4557 4559 4558 
7721 2905 5632 5618 
7722 4605 4607 4606 
7723 295 5728 2918 
7724 547 5261 2935 
7725 734 5016 4881 
7726 3040 4216 4215 
7727 281 5889 2931 
7728 2899 5788 578 
7729 2918 5730 296 
7730 552 5632 553 
7731 615 4702 2930 
7732 4154 4156 3388 
7733 4368 6464 4327 
7734 2539 6209 6198 
7735 2533 6353 182 
7736 2966 4431 198 
7737 2958 5645 256 
7738 379 6137 380 
7739 4678 5221 2888 
7740 4370 4372 4371 
7741 294 5728 295 
7742 3423 6269 688 
7743 5307 5308 3343 
7744 2901 4601 238 
7745 5078 5079 2894 
7746 5740 5746 5745 
7747 2524 5535 269 
7748 2540 6134 5638 
7749 3609 4847 4846 
7750 2954 5733 5732 
7751 3609 4845 718 
7752 794 6345 795 
7753 4529 4531 4530 
7754 5611 5617 5612 
7755 4424 4429 4423 
7756 5518 5947 5946 
7757 600 6198 601 
7758 183 6353 4144 
7759 3116 5860 3125 
7760 6332 6333 4438 
7761 2906 6251 6011 
7762 3397 4165 461 
7763 5251 5252 4725 
7764 5346 6275 5347 
7765 3485 6176 6152 
7766 5848 5850 3224 
7767 3224 5866 5848 
7768 5412 5644 5411 
7769 312 5745 313 
7770 2771 5324 3592 
7771 3260 5074 147 
7772 2920 6088 288 
7773 3645 6291 503 
7774 5232 5237 5233 
7775 5873 6142 5458 
7776 3693 5793 849 
7777 153 5269 2535 
7778 3664 6137 379 
7779 610 4678 611 
7780 3394 4583 4582 
7781 5506 5507 2895 
7782 549 5631 2906 
7783 290 5433 2919 
7784 4606 4611 2891 
7785 296 5730 297 
7786 5324 5325 3592 
7787 2939 5537 286 
7788 456 4539 3395 
7789 3078 6236 6206 
7790 3613 4931 716 
7791 376 5471 2513 
7792 568 5078 2894 
7793 3143 5801 5603 
7794 4301 4302 3644 
7795 755 6276 3331 
7796 4539 4540 3395 
7797 2543 5745 312 
7798 5033 5069 5032 
7799 355 5623 356 
7800 3224 5860 3116 
7801 5084 5085 3607 
7802 3143 5976 5801 
7803 4870 4923 725 
7804 5475 5791 5640 
7805 3041 5542 300 
7806 5850 5860 3224 
7807 4175 4177 3358 
7808 834 5025 3704 
7809 5537 6289 5538 
7810 5843 5844 5842 
7811 5433 5434 2919 
7812 3610 6302 730 
7813 3357 4588 164 
7814 567 5337 5078 
7815 3099 6082 5828 
7816 2537 4425 4424 
7817 2991 6169 2990 
7818 5603 5955 3143 
7819 152 5269 153 
7820 3855 5802 5801 
7821 2547 5422 168 
7822 2907 4998 598 
7823 537 6148 5504 
7824 289 6088 5433 
7825 5560 5561 2521 
7826 533 5756 534 
7827 5259 5260 3703 
7828 5848 5866 5845 
7829 2940 6609 6012 
7830 5646 5651 5645 
7831 2537 5296 4425 
7832 443 4582 444 
7833 5076 5077 2522 
7834 3290 6116 5884 
7835 5525 5971 5916 
7836 326 5076 2522 
7837 5070 5071 4040 
7838 3393 4539 455 
7839 2938 6294 6057 
7840 3316 6155 3587 
7841 403 6170 404 
7842 830 5259 3703 
7843 878 5655 2598 
7844 881 5560 2521 
7845 2592 5758 5757 
7846 5728 5729 2918 
7847 3335 5300 5299 
7848 4557 4565 4559 
7849 2572 5774 2574 
7850 5640 5791 2591 
7851 562 5506 2895 
7852 2958 5646 5645 
7853 5465 5624 5623 
7854 256 5645 257 
7855 886 6122 5778 
7856 5177 5970 3695 
7857 4713 5251 3711 
7858 370 5890 4025 
7859 401 6168 402 
7860 5592 5704 863 
7861 5946 5947 2939 
7862 2990 5824 3508 
7863 5841 5843 5842 
7864 3168 5912 5905 
7865 3393 6174 6173 
7866 3421 4223 690 
7867 5801 5976 3855 
7868 5079 6133 2894 
7869 6106 6188 2588 
7870 4809 5332 840 
7871 632 6199 2886 
7872 5002 5004 5003 
7873 5506 5508 5507 
7874 5866 6090 5845 
7875 5824 5827 3508 
7876 2893 6142 5873 
7877 2923 6330 5432 
7878 3393 6173 4539 
7879 3599 6232 6231 
7880 5009 5010 5008 
7881 2951 6011 5634 
7882 4933 4935 4934 
7883 5261 5263 5262 
7884 2903 6489 5786 
7885 3338 5671 802 
7886 5411 5644 2527 
7887 5433 5541 5434 
7888 252 6204 253 
7889 418 5032 4040 
7890 420 5071 2499 
7891 555 5611 2528 
7892 5179 5180 2957 
7893 5269 5270 2535 
7894 2748 5822 3179 
7895 3591 6163 6141 
7896 2592 5756 533 
7897 560 6131 561 
7898 3397 4166 4165 
7899 142 4452 143 
7900 153 2535 154 
7901 171 2913 172 
7902 183 4144 184 
7903 190 2925 191 
7904 199 2947 200 
7905 222 4370 223 
7906 228 2903 229 
7907 715 3613 716 
7908 726 3612 727 
7909 763 5116 764 
7910 772 3335 773 
7911 779 2506 780 
7912 795 4751 796 
7913 801 3338 802 
7914 808 2505 809 
7915 5233 5234 2934 
7916 3452 5714 3281 
7917 5346 5347 3664 
7918 5839 5841 5835 
7919 809 5000 810 
7920 890 5523 2948 
7921 3481 6051 3547 
7922 3993 5034 5033 
7923 3516 6166 6139 
7924 2897 5337 566 
7925 2992 5993 5903 
7926 5753 5755 3175 
7927 5828 6082 3508 
7928 2770 5324 2771 
7929 6222 6223 2942 
7930 5504 5505 2591 
7931 5560 6121 5561 
7932 140 3259 141 
7933 149 3261 150 
7934 151 3263 152 
7935 160 3356 161 
7936 167 2547 168 
7937 169 3047 170 
7938 174 2912 175 
7939 176 3040 177 
7940 181 2533 182 
7941 197 2966 198 
7942 204 4683 205 
7943 231 2902 232 
7944 233 4512 234 
7945 713 3608 714 
7946 722 2509 723 
7947 724 4870 725 
7948 738 3614 739 
7949 740 3606 741 
7950 761 3332 762 
7951 799 3345 800 
7952 804 3340 805 
7953 806 4736 807 
7954 5523 5524 2948 
7955 3673 5797 3585 
7956 362 5503 2497 
7957 6043 6091 3310 
7958 5869 5989 5805 
7959 5347 5348 3664 
7960 2951 5634 5633 
7961 5526 5784 5783 
7962 6064 6107 5701 
7963 3183 5826 5809 
7964 580 6182 581 
7965 2992 5903 5902 
7966 2993 5902 2996 
7967 3226 5804 3225 
7968 5804 6229 6196 
7969 5751 5975 2735 
7970 3550 6100 3504 
7971 5002 5245 5004 
7972 192 4074 193 
7973 215 5676 216 
7974 217 2915 218 
7975 237 2901 238 
7976 239 2525 240 
7977 297 2523 298 
7978 334 5641 335 
7979 336 2594 337 
7980 338 5534 339 
7981 342 2921 343 
7982 344 2588 345 
7983 349 2893 350 
7984 351 2590 352 
7985 353 5463 354 
7986 362 2497 363 
7987 368 4027 369 
7988 373 4026 374 
7989 375 5471 376 
7990 380 3661 381 
7991 387 5144 388 
7992 397 5281 398 
7993 406 2515 407 
7994 408 3995 409 
7995 410 3994 411 
7996 413 3992 414 
7997 420 2499 421 
7998 424 3373 425 
7999 426 5282 427 
8000 429 4933 430 
8001 431 4942 432 
8002 436 4435 437 
8003 452 3398 453 
8004 474 3387 475 
8005 482 3647 483 
8006 488 3648 489 
8007 504 3649 505 
8008 518 3376 519 
8009 523 5656 524 
8010 529 2593 530 
8011 531 5415 532 
8012 535 2597 536 
8013 538 2591 539 
8014 540 5472 541 
8015 544 2596 545 
8016 546 5261 547 
8017 549 2906 550 
8018 551 2951 552 
8019 553 2905 554 
8020 555 2528 556 
8021 557 2940 558 
8022 562 2895 563 
8023 574 2900 575 
8024 586 3021 587 
8025 588 2909 589 
8026 597 2907 598 
8027 599 2539 600 
8028 606 2889 607 
8029 609 2891 610 
8030 611 2888 612 
8031 613 2530 614 
8032 615 2930 616 
8033 620 2927 621 
8034 622 5156 623 
8035 628 2537 629 
8036 630 2887 631 
8037 632 2886 633 
8038 634 2884 635 
8039 637 2885 638 
8040 644 3043 645 
8041 646 4963 647 
8042 661 3734 662 
8043 671 2532 672 
8044 673 4274 674 
8045 675 3418 676 
8046 707 3410 708 
8047 728 6243 729 
8048 758 3330 759 
8049 765 2517 766 
8050 767 3348 768 
8051 810 3712 811 
8052 812 3710 813 
8053 3183 5809 5808 
8054 5611 5612 2528 
8055 137 3425 138 
8056 666 4680 4679 
8057 5771 5774 2572 
8058 3497 5975 5751 
8059 5592 5705 5704 
8060 2913 5660 172 
8061 5482 5483 2921 
8062 5926 5943 3295 
8063 5798 6066 6065 
8064 139 4483 6 
8065 332 5604 333 
8066 364 5761 365 
8067 5920 6029 5897 
8068 5223 5225 201 
8069 5884 6116 3587 
8070 5872 6119 2590 
8071 3281 5714 3432 
8072 5876 5877 3425 
8073 3488 6114 5996 
8074 3263 5269 152 
8075 538 5504 2591 
8076 717 4931 3609 
8077 5839 5843 5841 
8078 5845 6090 5842 
8079 2923 5432 188 
8080 521 5530 522 
8081 3633 5765 3370 
8082 520 4557 5 
8083 797 3339 798 
8084 3225 5804 3309 
8085 2990 6169 5824 
8086 2592 5757 5756 
8087 257 5645 2956 
8088 313 5745 2962 
8089 3277 5771 903 
8090 5415 5758 2592 
8091 4700 6233 2953 
8092 3289 6171 6154 
8093 2931 5515 282 
8094 3319 5764 3671 
8095 3551 5900 5899 
8096 6161 6167 5863 
8097 5458 6142 2512 
8098 5916 5971 2608 
8099 3473 5869 5805 
8100 3231 5764 3319 
8101 3509 6107 6064 
8102 3587 6155 5884 
8103 2950 5699 316 
8104 525 5411 526 
8105 695 3422 696 
8106 289 5433 290 
8107 307 2965 308 
8108 325 5076 326 
8109 460 3397 461 
8110 467 4153 468 
8111 468 3388 469 
8112 476 4347 477 
8113 480 4339 481 
8114 490 4327 491 
8115 502 3645 503 
8116 506 2508 507 
8117 650 3044 651 
8118 657 2541 658 
8119 669 4279 670 
8120 687 3423 688 
8121 702 3412 703 
8122 846 3695 847 
8123 862 5592 863 
8124 880 5560 881 
8125 889 5523 890 
8126 898 2601 899 
8127 5661 5662 5660 
8128 5751 5943 5926 
8129 5905 5912 5906 
8130 5249 5250 5247 
8131 5835 5841 5834 
8132 251 5002 2941 
8133 342 5482 2921 
8134 3067 5753 3175 
8135 2992 5902 2993 
8136 3431 5520 3637 
8137 3478 5989 5869 
8138 5643 6164 5642 
8139 3386 5154 472 
8140 796 4784 797 
8141 5738 5739 2543 
8142 5526 5783 2948 
8143 3039 6015 2869 
8144 5956 6036 3009 
8145 5331 5889 280 
8146 3085 5834 3060 
8147 3588 6143 6083 
8148 554 5611 555 
8149 3673 5798 5797 
8150 5592 5706 5705 
8151 6152 6176 5828 
8152 321 6020 322 
8153 400 5406 3663 
8154 810 5000 3712 
8155 350 5870 351 
8156 5808 6046 3183 
8157 3279 5803 3452 
8158 5642 6164 5410 
8159 209 6212 210 
8160 682 4296 683 
8161 4530 4532 3373 
8162 3599 6230 3598 
8163 2953 6221 244 
8164 5619 5620 2949 
8165 3740 6002 3586 
8166 5898 6006 5789 
8167 318 5619 2949 
8168 2527 5643 5642 
8169 5473 5474 2538 
8170 2735 5943 5751 
8171 3038 5920 3083 
8172 3353 5991 3141 
8173 3305 5899 3191 
8174 3277 5772 5771 
8175 3293 5827 3500 
8176 3350 6062 3349 
8177 3547 6051 5603 
8178 5619 5700 5620 
8179 3994 5301 411 
8180 5799 5952 3098 
8181 5898 6051 3481 
8182 5897 6029 2847 
8183 3136 6031 2868 
8184 5221 5222 2888 
8185 3060 5834 3062 
8186 3082 5753 3067 
8187 3146 5701 3317 
8188 5798 6065 3288 
8189 5261 6189 5263 
8190 5484 5607 2921 
8191 5919 6024 3471 
8192 5811 6037 3517 
8193 5795 5812 5796 
8194 3072 5811 3517 
8195 3452 5715 5714 
8196 5523 5971 5525 
8197 6196 6229 5769 
8198 5795 6036 5956 
8199 2893 5870 350 
8200 3662 5144 387 
8201 5077 6145 2522 
8202 5534 5914 2589 
8203 5870 5872 2590 
8204 3484 6167 6161 
8205 5789 6006 5979 
8206 5837 5861 5840 
8207 5843 5847 5844 
8208 5434 5435 2919 
8209 5002 5003 2941 
8210 3584 5797 5794 
8211 5992 6143 3588 
8212 5716 5727 5717 
8213 863 5704 864 
8214 5752 5753 3082 
8215 3168 5905 3162 
8216 5145 5146 3665 
8217 3551 5899 3305 
8218 3432 5714 5522 
8219 5805 5882 3473 
8220 3514 6166 3516 
8221 5844 5845 5842 
8222 2522 6145 6144 
8223 3471 6024 2733 
8224 5621 5790 2949 
8225 3085 5835 5834 
8226 3094 5976 3143 
8227 3302 5968 3527 
8228 3729 5991 3353 
8229 3504 6100 6037 
8230 3379 4974 511 
8231 2981 5883 3078 
8232 3019 5981 3482 
8233 3037 5775 3297 
8234 3089 5813 3088 
8235 3189 5937 3304 
8236 3191 5899 3193 
8237 532 5415 2592 
8238 3137 5813 3089 
8239 3278 5803 3279 
8240 3479 5898 3481 
8241 3546 5698 3480 
8242 5472 5791 5475 
8243 5603 6051 5955 
8244 3666 5409 405 
8245 2601 6580 5810 
8246 2869 6015 3106 
8247 3022 5973 3007 
8248 4302 4303 3644 
8249 6002 6003 6001 
8250 2883 5229 641 
8251 5456 5457 2512 
8252 2666 5895 2668 
8253 2976 6045 2977 
8254 2996 5902 3093 
8255 5523 5525 5524 
8256 2601 5810 899 
8257 5657 5658 2502 
8258 5410 5948 2593 
8259 3096 5832 2864 
8260 3529 6054 3139 
8261 3299 5957 3484 
8262 3496 5975 3497 
8263 5811 6094 6037 
8264 5817 5818 5814 
8265 5906 5909 5908 
8266 2978 5826 2975 
8267 3117 5752 3082 
8268 5922 5924 3283 
8269 6262 6263 3709 
8270 5869 6046 5808 
8271 5561 5562 2521 
8272 5505 5640 2591 
8273 3099 6041 2980 
8274 3007 5973 3005 
8275 3025 5896 3026 
8276 3515 6197 3514 
8277 3526 5931 5904 
8278 5829 5830 3573 
8279 5822 5936 5231 
8280 5944 6086 5415 
8281 601 6198 3002 
8282 2865 5811 3072 
8283 3479 6006 5898 
8284 346 5456 347 
8285 455 4539 456 
8286 2896 6131 560 
8287 822 6257 2518 
8288 856 5716 4812 
8289 6127 6128 2509 
8290 2807 5918 3180 
8291 6117 6140 6045 
8292 2527 5644 5643 
8293 2689 6143 5992 
8294 2753 5936 5822 
8295 2868 6031 2836 
8296 5262 5264 2935 
8297 2977 6045 2985 
8298 2994 6169 2991 
8299 3073 5896 3025 
8300 3026 5896 3938 
8301 3090 3494 3231 
8302 3728 3730 3729 
8303 6096 6304 5178 
8304 5482 6005 5483 
8305 3018 5728 294 
8306 354 5463 2587 
8307 903 5771 902 
8308 2840 5937 3189 
8309 3185 5967 3053 
8310 3077 5921 3226 
8311 3142 3474 3350 
8312 3284 5922 3159 
8313 5918 5919 3180 
8314 3518 5766 3520 
8315 3580 5760 3579 
8316 5794 5796 3584 
8317 5796 5812 3017 
8318 3036 6117 6045 
8319 3081 5866 3224 
8320 3507 3623 3538 
8321 3598 6230 6206 
8322 5768 5770 5769 
8323 5945 6086 5944 
8324 6076 6085 6018 
8325 901 2602 12 
8326 2513 6275 5346 
8327 5789 5979 2834 
8328 3098 5952 2878 
8329 3114 5796 3017 
8330 5813 5818 3088 
8331 3370 5765 3507 
8332 5809 6176 3485 
8333 3557 3624 3556 
8334 3585 5797 3584 
8335 328 3842 7 
8336 2864 5832 3070 
8337 2999 6026 3051 
8338 3016 6027 3015 
8339 3587 5964 3147 
8340 3172 3352 3351 
8341 3500 5827 5824 
8342 6077 6093 3586 
8343 6206 6236 3598 
8344 6214 6219 6218 
8345 5463 5464 2587 
8346 2892 5412 5411 
8347 5623 5624 2937 
8348 3095 3130 3129 
8349 5906 5907 3167 
8350 3548 5829 3306 
8351 3474 3475 3350 
8352 3431 3637 3488 
8353 5868 5977 3486 
8354 3740 6003 6002 
8355 5078 5337 5080 
8356 5863 5864 5862 
8357 2720 3478 3286 
8358 2823 6040 6017 
8359 2841 5789 2834 
8360 2893 5873 5871 
8361 3033 6146 5966 
8362 3038 6029 5920 
8363 3065 6032 3063 
8364 3070 5832 5806 
8365 3083 5920 3142 
8366 3090 3231 3114 
8367 3129 5976 3094 
8368 3150 3354 3270 
8369 3193 5899 3493 
8370 3494 3495 3231 
8371 3538 3539 3513 
8372 5766 5767 3520 
8373 3558 3559 3557 
8374 3901 3902 3627 
8375 5656 5886 5413 
8376 5632 5633 5618 
8377 5795 5796 5794 
8378 5861 5865 5840 
8379 5906 5908 5907 
8380 5908 5911 5910 
8381 356 5623 2937 
8382 2905 5611 554 
8383 2756 5936 2753 
8384 2975 5826 2973 
8385 3142 3350 3349 
8386 3316 3587 3147 
8387 5979 6006 3184 
8388 3862 5698 3546 
8389 299 3041 300 
8390 872 2611 873 
8391 2733 6024 2732 
8392 2878 5952 3080 
8393 3078 5917 2983 
8394 2989 2990 2988 
8395 3151 3311 3137 
8396 3306 5829 3573 
8397 3631 6062 3350 
8398 4751 6345 4791 
8399 2585 5652 324 
8400 895 5657 2502 
8401 5465 5623 2587 
8402 3069 5955 2863 
8403 5483 5484 2921 
8404 2972 5990 2974 
8405 3528 6031 3136 
8406 3449 6081 3267 
8407 3277 5773 5772 
8408 3284 5923 5922 
8409 5837 5840 5839 
8410 2798 6019 2796 
8411 2821 6040 2806 
8412 2823 6017 2843 
8413 3054 3055 2851 
8414 3014 5981 3019 
8415 3072 3517 3515 
8416 3080 5952 3133 
8417 3159 3160 3158 
8418 3162 5905 3160 
8419 3484 5967 3185 
8420 3191 3193 3190 
8421 5966 6116 3290 
8422 3525 6025 3442 
8423 3450 3577 3449 
8424 3511 3741 3495 
8425 3667 3668 3509 
8426 3549 3856 3854 
8427 7 2615 2614 
8428 2496 5641 334 
8429 904 5953 3277 
8430 5532 5533 2594 
8431 2720 5989 3478 
8432 3080 3133 3089 
8433 3562 3622 3619 
8434 5846 5849 5848 
8435 5993 6093 5903 
8436 2699 5927 2761 
8437 2719 5882 5805 
8438 3466 5936 2795 
8439 2845 5931 3526 
8440 3048 5931 2846 
8441 5524 5526 2948 
8442 2979 2980 2978 
8443 2979 5883 2981 
8444 2996 3093 3092 
8445 3052 3289 3001 
8446 3070 5806 3095 
8447 3085 5836 5835 
8448 3146 3317 3315 
8449 3161 3162 3160 
8450 3278 3279 3166 
8451 3266 3548 3306 
8452 3309 5804 3641 
8453 3432 5521 5520 
8454 4560 4562 4558 
8455 5892 6087 4607 
8456 5156 5159 5157 
8457 5463 6010 5466 
8458 5657 5659 5658 
8459 2927 6327 621 
8460 2599 6021 6020 
8461 2614 6014 6008 
8462 2671 5895 2666 
8463 2676 2936 2671 
8464 2697 5927 2699 
8465 2757 2764 2754 
8466 2795 5936 2756 
8467 2757 5918 2807 
8468 2807 3180 2822 
8469 2843 2870 2865 
8470 3072 3514 2866 
8471 3034 3453 2936 
8472 3006 3010 3008 
8473 3015 6027 3090 
8474 3033 5966 3020 
8475 3020 3290 3074 
8476 3139 6015 3039 
8477 3053 5967 3054 
8478 3095 3129 3094 
8479 3139 6054 6015 
8480 3150 5917 3472 
8481 3187 5977 5867 
8482 3193 3491 3190 
8483 3307 3449 3267 
8484 6139 6166 3297 
8485 3855 5976 3436 
8486 3474 3476 3475 
8487 3545 5766 3518 
8488 3538 3597 3539 
8489 3547 3861 3860 
8490 3566 3625 3567 
8491 5603 5801 3861 
8492 5772 5774 5771 
8493 5867 5977 5868 
8494 5906 5912 5909 
8495 5984 6035 5983 
8496 369 5890 370 
8497 388 5144 3665 
8498 476 4996 4347 
8499 529 5410 2593 
8500 540 5791 5472 
8501 2892 5656 5413 
8502 3090 3114 3017 
8503 3066 6090 5866 
8504 3072 3515 3514 
8505 3193 3492 3491 
8506 3223 3448 3222 
8507 3588 6083 3292 
8508 3294 5962 5960 
8509 3308 6000 3322 
8510 3728 3729 3353 
8511 3474 5920 5897 
8512 3519 3545 3518 
8513 5923 5924 5922 
8514 5939 5940 5938 
8515 901 5759 2602 
8516 5761 5762 2595 
8517 3188 6040 2821 
8518 2822 3303 2840 
8519 2829 5979 2850 
8520 2850 2851 2830 
8521 2842 2863 2841 
8522 3053 3054 2851 
8523 3516 5995 2866 
8524 3294 5960 2968 
8525 3060 3061 3059 
8526 3081 3082 3067 
8527 3093 3308 3230 
8528 3093 3468 3308 
8529 5905 5906 3167 
8530 3189 3304 3191 
8531 5797 5798 3288 
8532 3304 3530 3305 
8533 3490 3583 3454 
8534 5899 5900 3493 
8535 3530 3532 3531 
8536 3904 3906 3905 
8537 5752 5985 5754 
8538 5816 5817 5814 
8539 12 5953 904 
8540 276 6274 277 
8541 2772 3456 2803 
8542 2858 2860 2859 
8543 2981 3078 2983 
8544 3037 3077 3076 
8545 3105 5931 3048 
8546 3051 6026 5701 
8547 3070 3094 3069 
8548 3143 5955 3069 
8549 3495 5764 3231 
8550 3306 3573 3307 
8551 3564 3569 3312 
8552 3524 3893 3446 
8553 3918 5997 3451 
8554 3457 3459 3458 
8555 3489 6091 6043 
8556 3507 3538 3513 
8557 3915 3923 3578 
8558 3671 3672 3585 
8559 5459 6188 6106 
8560 5806 5832 5807 
8561 241 3003 242 
8562 250 5002 251 
8563 278 2934 279 
8564 588 5336 2909 
8565 825 3702 826 
8566 892 2607 893 
8567 894 5657 895 
8568 2707 6018 2706 
8569 2713 2715 2714 
8570 2722 5882 2719 
8571 2732 2737 2736 
8572 5825 6019 2798 
8573 2861 3075 2859 
8574 2864 3070 3069 
8575 6290 6361 2966 
8576 3473 5882 2967 
8577 2986 3150 3087 
8578 2993 2996 2995 
8579 2997 2998 2995 
8580 3289 6154 3001 
8581 3054 5967 3086 
8582 3193 3493 3492 
8583 3282 3939 3278 
8584 3939 5803 3278 
8585 3309 3641 3633 
8586 3322 6000 3726 
8587 3549 3854 3436 
8588 3497 3510 3483 
8589 3491 6080 6016 
8590 3565 3740 3586 
8591 5913 6114 3638 
8592 5849 5850 5848 
8593 2599 6020 321 
8594 2587 5623 355 
8595 2720 3286 3100 
8596 2732 2736 2730 
8597 2974 2976 2975 
8598 2983 5917 2986 
8599 2989 2991 2990 
8600 2989 5993 2992 
8601 3027 3122 3073 
8602 3062 3123 3064 
8603 3066 3067 3065 
8604 3125 3126 3117 
8605 3287 3288 3122 
8606 3131 3132 3130 
8607 3130 6043 3310 
8608 5996 6114 3168 
8609 5806 5807 3182 
8610 5961 5963 3192 
8611 3470 3944 3285 
8612 3354 3617 3565 
8613 3470 5952 5799 
8614 5867 5868 3496 
8615 6002 6077 3586 
8616 3621 3627 3626 
8617 3668 6104 6102 
8618 3568 5530 521 
8619 5609 5610 2597 
8620 2678 2679 2677 
8621 2678 2680 2679 
8622 2684 2685 2683 
8623 2683 6007 3032 
8624 2686 2687 2685 
8625 2688 2689 2687 
8626 2688 5949 2691 
8627 2692 2693 2690 
8628 2696 5994 2694 
8629 2737 5918 2757 
8630 2739 5951 3006 
8631 2828 3595 3593 
8632 2835 2842 2841 
8633 3303 5937 2840 
8634 2866 5995 2844 
8635 2855 3071 2853 
8636 2860 2861 2859 
8637 2892 5413 5412 
8638 2983 2984 2982 
8639 2986 5917 3150 
8640 2993 2995 2994 
8641 2996 2997 2995 
8642 2999 3001 3000 
8643 3012 3014 3013 
8644 3017 5812 3013 
8645 3025 3026 3024 
8646 3026 3581 3292 
8647 3290 3291 3074 
8648 3102 3591 3101 
8649 3142 5920 3474 
8650 3165 3278 3166 
8651 5794 5797 3288 
8652 3567 6155 3316 
8653 3537 3728 3353 
8654 3459 3460 3458 
8655 3461 3919 3460 
8656 3464 3924 3521 
8657 3478 5808 3485 
8658 3478 5869 5808 
8659 3496 3497 3483 
8660 3555 3857 3489 
8661 3619 3620 3618 
8662 3621 3626 3620 
8663 5985 5997 3918 
8664 5078 5080 5079 
8665 5472 5475 5473 
8666 5903 6093 6077 
8667 6016 6080 6017 
8668 329 2570 8 
8669 339 5534 2589 
8670 2497 5763 363 
8671 2680 2681 2679 
8672 2694 2739 2693 
8673 2697 2699 2698 
8674 2699 2701 2700 
8675 2713 2714 2711 
8676 2797 2798 2796 
8677 2805 2834 2829 
8678 2835 2841 2834 
8679 2876 5789 2841 
8680 2843 2865 2844 
8681 2846 5931 2845 
8682 2864 3069 2863 
8683 2865 3072 2866 
8684 2870 5811 2865 
8685 2976 2977 2975 
8686 3036 6045 2976 
8687 2993 2994 2991 
8688 3010 3011 3008 
8689 3012 5981 3014 
8690 3015 3017 3013 
8691 3020 3074 3016 
8692 3026 3938 3581 
8693 3059 3178 3057 
8694 3067 3175 3065 
8695 3287 5794 3288 
8696 3322 3667 3509 
8697 3439 3557 3556 
8698 3578 3917 3451 
8699 3521 3922 3463 
8700 3507 3513 3506 
8701 3860 3862 3546 
8702 3899 3900 3580 
8703 3900 5760 3580 
8704 3626 3880 3620 
8705 311 5738 2543 
8706 864 5704 2963 
8707 2672 2676 2671 
8708 2936 5895 2671 
8709 2680 2682 2681 
8710 3031 5927 2697 
8711 2700 5974 2698 
8712 2703 2704 2702 
8713 2705 2706 2704 
8714 2729 2731 2730 
8715 3453 3467 2936 
8716 3006 3008 3007 
8717 3006 5951 3010 
8718 3013 5812 3011 
8719 3126 3177 3176 
8720 3126 3220 3177 
8721 3131 3182 3169 
8722 3133 3285 3134 
8723 3152 5938 3363 
8724 3153 3155 3154 
8725 3272 5938 3154 
8726 3155 3157 3156 
8727 3163 3165 3164 
8728 3220 3221 3177 
8729 3451 5997 3222 
8730 3266 3267 3223 
8731 3444 3524 3446 
8732 3469 6001 6000 
8733 3501 6035 5984 
8734 3503 3869 3550 
8735 3562 3618 3561 
8736 3902 3903 3627 
8737 5836 5838 5837 
8738 3002 5155 602 
8739 3347 6277 782 
8740 2608 5971 888 
8741 2672 2677 2676 
8742 2685 6007 2683 
8743 3457 3458 2751 
8744 2773 2774 2756 
8745 2842 2864 2863 
8746 3029 3048 2846 
8747 2850 3053 2851 
8748 2968 5960 2970 
8749 3008 5956 3009 
8750 3010 5951 3187 
8751 3015 3090 3017 
8752 3034 3490 3454 
8753 3083 3084 3039 
8754 3049 3103 3048 
8755 3054 3056 3055 
8756 3056 3058 3057 
8757 3058 3085 3060 
8758 3062 5834 3123 
8759 3070 3095 3094 
8760 3229 5896 3073 
8761 3081 3224 3116 
8762 5907 5982 3167 
8763 3186 3479 3364 
8764 5963 5990 3192 
8765 3370 3506 3227 
8766 3433 5957 3299 
8767 3349 6062 3537 
8768 3444 6025 3524 
8769 3470 5799 3945 
8770 3481 3546 3480 
8771 3497 3512 3510 
8772 5827 5828 3508 
8773 5751 5926 3512 
8774 3562 3619 3618 
8775 3897 3899 3580 
8776 5426 5428 5427 
8777 5752 5754 5753 
8778 5795 5956 5812 
8779 5837 5839 5835 
8780 6008 6014 6009 
8781 7 2614 331 
8782 5604 5605 2496 
8783 2672 2678 2677 
8784 2758 6033 2677 
8785 2680 2800 2682 
8786 2682 2684 2683 
8787 2688 2691 2690 
8788 2701 2703 2702 
8789 2703 2705 2704 
8790 2706 3295 2704 
8791 3295 5943 2704 
8792 2709 2711 2710 
8793 2712 2713 2711 
8794 2728 5984 5983 
8795 2737 2754 2736 
8796 2753 5822 2750 
8797 2806 2823 2764 
8798 2813 2814 2798 
8799 2814 5825 2798 
8800 2802 5934 5324 
8801 2813 2827 2825 
8802 2836 5825 2814 
8803 2829 2850 2830 
8804 2863 2876 2841 
8805 2972 2974 2973 
8806 3192 5990 2972 
8807 2973 5826 3183 
8808 3035 3036 2976 
8809 3087 5993 2987 
8810 2992 2993 2991 
8811 3023 3024 3022 
8812 3038 3083 3039 
8813 3084 3139 3039 
8814 3146 3147 3052 
8815 3063 3068 3061 
8816 3077 3226 3225 
8817 5904 5931 3105 
8818 3319 3584 3114 
8819 3176 5752 3117 
8820 3133 3470 3285 
8821 3140 3529 3139 
8822 3164 3168 3162 
8823 3186 3364 3299 
8824 3189 3190 3188 
8825 3287 6036 5795 
8826 3302 3527 3440 
8827 3533 5968 3302 
8828 3531 3551 3305 
8829 3475 3631 3350 
8830 3583 3942 3454 
8831 3589 3590 3505 
8832 3524 3894 3893 
8833 3738 3739 3545 
8834 3618 3652 3561 
8835 3619 3621 3620 
8836 3641 3843 3633 
8837 4589 4591 4588 
8838 5766 5768 5767 
8839 5825 6028 6019 
8840 6141 6163 5926 
8841 268 5732 2524 
8842 340 6004 341 
8843 2683 3032 2681 
8844 2713 2716 2715 
8845 2967 5882 2725 
8846 2731 2732 2730 
8847 2803 2832 2802 
8848 2833 2853 2832 
8849 2854 5934 2832 
8850 2833 2855 2853 
8851 2840 3189 3188 
8852 2972 2973 2971 
8853 2977 2979 2978 
8854 2980 6041 2978 
8855 2985 5883 2979 
8856 2981 2983 2982 
8857 3080 3089 3088 
8858 3133 3134 3089 
8859 3106 3302 3136 
8860 3584 5796 3114 
8861 3132 6043 3130 
8862 3156 5982 3272 
8863 3160 5905 3167 
8864 3161 3163 3162 
8865 3351 3489 3171 
8866 3266 3306 3267 
8867 3354 3565 3270 
8868 3307 3450 3449 
8869 5940 5941 3363 
8870 3412 6159 6158 
8871 3462 3463 3461 
8872 3464 3521 3463 
8873 3741 3743 3495 
8874 3547 3860 3546 
8875 4611 5221 4678 
8876 5838 5863 5862 
8877 5960 5962 5961 
8878 2571 3232 8 
8879 243 2953 244 
8880 245 2942 246 
8881 248 2943 249 
8882 253 2545 254 
8883 255 2958 256 
8884 257 2956 258 
8885 260 2955 261 
8886 262 5178 263 
8887 263 2957 264 
8888 266 2954 267 
8889 268 2524 269 
8890 270 2938 271 
8891 272 2933 273 
8892 273 6255 274 
8893 274 5734 275 
8894 275 2932 276 
8895 281 2931 282 
8896 283 2542 284 
8897 285 2939 286 
8898 287 2920 288 
8899 290 2919 291 
8900 293 3018 294 
8901 295 2918 296 
8902 301 2961 302 
8903 304 2960 305 
8904 309 2959 310 
8905 2959 5738 310 
8906 311 2543 312 
8907 313 2962 314 
8908 315 2950 316 
8909 317 5619 318 
8910 318 2949 319 
8911 323 2585 324 
8912 324 5652 325 
8913 326 2522 327 
8914 815 3709 816 
8915 817 4711 818 
8916 818 3711 819 
8917 820 4725 821 
8918 822 2518 823 
8919 828 3700 829 
8920 830 3703 831 
8921 832 3701 833 
8922 834 3704 835 
8923 837 2504 838 
8924 839 4809 840 
8925 841 3694 842 
8926 844 3692 845 
8927 845 4792 846 
8928 848 3693 849 
8929 852 2520 853 
8930 853 5334 854 
8931 854 4813 855 
8932 856 4812 857 
8933 859 2964 860 
8934 864 2963 865 
8935 866 2503 867 
8936 869 2610 870 
8937 875 2600 876 
8938 877 5655 878 
8939 878 2598 879 
8940 881 2521 882 
8941 884 2609 885 
8942 887 2608 888 
8943 890 2948 891 
8944 895 2502 896 
8945 900 5759 901 
8946 2577 2578 2571 
8947 2684 2686 2685 
8948 2740 6007 2685 
8949 2688 2690 2689 
8950 2705 2707 2706 
8951 2711 6044 2710 
8952 2721 2722 2719 
8953 2726 2734 2725 
8954 2749 3457 2751 
8955 2774 2795 2756 
8956 2771 3592 3441 
8957 2844 3135 2824 
8958 2828 3593 3466 
8959 2837 2868 2836 
8960 3514 3516 2866 
8961 5620 5621 2949 
8962 2950 6258 6237 
8963 2986 2987 2984 
8964 2986 3087 2987 
8965 2987 5993 2989 
8966 2990 3508 2988 
8967 2995 6147 2994 
8968 3037 3297 3077 
8969 3086 6048 3056 
8970 3058 3060 3059 
8971 3062 3064 3063 
8972 3066 5866 3081 
8973 3084 3140 3139 
8974 3087 6093 5993 
8975 3286 3293 3100 
8976 3436 5976 3129 
8977 3349 3353 3141 
8978 3152 3363 3151 
8979 3155 3156 3154 
8980 3156 3272 3154 
8981 3161 5922 3283 
8982 3272 5939 5938 
8983 3311 5815 5814 
8984 5938 5940 3363 
8985 3364 6162 3433 
8986 3486 5974 5868 
8987 3492 6071 3503 
8988 3500 3589 3505 
8989 3668 6107 3509 
8990 3512 5823 3510 
8991 3524 3907 3894 
8992 3904 3905 3903 
8993 5836 5837 5835 
8994 5838 5861 5837 
8995 5908 5910 5907 
8996 5918 6024 5919 
8997 6021 6023 6020 
8998 2684 2799 2686 
8999 2799 5949 2686 
9000 2689 5992 2687 
9001 2691 2692 2690 
9002 2692 2694 2693 
9003 2694 5994 2739 
9004 2698 3486 2696 
9005 2699 2700 2698 
9006 2699 2761 2701 
9007 2701 2702 2700 
9008 2702 2735 2700 
9009 2735 5974 2700 
9010 2709 2710 2707 
9011 2709 2712 2711 
9012 2715 2720 2714 
9013 2716 2717 2715 
9014 2718 2719 2717 
9015 2719 5805 2717 
9016 2718 2721 2719 
9017 2721 2723 2722 
9018 2724 2726 2725 
9019 2754 3501 2736 
9020 2737 2757 2754 
9021 2757 2806 2764 
9022 2774 2797 2796 
9023 2806 6040 2823 
9024 2813 2825 2814 
9025 2825 2826 2814 
9026 3028 3029 2846 
9027 3442 3443 2849 
9028 2869 3106 2868 
9029 2878 3080 3079 
9030 3183 6046 2971 
9031 2974 2975 2973 
9032 2979 2981 2980 
9033 3009 3022 3007 
9034 3009 3023 3022 
9035 3014 3016 3015 
9036 3014 3019 3016 
9037 3019 3020 3016 
9038 3019 3033 3020 
9039 3020 5966 3290 
9040 3023 3025 3024 
9041 3027 3073 3025 
9042 3027 3287 3122 
9043 3027 6036 3287 
9044 3035 5775 3037 
9045 3103 3105 3048 
9046 3054 3086 3056 
9047 3060 3062 3061 
9048 3066 3081 3067 
9049 3122 3228 3073 
9050 3228 3229 3073 
9051 3225 3227 3076 
9052 3081 3116 3082 
9053 3095 3131 3130 
9054 3116 3125 3117 
9055 3126 3176 3117 
9056 3133 5952 3470 
9057 3138 3152 3151 
9058 3142 3349 3141 
9059 3315 3316 3147 
9060 3153 3154 3152 
9061 3157 3158 3156 
9062 3168 6114 5912 
9063 3177 5997 3176 
9064 5951 5977 3187 
9065 3322 3509 3230 
9066 3277 5953 5773 
9067 3279 3281 3280 
9068 3281 3431 3280 
9069 3290 5884 3291 
9070 5775 6139 3297 
9071 3566 3567 3316 
9072 3322 3726 3667 
9073 3432 5522 5521 
9074 3444 3445 3443 
9075 3498 6034 3458 
9076 3459 3462 3461 
9077 3464 3925 3924 
9078 3593 3594 3466 
9079 5231 5936 3466 
9080 3494 3511 3495 
9081 3507 5765 3623 
9082 3511 3742 3741 
9083 3597 3598 3539 
9084 3589 5935 3590 
9085 5232 6274 5237 
9086 5768 5769 5767 
9087 5844 5846 5845 
9088 5849 5851 5850 
9089 330 5988 329 
9090 2614 6008 331 
9091 2615 2808 2792 
9092 2705 2708 2707 
9093 2706 6018 3296 
9094 2727 2729 2728 
9095 3487 5980 2729 
9096 2731 2733 2732 
9097 2762 2845 2733 
9098 2734 2968 2967 
9099 2751 2752 2750 
9100 2774 2796 2795 
9101 2797 2813 2798 
9102 2842 3096 2864 
9103 2844 5995 3135 
9104 2845 3526 3471 
9105 2856 2857 2855 
9106 2862 2877 2861 
9107 2862 3098 2878 
9108 2878 3079 2877 
9109 2968 2970 2969 
9110 2970 2972 2971 
9111 2987 2989 2988 
9112 2989 2992 2991 
9113 3029 3049 3048 
9114 3049 3104 3103 
9115 3051 5701 3146 
9116 3095 5806 3131 
9117 3134 3138 3137 
9118 3311 5813 3137 
9119 3159 3161 3160 
9120 3221 3222 3177 
9121 3190 6016 3188 
9122 3448 3451 3222 
9123 3308 3322 3230 
9124 3279 3452 3281 
9125 3310 6091 3549 
9126 3311 5814 5813 
9127 3370 3507 3506 
9128 3442 3444 3443 
9129 3460 3498 3458 
9130 3594 5231 3466 
9131 3493 6071 3492 
9132 5754 5755 5753 
9133 5846 5848 5845 
9134 5912 5913 5909 
9135 6102 6104 6103 
9136 272 6057 2933 
9137 869 5654 2610 
9138 5740 5745 2543 
9139 2679 2758 2677 
9140 2686 5949 2688 
9141 2739 3005 2693 
9142 2695 2697 2696 
9143 2695 3031 2697 
9144 3486 5994 2696 
9145 2702 5943 2735 
9146 2718 2738 2721 
9147 2723 2724 2722 
9148 2734 2967 2725 
9149 2731 5980 2762 
9150 2845 3471 2733 
9151 2734 5983 3294 
9152 2755 2773 2756 
9153 2762 2846 2845 
9154 2826 2837 2836 
9155 2850 3184 3053 
9156 2968 2969 2967 
9157 2970 2971 2969 
9158 2970 5960 3192 
9159 2974 5990 3035 
9160 2987 2988 2984 
9161 3006 3007 3005 
9162 3008 3009 3007 
9163 3010 3187 3012 
9164 3184 3185 3053 
9165 3062 3063 3061 
9166 3116 3117 3082 
9167 3093 5902 3468 
9168 3131 3169 3132 
9169 3131 5806 3182 
9170 3159 5922 3161 
9171 3165 3282 3278 
9172 3169 3437 3170 
9173 3172 3438 3352 
9174 3184 3186 3185 
9175 3294 6035 5962 
9176 3309 3633 3370 
9177 3563 3564 3312 
9178 5928 5929 3438 
9179 3444 3446 3445 
9180 3447 3580 3579 
9181 3469 6002 6001 
9182 3479 3481 3480 
9183 5999 6030 3487 
9184 6019 6028 3595 
9185 5801 5802 3861 
9186 5604 5606 5605 
9187 279 5331 280 
9188 331 6008 330 
9189 336 5532 2594 
9190 2594 5677 337 
9191 351 5870 2590 
9192 378 5346 3664 
9193 3658 6170 403 
9194 634 6264 2884 
9195 904 3277 903 
9196 5531 5886 2576 
9197 2615 2792 2614 
9198 2792 6014 2614 
9199 2676 3034 2936 
9200 2698 5974 3486 
9201 2706 3296 3295 
9202 2708 2709 2707 
9203 2720 3100 2714 
9204 2716 2718 2717 
9205 2724 2725 2722 
9206 2724 2727 2726 
9207 2729 5980 2731 
9208 2750 5822 2748 
9209 2762 5980 3028 
9210 2802 5324 2770 
9211 2772 2803 2802 
9212 2803 2833 2832 
9213 2843 2844 2824 
9214 2833 2856 2855 
9215 2865 2866 2844 
9216 2856 2858 2857 
9217 2858 3097 2860 
9218 2862 2878 2877 
9219 2876 5898 5789 
9220 2983 2986 2984 
9221 2994 6147 5935 
9222 3010 3012 3011 
9223 3034 3454 3453 
9224 3094 3143 3069 
9225 3083 3141 3084 
9226 3093 3230 3092 
9227 3103 3300 3105 
9228 3301 5904 3105 
9229 3231 3319 3114 
9230 5841 5842 3123 
9231 3302 3440 3136 
9232 3160 3167 3158 
9233 3166 5996 3164 
9234 5960 5961 3192 
9235 3220 6047 3221 
9236 3582 3588 3292 
9237 3293 3500 3499 
9238 3364 3433 3299 
9239 3349 3537 3353 
9240 3438 3439 3352 
9241 3448 3578 3451 
9242 3459 3461 3460 
9243 3462 3464 3463 
9244 3482 5867 3496 
9245 3482 5981 5867 
9246 3492 3502 3491 
9247 3743 5764 3495 
9248 3503 3504 3502 
9249 2570 2571 8 
9250 2523 5930 298 
9251 5612 5613 2528 
9252 5988 6050 2570 
9253 2686 2688 2687 
9254 2687 5992 2740 
9255 2828 3466 2795 
9256 3441 3442 2849 
9257 2858 2859 2857 
9258 3106 3136 2868 
9259 3079 3148 2877 
9260 5624 5625 2937 
9261 2969 3473 2967 
9262 2997 2999 2998 
9263 3086 6089 6048 
9264 3310 3436 3129 
9265 3138 3153 3152 
9266 3157 3159 3158 
9267 3280 5996 3166 
9268 3478 3485 3286 
9269 3468 3469 3308 
9270 3319 3585 3584 
9271 3474 5897 3476 
9272 5900 5901 3493 
9273 3924 3926 3521 
9274 3621 3901 3627 
9275 5815 5816 5814 
9276 2965 5954 308 
9277 325 5652 5076 
9278 3700 5259 829 
9279 2695 2696 2694 
9280 2697 2698 2696 
9281 2725 5882 2722 
9282 2724 5998 2727 
9283 2728 5983 2726 
9284 2727 3487 2729 
9285 2752 2755 2753 
9286 2764 6013 2754 
9287 2823 2824 2764 
9288 2832 5934 2802 
9289 2805 2829 2804 
9290 2807 2822 2821 
9291 2837 2869 2868 
9292 3038 3039 2869 
9293 2981 2982 2980 
9294 2996 3092 2997 
9295 2999 3051 3001 
9296 3009 6036 3023 
9297 3037 3076 3036 
9298 3056 3057 3055 
9299 3064 3065 3063 
9300 3134 3137 3089 
9301 3300 3301 3105 
9302 3130 3310 3129 
9303 3169 3170 3132 
9304 3138 3151 3137 
9305 3179 4710 3868 
9306 3225 3309 3227 
9307 3469 6000 3308 
9308 3351 5831 3555 
9309 3497 5751 3512 
9310 3560 3561 3559 
9311 5965 6116 5966 
9312 6295 6335 2505 
9313 2576 5886 5656 
9314 2602 2604 2603 
9315 5783 5784 2607 
9316 2667 2671 2666 
9317 2727 2728 2726 
9318 2734 3294 2968 
9319 2752 2753 2750 
9320 2755 2756 2753 
9321 2757 2807 2806 
9322 2762 3028 2846 
9323 2824 6013 2764 
9324 2807 2821 2806 
9325 2825 2847 2826 
9326 2837 3038 2869 
9327 2970 3192 2972 
9328 2974 3035 2976 
9329 2982 3099 2980 
9330 2982 6082 3099 
9331 3028 3030 3029 
9332 3035 3037 3036 
9333 3106 3533 3302 
9334 3135 6092 6013 
9335 3440 3528 3136 
9336 3150 3472 3354 
9337 3154 5938 3152 
9338 3157 3284 3159 
9339 3161 3283 3163 
9340 3172 5928 3438 
9341 3189 3191 3190 
9342 3304 3305 3191 
9343 5964 5965 3289 
9344 3581 3582 3292 
9345 3530 3531 3305 
9346 3432 5520 3431 
9347 3442 6025 3444 
9348 5977 5994 3486 
9349 6037 6094 3504 
9350 3505 6085 6076 
9351 3519 3738 3545 
9352 4975 4984 4974 
9353 5657 5942 5659 
9354 5951 5994 5977 
9355 6017 6040 6016 
9356 2687 2740 2685 
9357 2704 5943 2702 
9358 3501 5984 2736 
9359 2822 2840 2821 
9360 2973 3183 2971 
9361 3000 3101 2998 
9362 3005 5973 5972 
9363 3026 3292 3024 
9364 3482 3483 3033 
9365 3064 3066 3065 
9366 3297 5921 3077 
9367 3080 3088 3079 
9368 3288 6065 3122 
9369 3221 6047 3266 
9370 3309 3370 3227 
9371 5884 5885 3291 
9372 3441 3525 3442 
9373 3447 3579 3445 
9374 3448 3915 3578 
9375 3482 3496 3483 
9376 3500 5824 3589 
9377 3524 6025 3907 
9378 3558 3560 3559 
9379 3560 3562 3561 
9380 5985 5986 5754 
9381 5775 5990 5963 
9382 2602 2603 12 
9383 902 5771 2572 
9384 5457 5458 2512 
9385 2570 6050 2577 
9386 2662 3181 2667 
9387 2690 5972 2689 
9388 2723 5998 2724 
9389 2726 5983 2734 
9390 2731 2762 2733 
9391 2836 6031 5825 
9392 5234 5331 2934 
9393 2999 3000 2998 
9394 3000 3102 3101 
9395 3023 3027 3025 
9396 3063 6032 3068 
9397 3175 6032 3065 
9398 3077 3225 3076 
9399 3150 3270 3087 
9400 3279 3280 3166 
9401 3306 3307 3267 
9402 3565 3586 3270 
9403 3917 3918 3451 
9404 5998 5999 3487 
9405 3531 3552 3551 
9406 3567 6156 6155 
9407 5912 6114 5913 
9408 536 6148 537 
9409 2948 5783 891 
9410 2572 2574 2573 
9411 2590 6119 6010 
9412 2692 2695 2694 
9413 2710 6018 2707 
9414 2729 2730 2728 
9415 2796 6019 2828 
9416 2834 5979 2829 
9417 2850 5979 3184 
9418 2863 5955 2876 
9419 2870 6094 5811 
9420 2971 6046 2969 
9421 2977 2985 2979 
9422 3014 3015 3013 
9423 3019 3482 3033 
9424 5980 6030 3028 
9425 3051 3146 3052 
9426 3228 3312 3229 
9427 3315 3566 3316 
9428 6013 6092 3501 
9429 3503 6071 3869 
9430 3726 3884 3667 
9431 5863 6167 5864 
9432 330 6008 5988 
9433 524 5656 2892 
9434 579 5788 2952 
9435 2667 2672 2671 
9436 2676 6033 3034 
9437 2682 2683 2681 
9438 2840 3188 2821 
9439 3135 6013 2824 
9440 3467 5895 2936 
9441 2977 2978 2975 
9442 3051 3052 3001 
9443 3187 5981 3012 
9444 3064 6090 3066 
9445 3293 3499 3100 
9446 3170 3171 3132 
9447 3170 3172 3171 
9448 3170 5928 3172 
9449 3172 3351 3171 
9450 3299 3484 3185 
9451 3431 3488 3280 
9452 3287 5795 5794 
9453 3439 3556 3352 
9454 3556 5831 3352 
9455 3481 3547 3546 
9456 3637 3638 3488 
9457 3638 6114 3488 
9458 5901 6071 3493 
9459 3503 3550 3504 
9460 3517 3518 3515 
9461 3547 5603 3861 
9462 3597 3599 3598 
9463 316 5699 317 
9464 2570 2577 2571 
9465 5464 5465 2587 
9466 2615 2817 2808 
9467 5805 5989 2717 
9468 2732 6024 2737 
9469 2739 3006 3005 
9470 2771 3441 2849 
9471 3012 3013 3011 
9472 3292 6083 3024 
9473 3028 6030 3030 
9474 3102 6163 3591 
9475 5701 6107 3317 
9476 3446 3447 3445 
9477 3473 6046 5869 
9478 6020 6023 5697 
9479 2677 6033 2676 
9480 3100 6044 2714 
9481 2727 5998 3487 
9482 2749 2751 2750 
9483 2752 6034 2763 
9484 2897 5338 5337 
9485 3437 5928 3170 
9486 3186 3299 3185 
9487 3491 6016 3190 
9488 3221 3266 3223 
9489 3310 3549 3436 
9490 3447 3897 3580 
9491 5808 5809 3485 
9492 3517 3519 3518 
9493 3558 3890 3560 
9494 5144 5145 3665 
9495 5000 5001 3712 
9496 333 5604 2496 
9497 2737 6024 5918 
9498 2752 2763 2755 
9499 2760 2805 2804 
9500 2826 2836 2814 
9501 2853 2854 2832 
9502 6080 6094 2870 
9503 3147 5964 3052 
9504 3052 5964 3289 
9505 3146 3315 3147 
9506 3151 6049 3311 
9507 5867 5981 3187 
9508 3272 6135 5939 
9509 3433 5959 5958 
9510 3854 3855 3436 
9511 3470 3945 3944 
9512 3492 3503 3502 
9513 3500 3505 3499 
9514 322 6020 5697 
9515 2969 6046 3473 
9516 3035 5990 5775 
9517 3056 6048 3058 
9518 3083 3142 3141 
9519 3171 6043 3132 
9520 3363 6049 3151 
9521 3221 3223 3222 
9522 3869 3870 3550 
9523 6008 6009 5988 
9524 2714 6044 2711 
9525 2796 2828 2795 
9526 2829 2830 2804 
9527 2837 6029 3038 
9528 2860 2862 2861 
9529 2997 6026 2999 
9530 3058 3059 3057 
9531 3078 6206 5917 
9532 3311 6049 5815 
9533 557 6240 2940 
9534 886 5778 887 
9535 2662 2667 2666 
9536 2715 5989 2720 
9537 2735 5975 5974 
9538 2739 5994 5951 
9539 2749 2750 2748 
9540 2823 2843 2824 
9541 2847 6029 2826 
9542 3222 5997 3177 
9543 5983 6035 3294 
9544 3319 3671 3585 
9545 3487 6030 5980 
9546 3518 3520 3515 
9547 3517 6037 3519 
9548 3672 3673 3585 
9549 6026 6064 5701 
9550 6154 6171 5823 
9551 210 6212 2526 
9552 2576 5656 523 
9553 2591 5791 539 
9554 3418 4693 676 
9555 5779 5916 2608 
9556 2772 2802 2770 
9557 2805 2835 2834 
9558 2828 6019 3595 
9559 3499 6044 3100 
9560 3283 6055 3163 
9561 3165 3166 3164 
9562 3433 5958 5957 
9563 5902 5903 3468 
9564 5678 5914 5534 
9565 5814 5818 5813 
9566 5852 5860 5850 
9567 2710 6076 6018 
9568 2826 6029 2837 
9569 3106 6015 3533 
9570 3163 3164 3162 
9571 3267 6081 3223 
9572 3281 3432 3431 
9573 3479 3480 3364 
9574 4540 4541 3395 
9575 3857 6091 3489 
9576 3502 6080 3491 
9577 3929 3935 3577 
9578 5463 5466 5464 
9579 6010 6119 5466 
9580 5778 5780 5779 
9581 349 6142 2893 
9582 430 4933 3374 
9583 2666 2668 2661 
9584 3005 5972 2693 
9585 2754 6013 3501 
9586 5955 6051 2876 
9587 5003 5005 2941 
9588 2984 6082 2982 
9589 3076 6117 3036 
9590 3164 5996 3168 
9591 3293 6152 5827 
9592 3568 6053 5530 
9593 5484 6039 5607 
9594 5621 6157 5790 
9595 5826 6041 5809 
9596 5999 6063 6030 
9597 197 6290 2966 
9598 225 6265 2544 
9599 310 5738 311 
9600 3458 6034 2751 
9601 6030 6063 3030 
9602 3176 5997 5985 
9603 3555 3858 3857 
9604 6065 6066 3563 
9605 3918 5986 5985 
9606 5851 5852 5850 
9607 329 5988 2570 
9608 5739 5740 2543 
9609 2730 5984 2728 
9610 2751 6034 2752 
9611 2876 6051 5898 
9612 9 3568 521 
9613 2736 5984 2730 
9614 3011 5956 3008 
9615 3074 6027 3016 
9616 5834 5841 3123 
9617 3352 5831 3351 
9618 3351 3555 3489 
9619 6009 6050 5988 
9620 5530 5531 2576 
9621 2717 5989 2715 
9622 3179 3868 2747 
9623 2771 2849 2769 
9624 5812 5956 3011 
9625 3023 6036 3027 
9626 3586 6093 3270 
9627 3450 3929 3577 
9628 3501 6092 6035 
9629 2892 5411 525 
9630 5759 5915 2602 
9631 2905 5618 5617 
9632 3040 6284 4216 
9633 3167 5982 3158 
9634 3184 6006 3186 
9635 3439 3558 3557 
9636 3494 6105 3511 
9637 3652 5987 3561 
9638 5456 5459 5457 
9639 5838 5862 5861 
9640 902 2572 9 
9641 5472 5473 2538 
9642 3270 6093 3087 
9643 3135 6136 6092 
9644 3393 6261 6174 
9645 3433 6162 5959 
9646 3484 6161 5967 
9647 5868 5975 3496 
9648 6035 6092 5962 
9649 5966 6146 5965 
9650 548 5631 549 
9651 3055 6042 2851 
9652 3097 6052 2860 
9653 3122 6065 3228 
9654 3158 5982 3156 
9655 3163 6055 3165 
9656 3489 6043 3171 
9657 6016 6040 3188 
9658 5929 6150 3438 
9659 6028 6031 3528 
9660 3902 3904 3903 
9661 5974 5975 5868 
9662 2602 5915 2604 
9663 6044 6076 2710 
9664 2893 5871 5870 
9665 5746 5747 2962 
9666 3101 6153 6147 
9667 3228 3563 3312 
9668 347 5456 2512 
9669 2693 5972 2690 
9670 2862 6052 3098 
9671 3085 6048 5836 
9672 5941 6049 3363 
9673 3590 6085 3505 
9674 5907 6135 5982 
9675 6102 6103 6101 
9676 2927 6339 6327 
9677 3034 6033 3490 
9678 3141 5991 3084 
9679 3469 6077 6002 
9680 3505 6076 3499 
9681 323 5697 2585 
9682 2593 5948 5945 
9683 3090 6027 3494 
9684 5241 5243 5242 
9685 5415 6086 5758 
9686 365 5761 2595 
9687 531 5944 5415 
9688 3506 6140 6117 
9689 322 5697 323 
9690 2921 5607 343 
9691 5516 5517 5515 
9692 297 5730 2523 
9693 3508 6082 2988 
9694 3295 6141 5926 
9695 3499 6076 6044 
9696 3969 4071 3967 
9697 6018 6085 3296 
9698 3599 6231 6230 
9699 3165 6055 3282 
9700 545 6189 546 
9701 891 5783 892 
9702 2978 6041 5826 
9703 2988 6082 2984 
9704 6045 6140 2985 
9705 3483 6146 3033 
9706 3176 5985 5752 
9707 3186 6006 3479 
9708 3266 6047 3548 
9709 3485 6152 3286 
9710 3438 6150 3439 
9711 5825 6031 6028 
9712 6083 6143 5973 
9713 2940 6012 558 
9714 2843 6017 2870 
9715 2860 6052 2862 
9716 5903 6077 3468 
9717 434 6149 2514 
9718 522 5530 2576 
9719 534 5756 5608 
9720 3092 6026 2997 
9721 5982 6135 3272 
9722 3472 6115 3354 
9723 3561 5987 3559 
9724 143 3262 144 
9725 156 4174 157 
9726 163 3357 164 
9727 179 2911 180 
9728 184 2924 185 
9729 193 2922 194 
9730 195 2546 196 
9731 202 2945 203 
9732 214 2916 215 
9733 220 2917 221 
9734 223 2914 224 
9735 251 2941 252 
9736 277 5232 278 
9737 320 2599 321 
9738 333 2496 334 
9739 335 5532 336 
9740 337 5677 338 
9741 339 2589 340 
9742 341 5482 342 
9743 347 2512 348 
9744 354 2587 355 
9745 356 2937 357 
9746 359 2586 360 
9747 361 5503 362 
9748 365 2595 366 
9749 370 4025 371 
9750 376 2513 377 
9751 378 3664 379 
9752 383 3660 384 
9753 386 3662 387 
9754 388 3665 389 
9755 391 2498 392 
9756 395 3659 396 
9757 398 3657 399 
9758 400 3663 401 
9759 402 3658 403 
9760 404 3666 405 
9761 407 5284 408 
9762 416 3993 417 
9763 418 4040 419 
9764 423 4529 424 
9765 427 3372 428 
9766 430 3374 431 
9767 432 4444 433 
9768 434 2514 435 
9769 437 3391 438 
9770 440 3389 441 
9771 442 3394 443 
9772 444 3390 445 
9773 446 3396 447 
9774 449 2500 450 
9775 451 4451 452 
9776 454 3393 455 
9777 456 3395 457 
9778 458 3392 459 
9779 464 2510 465 
9780 471 3386 472 
9781 478 2501 479 
9782 485 3646 486 
9783 492 2511 493 
9784 494 4580 495 
9785 496 3644 497 
9786 499 3643 500 
9787 508 3380 509 
9788 510 3379 511 
9789 512 3377 513 
9790 515 3378 516 
9791 522 2576 523 
9792 524 2892 525 
9793 526 2527 527 
9794 528 5410 529 
9795 532 2592 533 
9796 534 5608 535 
9797 537 5504 538 
9798 539 5791 540 
9799 541 2538 542 
9800 547 2935 548 
9801 559 2896 560 
9802 561 5506 562 
9803 565 2897 566 
9804 567 5078 568 
9805 568 2894 569 
9806 570 2540 571 
9807 572 3004 573 
9808 577 2899 578 
9809 579 2952 580 
9810 582 2898 583 
9811 584 2529 585 
9812 591 2908 592 
9813 594 2910 595 
9814 601 3002 602 
9815 603 2890 604 
9816 608 4605 609 
9817 617 2928 618 
9818 619 5289 620 
9819 623 2929 624 
9820 626 2926 627 
9821 640 2883 641 
9822 642 2531 643 
9823 647 3045 648 
9824 653 3046 654 
9825 655 4200 656 
9826 660 4187 661 
9827 664 3733 665 
9828 667 3735 668 
9829 678 3417 679 
9830 681 3419 682 
9831 683 4260 684 
9832 685 2536 686 
9833 689 3421 690 
9834 692 3420 693 
9835 697 4246 698 
9836 699 2534 700 
9837 701 5305 702 
9838 704 3411 705 
9839 729 3610 730 
9840 736 2519 737 
9841 745 5083 746 
9842 775 3336 776 
9843 787 3344 788 
9844 789 3342 790 
9845 791 3343 792 
9846 793 2516 794 
9847 824 5141 825 
9848 850 4808 851 
9849 899 5810 900 
9850 3291 6105 3074 
9851 3084 5991 3140 
9852 3502 6094 6080 
9853 6102 6107 3668 
9854 5827 6152 5828 
9855 5995 6160 6136 
9856 3476 3477 3475 
9857 5935 6169 2994 
9858 6015 6054 3533 
9859 6089 6161 5863 
9860 5964 6116 5965 
9861 808 6295 2505 
9862 900 5810 5759 
9863 2851 6042 2830 
9864 3468 6077 3469 
9865 6147 6153 5935 
9866 5963 6160 6139 
9867 2947 5223 200 
9868 2541 6078 658 
9869 2571 6059 3232 
9870 2605 2811 2603 
9871 6017 6080 2870 
9872 2905 5617 5611 
9873 5823 6163 3102 
9874 572 5637 3004 
9875 2607 5942 893 
9876 3516 6160 5995 
9877 5699 5700 5619 
9878 6092 6136 5962 
9879 892 5783 2607 
9880 6039 6106 2588 
9881 3488 5996 3280 
9882 2589 6004 340 
9883 2588 6188 345 
9884 2578 6059 2571 
9885 2950 6195 5699 
9886 5677 5678 5534 
9887 6048 6089 5836 
9888 526 5411 2527 
9889 541 5472 2538 
9890 705 4990 706 
9891 6105 6118 3511 
9892 3296 6141 3295 
9893 3347 6279 6278 
9894 3378 4549 4548 
9895 3692 4794 4793 
9896 5530 6053 5531 
9897 2593 5945 5944 
9898 5543 5544 2961 
9899 5745 5746 2962 
9900 3123 6090 3064 
9901 3587 6116 5964 
9902 5972 6143 2689 
9903 3086 6161 6089 
9904 3591 6153 3101 
9905 3228 6065 3563 
9906 5962 6136 5961 
9907 2949 5790 319 
9908 530 5944 531 
9909 5158 5160 2929 
9910 3022 6083 5973 
9911 3439 6150 3558 
9912 5426 5432 5428 
9913 327 6144 328 
9914 335 5641 5532 
9915 338 5677 5534 
9916 353 6010 5463 
9917 2513 5346 377 
9918 402 6168 3658 
9919 3058 6048 3085 
9920 5828 6176 3099 
9921 3223 6081 3448 
9922 3354 6115 3617 
9923 3448 6081 3915 
9924 5698 6162 3480 
9925 6139 6160 3516 
9926 6141 6151 3591 
9927 3692 4792 845 
9928 6212 6213 2526 
9929 3101 6147 2998 
9930 3315 6101 3566 
9931 6027 6105 3494 
9932 3692 4793 4792 
9933 5410 6164 5948 
9934 5871 5872 5870 
9935 6155 6156 5885 
9936 3510 6146 3483 
9937 6146 6171 5965 
9938 4896 4898 11 
9939 5995 6136 3135 
9940 3531 6056 3552 
9941 3663 6168 401 
9942 2998 6147 2995 
9943 3074 6105 6027 
9944 3509 6064 3230 
9945 3296 6151 6141 
9946 3504 6094 3502 
9947 3514 6197 6166 
9948 244 6221 245 
9949 574 6179 2900 
9950 2514 6333 6332 
9951 3317 6107 6102 
9952 3512 6163 5823 
9953 2898 4986 583 
9954 5608 5609 2597 
9955 3024 6083 3022 
9956 3510 6171 6146 
9957 5838 6089 5863 
9958 4483 4484 6 
9959 3099 6176 6041 
9960 6151 6153 3591 
9961 344 5607 2588 
9962 535 5608 2597 
9963 2575 2820 2573 
9964 5762 6511 2595 
9965 3102 6154 5823 
9966 5963 6139 5775 
9967 5935 6153 3590 
9968 5638 5639 5637 
9969 868 5654 869 
9970 3092 6064 6026 
9971 3230 6064 3092 
9972 573 6179 574 
9973 2896 6253 6131 
9974 3291 6118 6105 
9975 5957 6167 3484 
9976 2527 5642 527 
9977 5778 5779 2608 
9978 2675 2882 2760 
9979 5921 6193 3226 
9980 4437 4450 4449 
9981 2572 2573 9 
9982 527 5642 528 
9983 3317 6101 3315 
9984 5961 6160 5963 
9985 5842 6090 3123 
9986 3317 6102 6101 
9987 3480 6162 3364 
9988 3511 6118 3742 
9989 3532 6056 3531 
9990 4559 4560 4558 
9991 4987 4988 4986 
9992 5699 6195 5700 
9993 3286 6152 3293 
9994 5926 6163 3512 
9995 5884 6155 5885 
9996 5538 5539 2920 
9997 3335 5298 773 
9998 2522 6144 327 
9999 551 6011 2951 
10000 5973 6143 5972 
10001 2916 5676 215 
10002 2952 6182 580 
10003 4260 6329 684 
10004 3227 6117 3076 
10005 3589 6169 5935 
10006 6118 6177 3742 
10007 6136 6160 5961 
10008 3001 6154 3000 
10009 3226 6229 5804 
10010 3513 6140 3506 
10011 6177 6178 3742 
10012 157 3358 158 
10013 187 2923 188 
10014 208 2944 209 
10015 717 3609 718 
10016 746 3607 747 
10017 753 3333 754 
10018 769 3337 770 
10019 781 3347 782 
10020 2662 2666 2661 
10021 6085 6151 3296 
10022 5823 6171 3510 
10023 5607 6039 2588 
10024 2770 2771 2769 
10025 5885 6118 3291 
10026 6037 6100 3519 
10027 328 6144 3842 
10028 2593 5944 530 
10029 2746 2749 2748 
10030 2748 3179 2747 
10031 4989 6272 5891 
10032 6004 6005 5482 
10033 5836 6089 5838 
10034 2586 6108 360 
10035 3520 6197 3515 
10036 343 5607 344 
10037 829 5259 830 
10038 2760 2804 2759 
10039 5675 6515 2915 
10040 3000 6154 3102 
10041 3506 6117 3227 
10042 3519 6100 3738 
10043 6230 6231 6115 
10044 2895 5875 563 
10045 2929 5160 624 
10046 3182 6072 3169 
10047 146 3260 147 
10048 166 5416 167 
10049 205 2946 206 
10050 210 2526 211 
10051 212 3042 213 
10052 225 2544 226 
10053 234 2904 235 
10054 719 3615 720 
10055 732 3611 733 
10056 734 4881 735 
10057 743 3605 744 
10058 748 5092 749 
10059 750 2507 751 
10060 755 3331 756 
10061 783 3346 784 
10062 785 3341 786 
10063 4933 4934 3374 
10064 3590 6153 6151 
10065 6041 6176 5809 
10066 2963 5750 865 
10067 3169 6072 3437 
10068 5730 5731 2523 
10069 5965 6171 3289 
10070 2598 6120 879 
10071 3558 6150 3890 
10072 2768 2772 2770 
10073 3590 6151 6085 
10074 2536 6111 686 
10075 5910 6135 5907 
10076 317 5699 5619 
10077 2599 6157 6021 
10078 2931 5516 5515 
10079 319 5790 320 
10080 5885 6177 6118 
10081 2539 6198 600 
10082 2531 4943 643 
10083 6120 6121 5560 
10084 887 5778 2608 
10085 5824 6169 3589 
10086 5141 5143 5142 
10087 2933 6255 273 
10088 5967 6161 3086 
10089 5883 6236 3078 
10090 5432 6330 5428 
10091 346 6188 5456 
10092 404 6170 3666 
10093 2985 6192 5883 
10094 320 5790 2599 
10095 3297 6166 5921 
10096 2932 6274 276 
10097 352 6010 353 
10098 839 6098 4809 
10099 3338 5672 5671 
10100 4225 4297 4223 
10101 4488 4489 4487 
10102 6189 6190 5263 
10103 4484 4487 6 
10104 827 5748 828 
10105 888 5971 889 
10106 2952 6183 6182 
10107 6193 6197 3520 
10108 3539 6192 3513 
10109 308 5954 309 
10110 2596 6189 545 
10111 769 6298 3337 
10112 394 5271 395 
10113 832 6226 3701 
10114 849 5793 850 
10115 4785 4786 3339 
10116 6237 6258 5747 
10117 6324 6325 2530 
10118 2955 6097 6096 
10119 6156 6177 5885 
10120 2958 5647 5646 
10121 5748 5749 3700 
10122 5456 6188 5459 
10123 5322 5323 2516 
10124 893 5942 894 
10125 5921 6197 6193 
10126 2951 5632 552 
10127 894 5942 5657 
10128 315 6258 2950 
10129 5767 6193 3520 
10130 341 6004 5482 
10131 345 6188 346 
10132 710 3405 711 
10133 309 5954 2959 
10134 377 5346 378 
10135 3410 5681 708 
10136 889 5971 5523 
10137 4532 6271 3373 
10138 5804 6196 3641 
10139 712 4896 11 
10140 380 6137 3661 
10141 6135 6235 5939 
10142 348 6142 349 
10143 5085 6312 6311 
10144 6140 6192 2985 
10145 5917 6206 3472 
10146 2512 6142 348 
10147 2596 6190 6189 
10148 4793 5176 4792 
10149 5790 6157 2599 
10150 6127 6369 6129 
10151 824 6305 5141 
10152 3539 6236 6192 
10153 3968 3969 3967 
10154 5717 5718 4812 
10155 6192 6236 5883 
10156 3513 6192 6140 
10157 5337 5338 5080 
10158 2590 6010 352 
10159 5747 6258 2962 
10160 4792 5176 3695 
10161 5844 6203 5846 
10162 2962 6258 314 
10163 5847 6203 5844 
10164 5631 6249 2906 
10165 2933 6256 6255 
10166 227 5009 5008 
10167 3598 6236 3539 
10168 5637 5639 3004 
10169 838 6098 839 
10170 879 6120 880 
10171 4027 5890 369 
10172 3003 5014 4701 
10173 528 5642 5410 
10174 880 6120 5560 
10175 2917 5329 5328 
10176 4224 4225 4223 
10177 5023 5024 5022 
10178 6122 6194 5780 
10179 2604 2605 2603 
10180 246 6225 247 
10181 828 5748 3700 
10182 6249 6251 2906 
10183 6223 6225 2942 
10184 546 6189 5261 
10185 3422 4525 4524 
10186 6206 6230 3472 
10187 3263 6175 5269 
10188 6137 6138 3661 
10189 3472 6230 6115 
10190 3004 6179 573 
10191 4683 4687 4684 
10192 5433 6088 5541 
10193 2504 6099 6098 
10194 5704 5713 2963 
10195 6166 6197 5921 
10196 2934 5331 279 
10197 5910 6235 6135 
10198 5518 5946 2542 
10199 496 4301 3644 
10200 570 6132 2540 
10201 5769 6229 5767 
10202 4539 6173 4540 
10203 151 6202 3263 
10204 561 6131 5506 
10205 784 6058 785 
10206 196 6290 197 
10207 2528 6240 556 
10208 2951 5633 5632 
10209 6193 6229 3226 
10210 5085 6311 3607 
10211 5426 5427 2925 
10212 5422 5423 3047 
10213 5738 6172 5739 
10214 214 5013 2916 
10215 4225 4298 4297 
10216 5165 5166 5164 
10217 885 6122 886 
10218 564 5874 565 
10219 2950 6237 6195 
10220 5253 5254 3614 
10221 314 6258 315 
10222 5271 5273 5272 
10223 556 6240 557 
10224 633 6264 634 
10225 6272 6273 3021 
10226 6298 6450 3337 
10227 754 6276 755 
10228 5226 6313 2945 
10229 159 6303 6123 
10230 2525 5888 240 
10231 6233 6234 2953 
10232 5613 6240 2528 
10233 5245 5246 5004 
10234 5947 6289 2939 
10235 807 6295 808 
10236 5289 5291 5290 
10237 5705 5713 5704 
10238 3712 5238 811 
10239 2574 2575 2573 
10240 5716 5717 4812 
10241 6130 6484 5116 
10242 5176 5177 3695 
10243 5541 6088 5539 
10244 850 5793 4808 
10245 3662 6227 5144 
10246 2597 6148 536 
10247 242 4700 243 
10248 801 6254 3338 
10249 5539 6088 2920 
10250 6211 6270 3392 
10251 5506 6131 5508 
10252 5767 6229 6193 
10253 274 6255 5734 
10254 2529 5891 585 
10255 2514 6332 435 
10256 2504 6098 838 
10257 739 5820 740 
10258 2959 6172 5738 
10259 4963 6331 4964 
10260 625 5776 626 
10261 5264 5631 2935 
10262 776 5164 777 
10263 298 5930 299 
10264 3396 4009 3968 
10265 6293 6294 2938 
10266 363 5763 364 
10267 3348 6298 768 
10268 2935 5631 548 
10269 2746 2748 2747 
10270 2769 4523 2767 
10271 2660 2662 2661 
10272 804 5673 3340 
10273 4611 4678 2891 
10274 2768 2770 2769 
10275 2675 2760 2759 
10276 565 5874 2897 
10277 2791 3964 2660 
10278 460 6285 3397 
10279 866 5750 2503 
10280 269 5535 270 
10281 5542 5543 2961 
10282 4964 4965 3045 
10283 5610 6148 2597 
10284 2609 6122 885 
10285 408 5284 3995 
10286 300 5542 301 
10287 6228 6343 3390 
10288 2944 6212 209 
10289 569 6132 570 
10290 607 5892 608 
10291 563 5875 564 
10292 2903 5786 229 
10293 299 5930 3041 
10294 364 5763 5761 
10295 5776 5777 2926 
10296 3336 5167 5165 
10297 564 5875 5874 
10298 5284 5285 3995 
10299 168 5422 169 
10300 3042 6220 5013 
10301 608 5892 4605 
10302 245 6221 2942 
10303 4931 4932 4847 
10304 2545 6315 6095 
10305 5537 5538 2920 
10306 559 6012 2896 
10307 721 6369 6127 
10308 6221 6222 2942 
10309 3043 6292 6242 
10310 3003 5888 5014 
10311 2942 6225 246 
10312 848 5970 3693 
10313 558 6012 559 
10314 865 5750 866 
10315 6288 6310 6287 
10316 5682 5683 5681 
10317 3336 6248 5167 
10318 4809 5333 5332 
10319 2891 4678 610 
10320 5264 6249 5631 
10321 2898 4987 4986 
10322 3398 6261 453 
10323 3003 4701 4700 
10324 790 5306 791 
10325 2906 6011 550 
10326 3379 4976 4975 
10327 2519 5253 737 
10328 854 5334 4813 
10329 2894 6132 569 
10330 6068 6069 3046 
10331 277 6274 5232 
10332 550 6011 551 
10333 4449 6067 439 
10334 516 4547 517 
10335 2917 5328 221 
10336 3609 4931 4847 
10337 2609 6194 6122 
10338 4870 4930 4929 
10339 5144 6227 5145 
10340 3041 6306 5542 
10341 5285 5286 3995 
10342 6131 6253 5508 
10343 6316 6347 2925 
10344 3709 6344 6314 
10345 5288 6324 2530 
10346 5334 5335 4813 
10347 3374 4942 431 
10348 3994 5302 5301 
10349 5536 6293 5535 
10350 169 5422 3047 
10351 4166 4167 4165 
10352 626 5776 2926 
10353 603 5155 2890 
10354 3335 5299 5298 
10355 4525 4526 4524 
10356 301 5542 2961 
10357 270 5535 2938 
10358 286 5537 287 
10359 760 5703 5702 
10360 4300 6296 694 
10361 5071 5072 2499 
10362 3695 5970 847 
10363 613 5288 2530 
10364 627 5296 628 
10365 5243 6262 5242 
10366 3003 4700 242 
10367 2914 6308 6265 
10368 6214 6218 2526 
10369 4431 4432 2947 
10370 5271 5272 3659 
10371 6218 6219 3042 
10372 2534 6074 700 
10373 4701 6233 4700 
10374 360 6108 361 
10375 222 5328 4370 
10376 2889 5892 607 
10377 646 6241 4963 
10378 4432 4433 2947 
10379 5328 5329 4372 
10380 3394 6266 4584 
10381 3612 6317 727 
10382 6204 6205 2545 
10383 217 5675 2915 
10384 470 6239 6185 
10385 3346 6411 6058 
10386 253 6204 2545 
10387 3332 6130 762 
10388 5427 6316 2925 
10389 5820 5821 3606 
10390 4246 5283 698 
10391 287 5537 2920 
10392 395 5271 3659 
10393 495 4301 496 
10394 4899 6737 4898 
10395 724 6362 4870 
10396 3261 6202 150 
10397 3346 6058 784 
10398 216 5676 5675 
10399 5296 6283 4425 
10400 5535 6293 2938 
10401 2541 6665 6078 
10402 2532 6079 672 
10403 763 6130 5116 
10404 5299 6207 5298 
10405 666 4679 667 
10406 6199 6200 2886 
10407 2518 6305 823 
10408 6244 6245 3610 
10409 221 5328 222 
10410 5222 6324 5288 
10411 602 5155 603 
10412 6127 6129 6128 
10413 5267 5268 3418 
10414 361 6108 5503 
10415 4347 6309 6288 
10416 6270 6285 3392 
10417 3347 6280 6279 
10418 847 5970 848 
10419 5016 5017 4881 
10420 4751 4784 796 
10421 656 4511 657 
10422 150 6202 151 
10423 159 6123 160 
10424 190 5426 2925 
10425 2955 6096 261 
10426 3411 4991 4990 
10427 241 5888 3003 
10428 6205 6315 2545 
10429 2546 6290 196 
10430 2888 5288 612 
10431 410 6328 3994 
10432 4274 5267 674 
10433 740 5820 3606 
10434 440 6067 3389 
10435 2886 6264 633 
10436 6110 6498 3647 
10437 4736 6295 807 
10438 262 6096 5178 
10439 4996 6309 4347 
10440 4435 6332 4438 
10441 4751 4790 4784 
10442 4433 5224 5223 
10443 5891 6272 3021 
10444 586 5891 3021 
10445 718 4845 719 
10446 812 5238 3710 
10447 782 6277 783 
10448 188 5432 189 
10449 775 6248 3336 
10450 4583 6228 4582 
10451 4997 6309 4996 
10452 4898 4914 11 
10453 5141 6305 5143 
10454 6280 6281 6279 
10455 227 5008 228 
10456 2926 5296 627 
10457 3342 5306 790 
10458 3336 5165 5164 
10459 5224 5225 5223 
10460 5542 6306 5543 
10461 240 5888 241 
10462 4215 4217 4214 
10463 3995 6328 409 
10464 3333 6276 754 
10465 3411 4990 705 
10466 2913 5667 5661 
10467 774 6248 775 
10468 5286 6328 3995 
10469 4200 4511 656 
10470 4711 6314 4721 
10471 4751 4791 4790 
10472 738 5253 3614 
10473 5671 5673 803 
10474 2889 6087 5892 
10475 5639 6252 3004 
10476 6078 6321 659 
10477 4279 5297 670 
10478 4870 4929 4923 
10479 585 5891 586 
10480 254 6095 255 
10481 261 6096 262 
10482 229 5786 230 
10483 6257 6342 2518 
10484 3378 4548 4547 
10485 811 5238 812 
10486 3336 5164 776 
10487 4485 4509 4484 
10488 5178 6304 5179 
10489 3390 6073 445 
10490 6210 6211 3392 
10491 4870 6362 4930 
10492 3421 4224 4223 
10493 2536 6113 6111 
10494 6321 6322 4187 
10495 3396 3968 3967 
10496 228 5008 2903 
10497 762 6130 763 
10498 216 5675 217 
10499 5970 6307 3693 
10500 3379 4975 4974 
10501 189 5426 190 
10502 5289 5290 2927 
10503 708 5681 709 
10504 719 4845 3615 
10505 620 5289 2927 
10506 5177 6307 5970 
10507 4433 5223 2947 
10508 2746 2747 2745 
10509 2768 2769 2767 
10510 2745 3961 2831 
10511 2660 2661 2659 
10512 3004 6252 6179 
10513 2659 3963 3455 
10514 2744 3965 2746 
10515 2658 2791 2660 
10516 2675 2759 2673 
10517 2901 4604 4601 
10518 491 5969 492 
10519 4991 4993 4990 
10520 2766 3966 2768 
10521 612 5288 613 
10522 667 4679 3735 
10523 712 5893 4896 
10524 6327 6339 5159 
10525 621 6327 622 
10526 436 6332 4435 
10527 4601 4604 4602 
10528 189 5432 5426 
10529 479 5787 480 
10530 3376 6299 519 
10531 722 6127 2509 
10532 2518 6342 6318 
10533 520 6299 4557 
10534 6266 6267 4584 
10535 450 6358 451 
10536 6284 6301 4216 
10537 3735 6180 668 
10538 2533 6354 6353 
10539 3378 4547 516 
10540 231 5330 2902 
10541 6296 6297 3422 
10542 478 6287 2501 
10543 3040 4215 4214 
10544 764 5326 765 
10545 798 6326 799 
10546 3405 5893 711 
10547 783 6277 3346 
10548 669 6180 4279 
10549 2545 6095 254 
10550 4693 4699 4694 
10551 3042 5013 213 
10552 2518 6318 6305 
10553 428 6181 429 
10554 409 6328 410 
10555 137 5876 3425 
10556 139 5887 4483 
10557 3339 6326 798 
10558 3425 5887 138 
10559 484 5679 485 
10560 519 6299 520 
10561 3046 5304 654 
10562 4786 6326 3339 
10563 199 4431 2947 
10564 6305 6318 5143 
10565 737 5253 738 
10566 192 6347 4074 
10567 6349 6350 4452 
10568 141 6349 142 
10569 803 5673 804 
10570 4339 6110 481 
10571 2926 6283 5296 
10572 5602 6351 3380 
10573 4881 5932 735 
10574 655 5304 4200 
10575 2913 5661 5660 
10576 743 5653 3605 
10577 673 6079 4274 
10578 5777 6283 2926 
10579 439 6067 440 
10580 3043 6242 6241 
10581 230 5786 5330 
10582 5674 6352 2546 
10583 672 6079 673 
10584 2928 6346 6286 
10585 3396 6073 4009 
10586 213 5013 214 
10587 459 6285 460 
10588 426 6271 5282 
10589 5092 6338 749 
10590 204 6191 4683 
10591 700 6074 701 
10592 5290 6339 2927 
10593 675 5267 3418 
10594 198 4431 199 
10595 5156 6327 5159 
10596 492 5969 2511 
10597 622 6327 5156 
10598 164 4588 165 
10599 4371 6308 2914 
10600 3373 6271 425 
10601 3392 6285 459 
10602 745 5933 5083 
10603 425 6271 426 
10604 2922 5674 194 
10605 6353 6354 4147 
10606 701 6074 5305 
10607 3372 6181 428 
10608 721 6127 722 
10609 4588 6365 165 
10610 2509 6362 723 
10611 5269 6175 5270 
10612 2966 6360 4431 
10613 660 6321 4187 
10614 659 6321 660 
10615 711 5893 712 
10616 3259 6349 141 
10617 4144 6353 4147 
10618 2945 6191 203 
10619 230 5330 231 
10620 170 6370 171 
10621 142 6349 4452 
10622 668 6180 669 
10623 177 4214 178 
10624 445 6073 446 
10625 6181 6323 4935 
10626 446 6073 3396 
10627 671 5297 2532 
10628 5416 6368 5417 
10629 653 6068 3046 
10630 731 6302 5023 
10631 3040 4214 177 
10632 5116 5326 764 
10633 2516 6345 794 
10634 2501 5787 479 
10635 644 4943 3043 
10636 760 5702 761 
10637 2511 6337 493 
10638 470 6185 471 
10639 2511 6592 6337 
10640 6295 6348 6335 
10641 684 6329 685 
10642 643 4943 644 
10643 3605 5933 744 
10644 723 6362 724 
10645 6123 6124 3356 
10646 5 5876 137 
10647 138 5887 139 
10648 674 5267 675 
10649 4925 6317 3612 
10650 749 6338 750 
10651 453 6261 454 
10652 699 5283 2534 
10653 6287 6310 2501 
10654 454 6261 3393 
10655 160 6123 3356 
10656 654 5304 655 
10657 720 6369 721 
10658 4073 6373 6358 
10659 166 6365 5416 
10660 2533 6357 6354 
10661 6314 6344 4721 
10662 750 6338 2507 
10663 482 6110 3647 
10664 6185 6186 3386 
10665 203 6191 204 
10666 4736 6348 6295 
10667 5409 6340 2515 
10668 651 6070 652 
10669 698 5283 699 
10670 3338 6359 5672 
10671 6254 6359 3338 
10672 3043 6241 645 
10673 645 6241 646 
10674 5016 5021 5017 
10675 670 5297 671 
10676 695 6296 3422 
10677 5327 6357 2533 
10678 2536 6341 6113 
10679 3372 6323 6181 
10680 744 5933 745 
10681 4101 6347 6316 
10682 742 5653 743 
10683 5787 6367 4339 
10684 451 6358 4451 
10685 5323 6363 2516 
10686 195 5674 2546 
10687 2515 6340 5287 
10688 178 6376 179 
10689 2505 6334 5000 
10690 4934 6300 3374 
10691 3615 6369 720 
10692 4260 6379 6329 
10693 4591 6365 4588 
10694 180 5327 181 
10695 652 6068 653 
10696 761 5702 3332 
10697 6345 6363 4791 
10698 618 6286 619 
10699 694 6296 695 
10700 2519 6378 6377 
10701 181 5327 2533 
10702 2673 2674 2669 
10703 2745 2831 2743 
10704 2659 3455 2657 
10705 2744 2746 2745 
10706 2658 2660 2659 
10707 2766 2768 2767 
10708 2670 2675 2673 
10709 2767 3465 2765 
10710 471 6185 3386 
10711 4431 6360 4432 
10712 3374 6300 4942 
10713 4451 6373 6372 
10714 685 6329 2536 
10715 481 6110 482 
10716 2928 6286 618 
10717 5000 6334 5001 
10718 3405 5894 5893 
10719 6329 6341 2536 
10720 3047 6370 170 
10721 2516 6363 6345 
10722 4074 6347 4101 
10723 179 6376 2911 
10724 4532 6374 6271 
10725 194 5674 195 
10726 6358 6373 4451 
10727 730 6302 731 
10728 652 6070 6068 
10729 6212 6336 6213 
10730 6271 6374 5282 
10731 2944 6336 6212 
10732 507 5600 508 
10733 706 5680 707 
10734 707 5680 3410 
10735 2508 5600 507 
10736 736 5932 2519 
10737 509 6351 510 
10738 6261 6371 6174 
10739 3398 6371 6261 
10740 6310 6366 2501 
10741 6365 6368 5416 
10742 735 5932 736 
10743 2519 6377 5253 
10744 3386 6382 5154 
10745 6329 6379 6341 
10746 4591 6368 6365 
10747 2501 6366 5787 
10748 3380 6351 509 
10749 5253 6377 5254 
10750 4217 6381 6376 
10751 6366 6367 5787 
10752 6186 6382 3386 
10753 6376 6381 2911 
10754 5600 6383 5601 
10755 2508 6383 5600 
10756 2744 2745 2743 
10757 2658 2659 2657 
10758 2766 2767 2765 
10759 2670 2673 2669 
10760 2664 2867 2670 
10761 2742 2880 2744 
10762 2665 2881 2766 
10763 2880 6384 5012 
10764 2665 2766 2765 
10765 2656 2658 2657 
10766 2664 2670 2669 
10767 2742 2744 2743 
10768 5895 6389 2668 
10769 2665 2765 2653 
10770 2654 3952 2665 
10771 2652 3960 2742 
10772 2664 2669 2663 
10773 2742 2743 2741 
10774 2656 2657 2654 
10775 3956 6385 3955 
10776 3955 6385 3959 
10777 3946 6391 6389 
10778 2654 2665 2653 
10779 2655 2664 2663 
10780 2652 2742 2741 
10781 2650 2656 2654 
10782 5833 6386 2856 
10783 2856 6386 2858 
10784 5800 6391 3946 
10785 2668 6389 3957 
10786 3490 6396 3583 
10787 3959 6386 5833 
10788 3155 6387 3157 
10789 2858 6386 3097 
10790 3463 6388 3461 
10791 3157 6387 3284 
10792 6389 6391 3957 
10793 2650 2654 2653 
10794 2655 2663 2651 
10795 2652 2741 2648 
10796 2651 3948 2652 
10797 3922 6388 3463 
10798 3312 6393 3229 
10799 3155 6392 6387 
10800 5925 6394 2758 
10801 6385 6390 3097 
10802 3097 6390 6052 
10803 2758 6394 6033 
10804 3957 6391 3956 
10805 2804 6395 2759 
10806 6042 6395 2830 
10807 3583 6396 6387 
10808 6387 6396 3284 
10809 3942 6392 6038 
10810 3569 6393 3312 
10811 6042 6404 3928 
10812 6033 6394 3490 
10813 2651 2652 2648 
10814 2647 2655 2651 
10815 2649 3947 2879 
10816 2650 2653 2649 
10817 2830 6395 2804 
10818 3284 6396 5923 
10819 3059 6397 3178 
10820 3068 6397 3061 
10821 2774 6398 2797 
10822 2825 6399 2847 
10823 3521 6400 3922 
10824 3465 6401 3947 
10825 3061 6397 3059 
10826 5696 6401 3465 
10827 5760 6401 3579 
10828 2755 6402 2773 
10829 3928 6400 3926 
10830 2773 6398 2774 
10831 2827 6399 2825 
10832 6034 6403 2763 
10833 3055 6404 6042 
10834 3178 6404 3057 
10835 2649 2879 2645 
10836 2647 2651 2648 
10837 3174 3916 2646 
10838 2646 2650 2649 
10839 3926 6400 3521 
10840 3460 6405 3498 
10841 3579 6401 5696 
10842 2763 6402 2755 
10843 3498 6403 6034 
10844 3057 6404 3055 
10845 3919 6405 3460 
10846 3931 6406 3477 
10847 3477 6406 3475 
10848 2647 2648 2644 
10849 2641 3174 2646 
10850 2644 3912 2801 
10851 2646 2649 2645 
10852 3475 6406 3631 
10853 2641 2646 2645 
10854 2644 2801 2642 
10855 2645 3920 2640 
10856 2643 2647 2644 
10857 2641 2645 2640 
10858 2643 2644 2642 
10859 2639 3173 2643 
10860 3543 3851 3850 
10861 2638 2641 2640 
10862 2639 2643 2642 
10863 3651 3669 3534 
10864 3428 3849 3543 
10865 3543 3850 3429 
10866 3409 3414 3413 
10867 2639 2642 2636 
10868 2638 2640 2637 
10869 2637 3908 2639 
10870 3534 3891 3313 
10871 3428 3543 3429 
10872 3366 3651 3534 
10873 3301 6422 5904 
10874 3318 3630 3629 
10875 2637 2639 2636 
10876 2635 2638 2637 
10877 6422 6424 5904 
10878 2855 6407 3071 
10879 3894 6416 3909 
10880 3428 3429 3219 
10881 3366 3534 3313 
10882 3910 6408 3893 
10883 3893 6408 3446 
10884 3447 6408 3897 
10885 4890 7677 4891 
10886 5807 6417 3525 
10887 5904 6424 3526 
10888 3600 3873 3273 
10889 3318 3629 3600 
10890 3562 6409 3622 
10891 3890 6409 3560 
10892 5132 7159 2507 
10893 6787 7661 5386 
10894 2857 6407 2855 
10895 2564 7401 5858 
10896 4408 7081 4380 
10897 4863 7208 4918 
10898 3071 6412 2853 
10899 3446 6408 3447 
10900 3865 3876 3864 
10901 2636 3898 2634 
10902 2635 2637 2636 
10903 3897 6410 3899 
10904 2854 6413 5934 
10905 3049 3888 3127 
10906 3560 6409 3562 
10907 3899 6410 3911 
10908 3592 6415 3441 
10909 3909 6416 2835 
10910 2835 6416 2842 
10911 3818 7515 5514 
10912 3525 6417 6025 
10913 3313 3428 3219 
10914 3215 3366 3313 
10915 6269 6555 3421 
10916 2853 6412 2854 
10917 4709 6418 2928 
10918 4704 6418 4709 
10919 4467 7643 4468 
10920 5934 6413 5325 
10921 6420 6421 3301 
10922 4512 4515 4513 
10923 4703 4704 2930 
10924 4513 4514 2904 
10925 6425 6428 5968 
10926 3318 3600 3273 
10927 6028 6421 3595 
10928 7194 7439 4038 
10929 3441 6415 3525 
10930 5351 5353 5352 
10931 2842 6416 3096 
10932 7690 7715 6961 
10933 4547 6547 4578 
10934 3914 6423 3075 
10935 3075 6423 2859 
10936 6025 6417 3907 
10937 3180 6425 2822 
10938 3194 7642 2584 
10939 596 6995 4676 
10940 6430 6431 3529 
10941 3421 6555 4224 
10942 2857 6423 6407 
10943 5933 6521 5083 
10944 2928 6418 6346 
10945 2810 3865 3864 
10946 2635 2636 2634 
10947 3533 6429 5968 
10948 5571 7757 6971 
10949 5937 6430 3304 
10950 4391 4393 4392 
10951 5309 7489 4763 
10952 3642 7701 6588 
10953 4409 6681 4384 
10954 3868 6627 3544 
10955 3526 6426 3471 
10956 3796 7638 3786 
10957 4956 7842 7261 
10958 2955 6468 6097 
10959 5991 6433 3140 
10960 3595 6420 3593 
10961 4039 7194 7193 
10962 3858 7343 133 
10963 4003 6838 4005 
10964 3300 6420 3301 
10965 3528 6421 6028 
10966 4134 6936 4131 
10967 3528 6422 6421 
10968 3471 6426 5919 
10969 4548 6547 4547 
10970 5693 7674 10 
10971 4647 7711 4648 
10972 3440 6422 3528 
10973 6426 6428 5919 
10974 3440 6424 6422 
10975 2859 6423 2857 
10976 5919 6428 3180 
10977 3649 6531 4369 
10978 3527 6424 3440 
10979 2822 6425 3303 
10980 3215 3313 3219 
10981 3724 7223 3845 
10982 3527 6428 6426 
10983 5083 6521 5084 
10984 4522 6427 4515 
10985 2902 6427 4522 
10986 5968 6429 6425 
10987 5968 6428 3527 
10988 6429 6431 3303 
10989 6615 7618 4731 
10990 3630 6624 3629 
10991 3639 6645 6145 
10992 3303 6431 5937 
10993 6424 6426 3526 
10994 6054 6429 3533 
10995 6054 6431 6429 
10996 3304 6430 3530 
10997 3529 6431 6054 
10998 6263 7275 4728 
10999 4196 7592 4193 
11000 6430 6432 3530 
11001 3565 6438 3740 
11002 3530 6432 3532 
11003 2776 6524 5958 
11004 3729 6433 5991 
11005 6704 7106 6705 
11006 3729 6434 6433 
11007 3140 6433 6432 
11008 3255 3838 3253 
11009 5058 5059 4031 
11010 3730 6434 3729 
11011 6433 6434 3532 
11012 3532 6434 6056 
11013 4702 6325 4703 
11014 4512 4513 2904 
11015 4702 4703 2930 
11016 3608 6968 714 
11017 715 6968 3613 
11018 3567 6440 6156 
11019 5843 6441 5847 
11020 5840 6441 5839 
11021 3274 3318 3273 
11022 3527 6426 6424 
11023 5671 6550 5673 
11024 5384 5389 5388 
11025 6425 6429 3303 
11026 4374 4410 4376 
11027 3883 7026 3571 
11028 4778 7064 6348 
11029 4671 7019 6912 
11030 3219 6461 3212 
11031 5735 7143 5207 
11032 3702 6447 826 
11033 827 6447 5748 
11034 4808 6448 851 
11035 852 6448 2520 
11036 4238 4239 4237 
11037 3091 7242 6452 
11038 6452 7241 3360 
11039 4817 7533 4818 
11040 3617 6439 6438 
11041 5054 5055 5053 
11042 3536 3837 3650 
11043 6432 6433 3532 
11044 3538 6451 3597 
11045 5849 5859 5851 
11046 3104 3895 3103 
11047 7346 7347 4910 
11048 4228 4231 4229 
11049 4422 7465 4097 
11050 3628 6760 6661 
11051 4236 4237 4235 
11052 5584 7508 5590 
11053 5319 7828 7720 
11054 2810 3864 2633 
11055 2633 2635 2634 
11056 6497 7204 4247 
11057 3905 6444 6443 
11058 6126 7610 4596 
11059 4251 4259 4232 
11060 4469 6846 4470 
11061 5260 7357 4835 
11062 5927 7274 3601 
11063 5102 5104 5103 
11064 3617 6438 3565 
11065 4820 4821 4819 
11066 5109 7407 6892 
11067 3825 7664 6449 
11068 6960 7124 6573 
11069 4553 4555 4552 
11070 6338 6638 2507 
11071 2777 7799 6196 
11072 3753 7590 6449 
11073 3886 7406 3523 
11074 5443 7491 5442 
11075 3823 7574 3732 
11076 259 6467 260 
11077 4041 6840 6774 
11078 5500 7555 5501 
11079 5816 6633 6563 
11080 5954 6469 2959 
11081 714 6968 715 
11082 4389 4391 4390 
11083 871 6470 872 
11084 3625 6440 3567 
11085 5839 6441 5843 
11086 5672 6550 5671 
11087 4476 6739 4473 
11088 6611 7434 4036 
11089 6103 7020 2554 
11090 3029 3888 3049 
11091 4065 7834 7224 
11092 3905 6443 3903 
11093 5859 7682 2561 
11094 5492 7212 5499 
11095 4444 6646 6149 
11096 6733 7734 4648 
11097 6273 6911 5336 
11098 6556 7563 6545 
11099 5342 5343 5341 
11100 4116 7007 4466 
11101 3887 7820 7406 
11102 132 2551 131 
11103 65 2779 64 
11104 77 2782 76 
11105 70 3108 69 
11106 135 2775 134 
11107 2 2548 43 
11108 126 2555 125 
11109 98 2562 97 
11110 56 2556 55 
11111 73 2568 72 
11112 95 2787 94 
11113 109 2567 108 
11114 68 2564 67 
11115 47 2790 46 
11116 120 2559 119 
11117 123 2789 122 
11118 62 2561 61 
11119 4 2781 105 
11120 86 2554 85 
11121 117 2786 116 
11122 41 2778 40 
11123 103 2566 102 
11124 35 2777 34 
11125 59 2783 58 
11126 112 3110 111 
11127 92 2558 91 
11128 15 2569 14 
11129 29 2794 28 
11130 114 2563 113 
11131 89 2785 88 
11132 26 2560 25 
11133 53 2776 52 
11134 23 2780 22 
11135 83 2788 82 
11136 32 2557 31 
11137 44 2549 3 
11138 20 2565 19 
11139 50 2553 49 
11140 13 3111 1 
11141 107 3112 106 
11142 129 2784 128 
11143 18 3109 17 
11144 80 2550 79 
11145 38 2552 37 
11146 100 3107 99 
11147 4363 4980 4364 
11148 5286 7684 5046 
11149 2708 7785 3849 
11150 3144 3896 3895 
11151 4125 7640 7330 
11152 2612 3575 2616 
11153 2583 3320 2815 
11154 767 7190 3348 
11155 6666 6849 3572 
11156 4212 4972 3835 
11157 4510 7076 6846 
11158 826 6447 827 
11159 851 6448 852 
11160 5366 5368 5367 
11161 5227 6880 4136 
11162 6298 6928 6450 
11163 4256 4258 4257 
11164 4113 6621 4111 
11165 4079 4083 4082 
11166 6947 7461 4803 
11167 6256 7083 5207 
11168 4456 4460 4458 
11169 4519 6668 6594 
11170 3987 6503 3996 
11171 4332 4334 4333 
11172 3215 3219 3212 
11173 5211 6701 6289 
11174 3623 6451 3538 
11175 5370 5372 5371 
11176 6278 6913 6277 
11177 3346 6913 6411 
11178 2672 6487 2678 
11179 3181 6487 2667 
11180 7267 7674 5693 
11181 3215 6599 3366 
11182 4676 6995 4675 
11183 5743 5744 3541 
11184 3932 7498 3933 
11185 6467 6468 2955 
11186 104 6499 103 
11187 6636 7186 3699 
11188 110 7282 7175 
11189 4005 7281 4018 
11190 5454 7361 5729 
11191 4599 7250 4184 
11192 3977 7277 3973 
11193 3602 7273 3879 
11194 4293 6835 6781 
11195 5499 7342 5533 
11196 42 7394 6232 
11197 3703 6883 6226 
11198 4869 7717 4856 
11199 4569 7441 4069 
11200 3652 7038 6858 
11201 7021 7374 4271 
11202 4876 6525 6479 
11203 5321 7530 6596 
11204 4205 7714 4206 
11205 4242 4243 4241 
11206 4571 6821 4563 
11207 3898 6581 2634 
11208 5216 6745 6629 
11209 5030 6683 5031 
11210 5440 5442 5438 
11211 3869 7217 2560 
11212 5408 7588 3659 
11213 5281 7588 5408 
11214 5333 6937 5332 
11215 3429 6461 3219 
11216 4739 4740 4738 
11217 3976 7703 4050 
11218 5728 6953 5729 
11219 3212 6461 3213 
11220 4104 4106 4105 
11221 3534 6502 3891 
11222 3606 7171 6693 
11223 5564 5569 5566 
11224 3553 3601 3399 
11225 4088 6677 4087 
11226 5333 7353 4841 
11227 4731 4733 4730 
11228 575 6507 576 
11229 4392 7127 4405 
11230 6023 6919 5697 
11231 4816 4817 4815 
11232 4815 7603 4816 
11233 366 6510 367 
11234 2595 6511 6510 
11235 6049 6512 5815 
11236 3325 7295 6908 
11237 3997 7690 3988 
11238 5200 5201 5199 
11239 5203 7688 5202 
11240 6232 7537 42 
11241 2848 7848 6602 
11242 4738 7518 4739 
11243 2793 6059 2578 
11244 4067 4068 4062 
11245 6571 7832 3548 
11246 260 6467 2955 
11247 4760 6590 5316 
11248 3837 7006 5950 
11249 4798 4800 4796 
11250 6226 6906 3701 
11251 4856 7336 4869 
11252 3400 7794 3384 
11253 5057 5058 4031 
11254 3683 3684 3681 
11255 2959 6469 6172 
11256 3323 3574 3570 
11257 6528 6531 3649 
11258 3275 3892 3889 
11259 3335 6519 5300 
11260 771 6519 772 
11261 3218 3274 3273 
11262 4090 4098 4089 
11263 5172 7716 6699 
11264 5678 7342 5499 
11265 5528 5529 3719 
11266 872 6470 2611 
11267 5643 6165 6164 
11268 5494 7555 5500 
11269 6471 7662 7060 
11270 4387 4389 4388 
11271 2632 6581 3050 
11272 5564 5570 5569 
11273 4098 4126 4096 
11274 4140 7456 4139 
11275 5958 6524 5957 
11276 6167 6524 5864 
11277 4999 7289 4627 
11278 5367 6493 5401 
11279 4737 4738 4735 
11280 4016 7236 4546 
11281 4456 4461 4460 
11282 593 6527 594 
11283 5135 5137 5136 
11284 5088 5093 5089 
11285 5115 5117 5114 
11286 5075 6514 3261 
11287 5305 6781 3412 
11288 3576 6414 3847 
11289 3847 3848 3535 
11290 5336 6911 2909 
11291 372 6500 373 
11292 3265 7817 3324 
11293 3323 6466 3574 
11294 4516 7647 4400 
11295 5441 5451 5445 
11296 4412 4413 4411 
11297 4027 6689 5890 
11298 6575 6881 3387 
11299 3961 3962 2831 
11300 4334 4336 4335 
11301 590 6532 591 
11302 2788 7821 3884 
11303 6793 7056 4663 
11304 6450 6473 3337 
11305 3537 6587 3859 
11306 4354 7227 6186 
11307 3554 6466 3324 
11308 3684 6786 3686 
11309 5688 6442 5692 
11310 3615 6844 6369 
11311 5698 6709 2553 
11312 2886 6640 6264 
11313 5626 6804 5387 
11314 2550 7636 6562 
11315 4509 6846 6796 
11316 4510 6846 4509 
11317 4029 6631 6494 
11318 6367 6980 4339 
11319 6110 6980 6498 
11320 4874 7311 6129 
11321 6475 7043 5380 
11322 4841 7353 6099 
11323 4318 4322 4321 
11324 4746 7489 4780 
11325 3673 6545 5798 
11326 5382 7661 5383 
11327 4374 4411 4410 
11328 4109 6621 4129 
11329 3203 6585 3205 
11330 7165 7841 6183 
11331 4094 7149 4086 
11332 5185 5188 5182 
11333 3348 6928 6298 
11334 3693 6946 5793 
11335 4506 6607 4461 
11336 7412 7850 4262 
11337 4395 7484 4393 
11338 103 6499 2566 
11339 6062 6587 3537 
11340 2703 6553 2705 
11341 4735 7577 4737 
11342 4106 4108 4107 
11343 6912 7019 4666 
11344 6291 6528 3649 
11345 7182 7741 5362 
11346 3536 3650 3402 
11347 4898 6738 4914 
11348 3548 7832 5829 
11349 5488 5496 5487 
11350 474 6575 3387 
11351 5154 6575 473 
11352 6581 6760 3653 
11353 4664 6134 6133 
11354 5930 6731 3041 
11355 3628 6661 6523 
11356 3869 7306 3870 
11357 5205 5208 5203 
11358 5551 7780 5550 
11359 7348 7659 6069 
11360 5784 6984 2607 
11361 5942 6984 5659 
11362 5052 5053 5049 
11363 5471 7308 5396 
11364 3260 6861 5074 
11365 4634 4636 4635 
11366 5423 6970 3047 
11367 6370 6970 5667 
11368 6277 6913 3346 
11369 6659 6685 4595 
11370 5478 6690 6663 
11371 5628 6679 6655 
11372 4573 7803 4572 
11373 6721 6729 4185 
11374 5567 6678 6650 
11375 5195 6728 6716 
11376 3713 7523 7512 
11377 2667 6487 2672 
11378 6706 6719 4535 
11379 4151 6707 6691 
11380 4835 7357 5749 
11381 4690 6703 6680 
11382 5173 6702 6675 
11383 6100 6593 3738 
11384 3870 6593 3550 
11385 4734 4735 4733 
11386 373 6500 4026 
11387 7011 7434 3998 
11388 5031 6683 836 
11389 3128 3268 3144 
11390 5133 7159 5132 
11391 4598 6437 5425 
11392 4463 6862 6651 
11393 4127 7367 4126 
11394 3341 6596 786 
11395 787 6596 3344 
11396 4108 4110 4109 
11397 6718 6938 4827 
11398 5444 6954 6723 
11399 5731 7361 5454 
11400 5700 6195 3883 
11401 4518 6735 6713 
11402 3732 3839 3823 
11403 6320 6758 6319 
11404 6696 6853 6178 
11405 4248 6495 4238 
11406 2897 7053 5338 
11407 4717 6612 4729 
11408 3873 6599 3217 
11409 3345 6915 6254 
11410 5733 7000 5732 
11411 2524 7000 5536 
11412 4385 7235 4400 
11413 6473 7679 5128 
11414 6620 6948 3848 
11415 2631 2810 2633 
11416 2633 2634 2632 
11417 4358 7288 4334 
11418 4625 4626 4624 
11419 4030 6631 4024 
11420 5521 6492 5520 
11421 4258 4270 4269 
11422 5260 6883 3703 
11423 4719 4722 4716 
11424 3254 7595 7008 
11425 3975 3977 3972 
11426 5816 7569 5817 
11427 3679 7708 3719 
11428 4057 7571 4056 
11429 6913 7568 6411 
11430 3853 6620 3848 
11431 3705 6636 3697 
11432 4401 6877 6876 
11433 3833 7173 3416 
11434 5548 7637 5547 
11435 5672 7359 4739 
11436 4121 7070 5430 
11437 4867 4878 4868 
11438 770 6616 771 
11439 4033 7216 4585 
11440 3331 7713 6802 
11441 4229 4232 4230 
11442 6444 6851 2559 
11443 6997 7774 3541 
11444 3835 4972 4971 
11445 5496 5497 5487 
11446 3962 6523 2831 
11447 5120 5121 5119 
11448 2600 6618 876 
11449 877 6618 5655 
11450 4402 6895 6875 
11451 5549 6951 3887 
11452 5499 7680 5494 
11453 3181 6620 6487 
11454 6935 7410 3812 
11455 4876 7743 4862 
11456 3536 7006 3837 
11457 4110 4112 4111 
11458 5332 6937 3694 
11459 4637 6941 4640 
11460 4010 7221 3997 
11461 3544 6627 3268 
11462 6624 6949 3629 
11463 4720 7804 4728 
11464 3564 6530 6529 
11465 6075 7651 4293 
11466 4237 7751 4266 
11467 5941 6513 6512 
11468 3018 6953 5728 
11469 5118 5119 5117 
11470 789 6622 3342 
11471 3344 6622 788 
11472 4665 6252 5639 
11473 6228 7215 4050 
11474 5046 5047 5045 
11475 3274 6630 3318 
11476 5998 6624 5999 
11477 5088 5094 5093 
11478 3669 6502 3534 
11479 4857 4861 4860 
11480 3549 6628 3856 
11481 3857 6628 6091 
11482 4569 6916 4568 
11483 5184 5185 5182 
11484 4212 7411 3812 
11485 6199 7071 6200 
11486 4429 7071 2887 
11487 4002 4003 4001 
11488 6613 7363 3982 
11489 5209 6788 5519 
11490 4800 4803 4796 
11491 4291 7169 6921 
11492 4207 7659 4209 
11493 3121 6542 6454 
11494 4279 6734 5297 
11495 5407 7471 5060 
11496 5768 6639 2557 
11497 259 6745 6467 
11498 2900 6507 575 
11499 6440 6696 6156 
11500 3771 6982 3784 
11501 6536 6537 3552 
11502 5766 6639 5768 
11503 3739 6639 3545 
11504 3860 6933 2790 
11505 4066 6635 4061 
11506 5697 6919 2585 
11507 4311 4314 4313 
11508 6130 7034 6484 
11509 4299 7054 4300 
11510 6296 7054 6297 
11511 3345 7536 6915 
11512 5351 5354 5353 
11513 4030 7752 6631 
11514 5055 7154 5058 
11515 4000 4001 3999 
11516 6144 6644 3842 
11517 3878 6022 3877 
11518 4413 4415 4414 
11519 4112 4114 4113 
11520 3702 6724 6447 
11521 2595 6510 366 
11522 3268 7369 3408 
11523 5941 6512 6049 
11524 3820 7574 3823 
11525 6598 7346 4910 
11526 4858 4862 4861 
11527 2940 7075 6609 
11528 5613 7075 6240 
11529 3220 7814 5856 
11530 2784 6736 5987 
11531 3551 6647 5900 
11532 5047 7396 5045 
11533 4415 4418 4417 
11534 4065 7224 4323 
11535 2895 6845 5875 
11536 4059 7625 4981 
11537 884 6650 2609 
11538 146 6651 3260 
11539 3817 7606 7326 
11540 859 6653 2964 
11541 359 6655 2586 
11542 7031 7746 3643 
11543 6990 7740 2960 
11544 3356 6659 161 
11545 499 6660 3643 
11546 5654 7612 5594 
11547 4089 4091 4088 
11548 3912 6661 2801 
11549 650 6662 3044 
11550 5462 6787 5461 
11551 544 6663 2596 
11552 3992 6664 414 
11553 5048 5049 5047 
11554 5512 7284 3769 
11555 3867 7087 5610 
11556 5733 7050 5217 
11557 7338 7570 6886 
11558 4124 7422 4084 
11559 5655 6971 2598 
11560 3701 6906 5026 
11561 2964 6672 860 
11562 3627 6673 3626 
11563 779 6675 2506 
11564 4048 6539 3656 
11565 5578 5580 5579 
11566 6356 7683 6355 
11567 208 6680 2944 
11568 4628 7624 4629 
11569 836 6683 837 
11570 4228 4234 4231 
11571 304 6686 2960 
11572 4636 4638 4637 
11573 5190 7001 5217 
11574 772 6519 3335 
11575 5576 5578 5577 
11576 187 6691 2923 
11577 3606 6693 741 
11578 742 6693 5653 
11579 664 6694 3733 
11580 3637 6520 3638 
11581 4906 7840 4907 
11582 4555 4556 4552 
11583 4362 7051 487 
11584 6177 6696 6178 
11585 2563 7126 7110 
11586 2785 6696 6440 
11587 2785 6853 6696 
11588 5504 7087 5505 
11589 5610 7087 6148 
11590 5757 7123 5756 
11591 5608 7123 5609 
11592 5126 7679 5125 
11593 3983 6591 3989 
11594 4733 7630 4734 
11595 2499 6706 421 
11596 2625 6815 2627 
11597 6062 7486 6587 
11598 6714 7172 4567 
11599 4626 7624 4628 
11600 3616 6630 3276 
11601 5406 6888 3663 
11602 5058 7154 5063 
11603 464 6710 2510 
11604 4400 7789 4385 
11605 5320 7568 5317 
11606 4008 7358 3986 
11607 237 6713 2901 
11608 3212 3213 3211 
11609 2831 6523 3921 
11610 5957 6524 6167 
11611 4475 7803 4573 
11612 3807 3808 3806 
11613 6982 7586 3784 
11614 3377 6714 513 
11615 5793 6923 4808 
11616 4740 7540 4742 
11617 266 6716 2954 
11618 391 6717 2498 
11619 3694 6718 842 
11620 2510 6720 465 
11621 5355 5356 5352 
11622 6220 7077 5013 
11623 2535 6721 154 
11624 3050 7024 2630 
11625 2496 6784 5641 
11626 3829 5414 5413 
11627 4727 4730 4726 
11628 3324 6466 3323 
11629 293 6723 3018 
11630 3210 7552 6900 
11631 593 7063 6527 
11632 6099 7263 6782 
11633 3755 7360 6595 
11634 3706 7559 6488 
11635 4465 7643 4467 
11636 4279 6956 6734 
11637 6447 6724 4831 
11638 2498 6726 392 
11639 4864 7743 4865 
11640 6308 7088 6265 
11641 2544 7088 5011 
11642 6256 7143 6255 
11643 5734 7143 5735 
11644 6779 6927 3574 
11645 4822 7798 7383 
11646 5304 7153 4200 
11647 5236 7505 5204 
11648 4073 6456 6373 
11649 5574 5576 5575 
11650 5128 6616 6473 
11651 6473 6616 3337 
11652 5930 7464 6731 
11653 594 6527 2910 
11654 5300 7679 5127 
11655 3755 7590 3754 
11656 3362 3640 3240 
11657 6585 6903 3737 
11658 6537 6647 3552 
11659 4128 7485 4419 
11660 3564 6529 3569 
11661 6963 7107 4034 
11662 3628 6523 3415 
11663 6510 7023 367 
11664 3412 6781 6159 
11665 5393 7286 7023 
11666 5817 6851 3906 
11667 5378 7620 5380 
11668 4068 7787 7441 
11669 3790 7129 4631 
11670 4233 7543 4230 
11671 6517 7638 3872 
11672 3557 6736 3624 
11673 5987 6736 3559 
11674 5044 5045 5043 
11675 3144 3895 3104 
11676 6467 6745 5216 
11677 2789 6673 6443 
11678 6443 6673 3903 
11679 7204 7307 7205 
11680 2956 6745 258 
11681 3998 3999 3991 
11682 5127 7679 5126 
11683 5721 6653 5726 
11684 5726 6653 858 
11685 5628 6655 5630 
11686 5630 6655 358 
11687 5599 6650 883 
11688 5567 6650 5599 
11689 4463 6651 4508 
11690 4508 6651 145 
11691 162 6659 4600 
11692 4600 6659 4595 
11693 4367 6660 498 
11694 4308 6660 4367 
11695 6485 6486 3642 
11696 6753 7543 4235 
11697 5481 6663 543 
11698 5478 6663 5481 
11699 3764 3766 3765 
11700 7197 7514 4312 
11701 591 6532 2908 
11702 871 6914 6470 
11703 4970 6662 4973 
11704 4973 6662 649 
11705 6504 6966 6505 
11706 5342 7764 5343 
11707 2561 7682 6203 
11708 3916 6779 3937 
11709 415 6664 5068 
11710 5068 6664 5038 
11711 6487 6620 3853 
11712 6257 7096 6342 
11713 5252 7096 4725 
11714 3882 7449 3881 
11715 4769 7452 7044 
11716 3934 6785 3932 
11717 5830 6785 3573 
11718 3803 7770 3795 
11719 2628 3113 2626 
11720 3204 3214 3202 
11721 3833 7393 3823 
11722 6056 6536 3552 
11723 861 6672 5712 
11724 5712 6672 5711 
11725 5374 7010 5762 
11726 5173 6675 5175 
11727 5175 6675 778 
11728 6369 6844 6129 
11729 4692 6680 207 
11730 4690 6680 4692 
11731 3975 3979 3977 
11732 5559 6686 303 
11733 5547 6686 5559 
11734 6200 6640 2886 
11735 5119 7427 5129 
11736 5066 7198 4021 
11737 3640 7721 6815 
11738 5522 6792 5521 
11739 3118 3596 2848 
11740 4151 6691 4152 
11741 4152 6691 186 
11742 4696 6798 3417 
11743 679 6798 680 
11744 5066 5279 4032 
11745 4339 6980 6110 
11746 4213 6694 663 
11747 4201 6694 4213 
11748 3208 3211 3206 
11749 2632 3050 2630 
11750 756 6802 757 
11751 4350 7748 4351 
11752 2791 7041 6929 
11753 5550 5552 5551 
11754 6496 7393 3833 
11755 4351 7748 4352 
11756 4206 4207 4205 
11757 4355 6881 6575 
11758 4034 7179 5402 
11759 4874 7808 4854 
11760 3809 3810 3808 
11761 6066 6811 3563 
11762 5493 7414 5495 
11763 7098 7753 7725 
11764 4538 6706 4535 
11765 422 6706 4538 
11766 4845 7092 3615 
11767 6894 7271 4394 
11768 4096 7465 4091 
11769 4884 6839 4853 
11770 3566 6824 3625 
11771 6103 6824 6101 
11772 7316 7500 5073 
11773 3030 7160 3888 
11774 4171 6710 4173 
11775 4173 6710 463 
11776 3108 6571 6570 
11777 2703 7549 6553 
11778 3435 3653 3628 
11779 5798 6545 6066 
11780 121 7379 6444 
11781 4568 6916 4570 
11782 2779 7048 5853 
11783 5334 7181 5335 
11784 4262 7850 7080 
11785 7137 7681 2965 
11786 6180 6956 4279 
11787 4577 6714 4567 
11788 514 6714 4577 
11789 6964 7157 5598 
11790 5195 6716 5220 
11791 5220 6716 265 
11792 6352 7135 2546 
11793 6290 7135 6361 
11794 5151 6717 5153 
11795 4844 6718 4827 
11796 843 6718 4844 
11797 5153 6717 390 
11798 4164 6720 4163 
11799 466 6720 4164 
11800 3196 6848 3314 
11801 4294 7622 4528 
11802 4186 6721 4185 
11803 155 6721 4186 
11804 4783 7142 4782 
11805 4736 7142 6348 
11806 3762 3764 3763 
11807 4132 7453 7344 
11808 6573 7124 3112 
11809 5950 7006 3031 
11810 2896 7144 6253 
11811 6609 7144 6012 
11812 5572 5574 5573 
11813 4380 7337 4379 
11814 5455 6723 292 
11815 5444 6723 5455 
11816 6307 6946 3693 
11817 3613 7291 4932 
11818 3888 7160 3875 
11819 6537 7323 21 
11820 3399 3400 3384 
11821 2883 7261 5230 
11822 393 6726 5280 
11823 5280 6726 5276 
11824 3208 3215 3212 
11825 5652 7230 3879 
11826 3828 3872 3780 
11827 6921 7169 4288 
11828 7117 7646 3645 
11829 5045 7665 5046 
11830 6138 7182 3661 
11831 2705 6553 2708 
11832 5150 7565 5147 
11833 3261 6962 6202 
11834 4289 7596 5268 
11835 3247 3841 3245 
11836 5184 5187 5186 
11837 3601 6546 3399 
11838 3372 7151 6323 
11839 6374 7151 5282 
11840 3977 6591 3981 
11841 4755 4757 4756 
11842 6577 6578 4182 
11843 3754 7590 3753 
11844 4734 7064 4778 
11845 3905 6851 6444 
11846 3814 3815 3810 
11847 5305 7653 6781 
11848 4492 6890 3670 
11849 3355 7090 6621 
11850 4244 4245 4243 
11851 6693 7171 5138 
11852 6737 6738 4898 
11853 5217 7000 5733 
11854 4518 6713 4521 
11855 4521 6713 236 
11856 590 7673 6532 
11857 5684 5690 5685 
11858 473 6575 474 
11859 6843 7455 5497 
11860 6665 7209 6078 
11861 6321 7209 6322 
11862 3850 6889 3429 
11863 5831 6898 3555 
11864 4036 7011 4447 
11865 3041 6731 6306 
11866 2889 7264 6087 
11867 5759 7180 5915 
11868 6580 7180 5810 
11869 3756 7360 3755 
11870 3564 6811 6530 
11871 4344 7421 4342 
11872 4719 4724 4722 
11873 3714 3724 3715 
11874 4506 7698 6607 
11875 3214 6540 6539 
11876 4580 7192 4581 
11877 6592 7192 6337 
11878 5063 7154 6868 
11879 5133 7649 3333 
11880 5914 7280 2589 
11881 6004 7280 6005 
11882 2517 7191 7190 
11883 2607 6984 5942 
11884 4169 6732 4546 
11885 6503 6504 3385 
11886 2708 6909 2709 
11887 6470 6914 5586 
11888 3760 3762 3761 
11889 4722 4723 4717 
11890 2903 7339 6489 
11891 5010 7339 5008 
11892 2610 6914 870 
11893 6552 7458 4268 
11894 6373 6456 4049 
11895 3879 7541 5652 
11896 5445 5451 3523 
11897 124 6559 123 
11898 25 6568 24 
11899 46 6557 45 
11900 19 6560 18 
11901 93 6558 92 
11902 79 6562 78 
11903 99 6556 98 
11904 94 6565 93 
11905 55 6567 54 
11906 119 6563 118 
11907 108 6573 107 
11908 14 6564 13 
11909 39 6566 38 
11910 54 6569 53 
11911 45 6561 44 
11912 97 6572 96 
11913 69 6570 68 
11914 24 6574 23 
11915 4665 7146 4660 
11916 2563 7110 6518 
11917 5355 6999 5356 
11918 4478 6739 4476 
11919 487 7731 4362 
11920 3047 6970 6370 
11921 3730 6830 6434 
11922 4475 4573 4474 
11923 3820 3821 3815 
11924 3271 6482 3654 
11925 5959 6926 5958 
11926 5327 7333 6357 
11927 6381 7333 2911 
11928 5449 7702 5448 
11929 3257 7049 3838 
11930 6868 6888 5063 
11931 3314 7016 3196 
11932 2514 7320 6333 
11933 4837 7745 4838 
11934 3550 6593 6100 
11935 4598 7435 4120 
11936 6845 7764 5342 
11937 5802 6933 3861 
11938 7632 7633 6446 
11939 6312 7296 5092 
11940 7278 7279 5440 
11941 4135 6535 5666 
11942 4382 7476 4408 
11943 2871 7675 7082 
11944 4388 7492 6668 
11945 2634 6581 2632 
11946 6294 7233 6057 
11947 2933 7233 6256 
11948 5769 6939 6196 
11949 5392 7534 5400 
11950 5914 7212 5498 
11951 6516 6944 2915 
11952 218 6944 219 
11953 4757 4759 4758 
11954 2738 6949 2721 
11955 2963 7052 5750 
11956 786 6596 787 
11957 6512 7645 5815 
11958 2791 6929 3964 
11959 5330 7188 2902 
11960 382 6952 383 
11961 6507 7490 576 
11962 3204 6540 3214 
11963 6104 7821 2788 
11964 6920 7604 6727 
11965 873 6964 874 
11966 638 6965 639 
11967 5900 7376 5901 
11968 4554 4983 4553 
11969 6451 7074 3597 
11970 3257 3838 3255 
11971 3686 7559 3689 
11972 3770 6979 3772 
11973 2507 7777 5132 
11974 4383 7398 4382 
11975 5874 7053 2897 
11976 5590 5591 5584 
11977 3865 7049 3570 
11978 6523 6661 3921 
11979 5152 7004 5151 
11980 3854 6978 3855 
11981 6254 6915 6359 
11982 5732 7000 2524 
11983 5393 7023 6510 
11984 4669 7299 4641 
11985 3400 6546 3536 
11986 5786 7229 5330 
11987 4478 7556 6739 
11988 595 6995 596 
11989 3933 7498 74 
11990 3724 6834 3889 
11991 4051 4052 4013 
11992 4468 4469 4467 
11993 3265 3324 3323 
11994 3752 7664 3751 
11995 5653 6981 3605 
11996 605 7005 606 
11997 5480 7163 7015 
11998 4296 7419 6380 
11999 4830 6758 6320 
12000 5609 7123 3819 
12001 6068 7348 6069 
12002 5953 6602 5773 
12003 3568 6603 6053 
12004 4489 6606 4487 
12005 5876 6608 5877 
12006 6338 7296 6638 
12007 6527 7063 4639 
12008 4710 6627 3868 
12009 4061 7625 4059 
12010 4775 6910 4774 
12011 381 7022 382 
12012 368 7023 4027 
12013 4759 4765 4764 
12014 6646 7320 6149 
12015 219 7029 220 
12016 4886 6924 4875 
12017 5447 7763 5446 
12018 2820 6604 6603 
12019 2511 7298 6592 
12020 6463 7298 5969 
12021 5174 6757 4762 
12022 6801 7606 3817 
12023 5394 7818 5374 
12024 4804 7767 4805 
12025 5909 7039 5908 
12026 3383 3553 3399 
12027 5677 7342 5678 
12028 5533 7342 2594 
12029 6099 7353 6098 
12030 4809 7353 5333 
12031 5788 7164 2952 
12032 5730 7361 5731 
12033 5729 7361 2918 
12034 6232 7394 6231 
12035 3337 6616 770 
12036 3604 7045 4918 
12037 4873 7812 7089 
12038 6300 7350 4942 
12039 487 7051 488 
12040 6450 6928 5123 
12041 7381 7424 5384 
12042 3996 6503 4010 
12043 2555 7373 3880 
12044 5552 5554 5553 
12045 6587 7486 2569 
12046 4349 7838 4350 
12047 5492 7771 5493 
12048 3196 7016 3194 
12049 384 7059 385 
12050 5749 7357 3700 
12051 5259 7357 5260 
12052 604 7062 605 
12053 2908 7063 592 
12054 4309 7644 4308 
12055 2560 6568 25 
12056 3107 6556 99 
12057 2565 6560 19 
12058 2790 6557 46 
12059 123 6559 2789 
12060 3108 6570 69 
12061 13 6564 3111 
12062 2567 6573 108 
12063 44 6561 2549 
12064 92 6558 2558 
12065 107 6573 3112 
12066 2556 6567 55 
12067 18 6560 3109 
12068 2559 6563 119 
12069 2550 6562 79 
12070 53 6569 2776 
12071 2562 6572 97 
12072 23 6574 2780 
12073 38 6566 2552 
12074 2569 6564 14 
12075 68 6570 2564 
12076 2787 6565 94 
12077 98 6556 2562 
12078 3556 6922 5831 
12079 3208 6599 3215 
12080 2778 7074 6451 
12081 3599 7074 6232 
12082 5116 7211 5326 
12083 4172 6998 4171 
12084 6003 7091 6562 
12085 6992 7352 6855 
12086 6203 7111 2561 
12087 7064 7630 4776 
12088 5302 7685 5067 
12089 876 6618 877 
12090 3603 6460 3875 
12091 6682 6692 4386 
12092 3198 7575 3216 
12093 639 7097 640 
12094 6564 7486 7362 
12095 7164 7165 6183 
12096 5098 5100 5099 
12097 3689 7542 3691 
12098 3647 7109 483 
12099 484 7109 5679 
12100 6235 7110 5939 
12101 96 6614 95 
12102 5198 7466 5197 
12103 6482 6483 3654 
12104 4264 6753 6297 
12105 4799 6983 4840 
12106 501 7117 502 
12107 4420 7485 7078 
12108 4616 4617 4615 
12109 6022 7739 6023 
12110 5067 7685 5286 
12111 5453 6986 5439 
12112 5038 7210 5039 
12113 636 7125 637 
12114 4348 7838 4349 
12115 5376 7620 5378 
12116 4807 7467 4828 
12117 4631 7519 3790 
12118 49 6709 48 
12119 3128 7538 3406 
12120 306 7137 307 
12121 500 7140 501 
12122 5568 6776 5782 
12123 3705 7383 6636 
12124 5090 5096 5095 
12125 6549 7558 6904 
12126 6231 7150 6115 
12127 3896 6627 4710 
12128 6549 6904 4398 
12129 788 6622 789 
12130 5276 5278 5275 
12131 3753 7664 3752 
12132 4535 4537 4534 
12133 7573 7823 7634 
12134 6553 7549 3851 
12135 2507 7159 751 
12136 6246 6764 4877 
12137 4128 6866 4417 
12138 4649 7734 4650 
12139 5107 5109 5108 
12140 305 7162 306 
12141 2723 6624 5998 
12142 874 7168 875 
12143 3426 7002 6549 
12144 3327 3576 3535 
12145 5879 5881 4482 
12146 4939 6611 4036 
12147 4014 7690 7058 
12148 6532 7673 4669 
12149 4648 7734 4649 
12150 4661 6733 6184 
12151 6184 6733 2898 
12152 5276 6994 5278 
12153 5579 5595 3706 
12154 7175 7282 5911 
12155 7072 7073 4961 
12156 4138 7668 3359 
12157 2839 3233 3120 
12158 4496 6975 4459 
12159 6529 6792 3569 
12160 2566 6792 6529 
12161 6833 7027 5103 
12162 4444 7350 6646 
12163 680 7187 681 
12164 3617 7150 6439 
12165 95 6614 2787 
12166 6653 7037 2964 
12167 6091 6628 3549 
12168 4786 7536 6326 
12169 898 7195 2601 
12170 5651 6629 2956 
12171 4691 6551 6216 
12172 4895 4916 4897 
12173 2712 7202 2713 
12174 4149 5431 4151 
12175 3318 6630 3630 
12176 6334 6335 4776 
12177 2497 7294 5763 
12178 5198 7587 5200 
12179 6071 7217 3869 
12180 7224 7834 7197 
12181 5491 7213 5492 
12182 3817 6896 6490 
12183 2887 7071 6199 
12184 5763 7260 5761 
12185 3217 6599 3207 
12186 5889 7317 2931 
12187 385 7232 386 
12188 5546 5548 5547 
12189 4663 7853 6793 
12190 4862 7743 4864 
12191 4955 4957 4954 
12192 6550 7627 5673 
12193 5331 7325 5889 
12194 5556 7544 3540 
12195 635 7244 636 
12196 5148 5152 5151 
12197 3323 3570 3264 
12198 4688 4691 4690 
12199 6202 7409 3263 
12200 5731 7464 2523 
12201 6534 7326 3792 
12202 3209 3218 3217 
12203 2551 6623 131 
12204 3218 3273 3217 
12205 6617 7513 3683 
12206 2786 7645 6512 
12207 131 6623 130 
12208 4422 7760 6217 
12209 2907 7289 4998 
12210 4770 7639 4742 
12211 7100 7566 7432 
12212 4350 7838 4997 
12213 3554 6948 6654 
12214 6531 7626 4369 
12215 3545 6639 5766 
12216 4026 7308 374 
12217 375 7308 5471 
12218 4953 4954 4952 
12219 4446 4447 4443 
12220 4672 7490 6507 
12221 5438 5442 5441 
12222 5301 7545 5303 
12223 2785 6632 88 
12224 117 6633 2786 
12225 6533 7705 2908 
12226 4891 4892 4890 
12227 5707 6905 6847 
12228 3672 6614 6572 
12229 7014 7481 3801 
12230 4517 4519 4518 
12231 2585 7230 5652 
12232 6056 6830 6536 
12233 6536 6830 2565 
12234 6108 7428 5503 
12235 6615 7496 4732 
12236 5268 7596 3418 
12237 4693 7596 4699 
12238 5948 6164 3826 
12239 4419 7760 4422 
12240 7141 7663 4091 
12241 4062 7625 4061 
12242 3332 7034 6130 
12243 5703 7407 5702 
12244 4300 7054 6296 
12245 3618 7373 3652 
12246 3880 7373 3620 
12247 6471 7185 3720 
12248 5711 5725 5708 
12249 4404 6818 5248 
12250 3742 7380 3741 
12251 4170 4172 4171 
12252 88 6632 87 
12253 7239 7852 7671 
12254 118 6633 117 
12255 6863 7797 4467 
12256 2534 7622 6075 
12257 4528 7622 5283 
12258 3213 6461 3381 
12259 5383 7661 5384 
12260 6075 7653 6074 
12261 6145 6644 6144 
12262 5702 7258 3332 
12263 4535 6719 4537 
12264 5267 7429 5268 
12265 8 7430 332 
12266 3232 7430 8 
12267 7 7431 2615 
12268 3842 7431 7 
12269 5604 7430 5606 
12270 4914 7432 11 
12271 11 7432 713 
12272 3931 7433 6406 
12273 3666 7437 5409 
12274 4221 6356 4222 
12275 5933 7831 6521 
12276 5941 7126 6513 
12277 6356 6820 4222 
12278 5212 6955 3427 
12279 5958 6926 2776 
12280 4798 4801 4800 
12281 5471 7535 2513 
12282 3340 7627 4783 
12283 3668 7821 6104 
12284 3884 7821 3667 
12285 6209 7678 6198 
12286 2508 7626 6383 
12287 3126 7814 3220 
12288 6069 7659 4207 
12289 6240 7075 2940 
12290 6440 6632 2785 
12291 86 6658 2554 
12292 5099 7649 5133 
12293 3543 7785 3851 
12294 577 7490 2899 
12295 2718 7502 2738 
12296 4770 7540 4789 
12297 4659 7586 4656 
12298 3359 6643 4143 
12299 4140 6681 4409 
12300 3994 7685 5302 
12301 5286 7685 6328 
12302 2504 7263 6099 
12303 5652 7541 5076 
12304 486 7731 487 
12305 2761 7549 2701 
12306 3046 7576 5304 
12307 757 7560 758 
12308 4511 7561 2541 
12309 4336 7833 4338 
12310 2778 6669 40 
12311 5105 6780 6741 
12312 3552 6647 3551 
12313 5676 7650 5675 
12314 6203 7682 5846 
12315 3329 7047 4767 
12316 3659 7588 396 
12317 397 7588 5281 
12318 6183 7841 4661 
12319 5641 7726 5532 
12320 10 7674 710 
12321 2909 7673 589 
12322 3648 7609 4368 
12323 2503 7612 867 
12324 868 7612 5654 
12325 6000 7636 3726 
12326 6120 7757 6121 
12327 59 6676 2783 
12328 5507 6845 2895 
12329 5424 6970 5423 
12330 3235 3237 3236 
12331 5089 5093 5091 
12332 4882 4883 4851 
12333 883 6650 884 
12334 145 6651 146 
12335 858 6653 859 
12336 3964 6654 3181 
12337 358 6655 359 
12338 3233 3235 3234 
12339 3885 7234 3722 
12340 4837 7623 4836 
12341 4293 7710 6835 
12342 4742 7639 4744 
12343 5425 6437 4135 
12344 6844 7092 4917 
12345 498 6660 499 
12346 161 6659 162 
12347 58 6865 57 
12348 4951 4952 4950 
12349 4732 7496 4727 
12350 4919 7699 4878 
12351 4620 4621 4619 
12352 5170 7716 5172 
12353 3921 6661 3912 
12354 649 6662 650 
12355 4968 6626 4971 
12356 3208 3212 3211 
12357 543 6663 544 
12358 4314 4316 4315 
12359 7009 7686 4286 
12360 4519 6735 4518 
12361 414 6664 415 
12362 5447 5449 5448 
12363 4876 7055 6525 
12364 7220 7586 4662 
12365 6967 7291 6968 
12366 3368 7008 6682 
12367 3399 6546 3400 
12368 5890 7602 4025 
12369 5612 5617 5615 
12370 5987 6858 2784 
12371 3576 3847 3535 
12372 4715 5252 4713 
12373 4869 6871 6870 
12374 5360 5402 5361 
12375 5494 5500 5493 
12376 5781 6777 3721 
12377 860 6672 861 
12378 3903 6673 3627 
12379 4363 6934 4060 
12380 5875 7585 5874 
12381 4765 6957 4768 
12382 5040 6867 5056 
12383 778 6675 779 
12384 4381 4383 4382 
12385 7509 7758 3751 
12386 4307 4312 4310 
12387 129 6725 2784 
12388 6717 7004 2498 
12389 4324 4325 4323 
12390 2609 6678 6194 
12391 2586 6679 6109 
12392 71 6901 70 
12393 5401 7695 5363 
12394 4699 7596 4289 
12395 5326 7493 2517 
12396 207 6680 208 
12397 4381 7755 4380 
12398 837 6683 2504 
12399 12 7442 5953 
12400 2603 7442 12 
12401 9 7443 3568 
12402 2573 7443 9 
12403 4487 7445 6 
12404 6 7445 140 
12405 4558 7444 5 
12406 5 7444 5876 
12407 6124 6685 3356 
12408 5595 7542 3706 
12409 303 6686 304 
12410 4410 6648 4141 
12411 4376 4410 4378 
12412 5849 7682 5859 
12413 2596 6690 6190 
12414 4919 7452 4771 
12415 6710 6998 2510 
12416 4198 4199 4194 
12417 5209 7641 5211 
12418 5665 5670 5662 
12419 3862 6709 5698 
12420 4763 6869 5309 
12421 3237 3239 3238 
12422 5383 5388 5385 
12423 87 6658 86 
12424 186 6691 187 
12425 6451 6669 2778 
12426 5490 5496 5488 
12427 4785 4790 4788 
12428 4102 7149 4094 
12429 3207 6599 3208 
12430 5441 7491 5451 
12431 4924 4929 4927 
12432 741 6693 742 
12433 663 6694 664 
12434 5445 5447 5446 
12435 5356 5358 5357 
12436 4978 4984 4975 
12437 3383 3399 3384 
12438 4804 4805 4802 
12439 6448 7656 2520 
12440 3553 6670 3601 
12441 4361 7051 4362 
12442 3430 7206 7205 
12443 4618 4619 4617 
12444 6156 6696 6177 
12445 6504 6505 3385 
12446 4828 7245 6923 
12447 6148 7087 5504 
12448 5756 7123 5608 
12449 2506 6702 6281 
12450 5431 6707 4151 
12451 3662 7772 6227 
12452 3634 3635 2874 
12453 2944 6703 6336 
12454 5492 5493 5491 
12455 40 6669 39 
12456 4282 6789 3816 
12457 4419 4422 4128 
12458 4285 4286 4281 
12459 6727 6945 6436 
12460 4379 4381 4380 
12461 6297 7054 4264 
12462 4197 7686 7009 
12463 7603 7767 4839 
12464 4097 7465 4096 
12465 60 6676 59 
12466 421 6706 422 
12467 5785 6984 5784 
12468 7194 7835 4002 
12469 4057 7843 7459 
12470 3814 7574 3820 
12471 5038 5039 5036 
12472 2923 6707 6330 
12473 3239 3242 3241 
12474 3348 7190 7189 
12475 6518 7110 6235 
12476 4292 7412 4262 
12477 5073 7331 7316 
12478 3884 6917 81 
12479 4372 5329 4374 
12480 7047 7451 3275 
12481 6075 7622 4294 
12482 5037 5069 5033 
12483 4078 6352 4076 
12484 4375 6308 4371 
12485 6893 7562 4493 
12486 6565 7003 3743 
12487 4543 6211 4541 
12488 463 6710 464 
12489 7058 7690 3997 
12490 6502 7202 2712 
12491 4268 7419 6552 
12492 3659 7405 5408 
12493 4425 6283 4427 
12494 236 6713 237 
12495 101 7366 6530 
12496 6359 6915 4772 
12497 93 6565 6558 
12498 6567 6569 54 
12499 6557 6561 45 
12500 6568 6574 24 
12501 5508 6253 5510 
12502 6586 7236 4016 
12503 4887 7712 4915 
12504 4964 6331 4967 
12505 5228 6313 5226 
12506 5871 7318 5470 
12507 5210 7641 5208 
12508 513 6714 514 
12509 5163 5777 5161 
12510 265 6716 266 
12511 390 6717 391 
12512 842 6718 843 
12513 5072 6719 2499 
12514 465 6720 466 
12515 6635 7759 6588 
12516 6990 7637 5548 
12517 6743 7321 6250 
12518 5448 7763 5447 
12519 5013 7077 2916 
12520 154 6721 155 
12521 5493 7771 5494 
12522 6541 7667 3121 
12523 5382 7819 7660 
12524 3822 7021 4271 
12525 2917 7784 5329 
12526 5605 6784 2496 
12527 6674 7593 5205 
12528 5764 7003 3671 
12529 6374 6375 4941 
12530 3749 7750 3748 
12531 6590 6700 4750 
12532 4428 4429 4424 
12533 292 6723 293 
12534 4843 7656 6448 
12535 7270 7606 3800 
12536 31 6991 30 
12537 4520 7235 4388 
12538 5142 6724 3702 
12539 392 6726 393 
12540 4133 7453 6936 
12541 5634 6251 5636 
12542 6265 7088 2544 
12543 6255 7143 5734 
12544 2788 7370 6104 
12545 4691 6703 4690 
12546 5112 7713 5106 
12547 89 6853 2785 
12548 4338 7462 6498 
12549 3789 6941 4667 
12550 3242 3244 3243 
12551 2784 6858 128 
12552 81 6917 80 
12553 4984 7172 3377 
12554 5358 5360 5359 
12555 4830 7528 6724 
12556 3746 7769 3745 
12557 5470 7256 5872 
12558 2954 6728 5733 
12559 3255 7297 3256 
12560 4460 4462 4458 
12561 6486 6932 3375 
12562 4638 7506 4642 
12563 4035 7722 4544 
12564 5461 5873 5458 
12565 5270 6729 2535 
12566 4938 6300 4934 
12567 4622 7264 7005 
12568 4642 6911 6273 
12569 7383 7798 6636 
12570 6520 7124 3638 
12571 3112 7124 6520 
12572 5228 7018 4125 
12573 7414 7621 5495 
12574 2898 6733 4987 
12575 7417 7774 6997 
12576 6348 7142 4778 
12577 4363 4364 4360 
12578 4139 4142 3368 
12579 6887 7268 4707 
12580 3719 7708 7389 
12581 2574 5774 3115 
12582 3360 6014 2792 
12583 2577 6050 3091 
12584 7079 7247 5857 
12585 7283 7309 3765 
12586 3771 7554 3768 
12587 4774 6910 3716 
12588 6572 6614 96 
12589 6899 7355 3426 
12590 3839 7173 3823 
12591 3748 7750 3747 
12592 6754 7327 3882 
12593 4099 7257 4100 
12594 3653 6760 3628 
12595 7149 7527 4090 
12596 2553 6709 49 
12597 2901 6735 4604 
12598 130 6725 129 
12599 3559 6736 3557 
12600 3760 7727 3758 
12601 3244 3246 3245 
12602 6955 7355 3250 
12603 6187 6829 4354 
12604 6180 7066 6956 
12605 3542 7675 3251 
12606 5477 5479 5478 
12607 258 6745 259 
12608 4119 7494 4599 
12609 5466 6119 5468 
12610 2801 6760 3898 
12611 5313 5315 5314 
12612 3409 3413 3408 
12613 4814 7185 7060 
12614 5858 7048 66 
12615 3091 6452 3320 
12616 4188 6322 4191 
12617 6498 6980 4341 
12618 5189 5190 5188 
12619 2776 6926 52 
12620 6612 6759 4729 
12621 3400 3536 3402 
12622 3751 7758 3750 
12623 4958 4959 4957 
12624 4364 4980 4979 
12625 4117 6806 4150 
12626 4382 7755 4381 
12627 4810 4811 4807 
12628 3260 6862 6861 
12629 6692 7008 3369 
12630 4093 4095 4094 
12631 5414 7769 3747 
12632 5685 5687 5686 
12633 6595 7590 3755 
12634 4395 6548 4398 
12635 4357 7833 4337 
12636 71 7340 6901 
12637 3576 6891 6414 
12638 5554 5558 5557 
12639 6563 6633 118 
12640 3424 7453 4133 
12641 3663 6868 6168 
12642 5080 5338 5082 
12643 5347 6275 5351 
12644 3870 7265 6593 
12645 3327 3535 3326 
12646 6468 7532 5214 
12647 4114 4131 4115 
12648 2781 7617 6492 
12649 6492 7617 5520 
12650 3181 6654 6620 
12651 4900 5894 4902 
12652 7525 7815 4868 
12653 3851 7785 6553 
12654 5647 6315 5649 
12655 5375 7818 5376 
12656 4221 6973 6356 
12657 4453 6350 4456 
12658 4995 5695 4993 
12659 3174 6779 3916 
12660 5479 7013 5266 
12661 3246 3248 3247 
12662 4595 4596 4593 
12663 4306 4309 4308 
12664 2723 6949 6624 
12665 3745 7791 3298 
12666 3750 7758 3749 
12667 5007 6205 5005 
12668 4725 7096 6257 
12669 6455 6542 3367 
12670 4252 4254 4253 
12671 3326 3554 3324 
12672 5711 7036 5725 
12673 136 7158 135 
12674 3381 3383 3382 
12675 5041 7547 5043 
12676 3573 6785 3934 
12677 7104 7289 2907 
12678 3298 7061 3746 
12679 6301 7691 5668 
12680 5199 7466 5198 
12681 4461 4465 4464 
12682 4166 6732 4169 
12683 4569 7625 4062 
12684 3876 6927 3174 
12685 7057 7437 3666 
12686 3937 7041 2791 
12687 2558 6985 91 
12688 4889 4890 4883 
12689 6734 6956 4284 
12690 4544 7363 6613 
12691 6604 7040 6605 
12692 3747 7769 3746 
12693 4865 4871 4864 
12694 7303 7699 4919 
12695 3569 6792 5522 
12696 3808 7411 3835 
12697 4935 6323 4937 
12698 4234 4252 4251 
12699 4202 4203 4199 
12700 3866 6772 5792 
12701 6935 7632 7631 
12702 4623 4677 3797 
12703 3320 6453 3321 
12704 3723 7559 3686 
12705 3706 7542 3689 
12706 3798 6887 6886 
12707 4806 4807 4803 
12708 7512 7523 4824 
12709 3417 6798 679 
12710 6319 6759 6612 
12711 3718 7782 7378 
12712 5561 6121 5564 
12713 5315 5317 5316 
12714 2820 7040 6604 
12715 5858 7401 5855 
12716 39 6669 6566 
12717 4757 7854 7395 
12718 4390 7448 4402 
12719 2554 7020 85 
12720 4222 6820 6357 
12721 5428 6330 5430 
12722 4962 6201 4959 
12723 3719 7108 3679 
12724 4085 4087 4084 
12725 3331 6802 756 
12726 3331 7735 6833 
12727 3248 3250 3249 
12728 5509 5511 5343 
12729 5354 5364 5363 
12730 37 7251 36 
12731 6545 7563 6066 
12732 5666 6535 4122 
12733 3683 7108 6617 
12734 5744 6763 5558 
12735 28 7265 27 
12736 5451 7397 3523 
12737 5765 7696 2552 
12738 2569 7486 6564 
12739 126 7038 2555 
12740 5263 6190 5266 
12741 5254 6377 5257 
12742 4323 7224 4307 
12743 111 7282 110 
12744 6881 7748 4350 
12745 3674 7584 3871 
12746 4319 7459 4060 
12747 4859 7460 4856 
12748 6711 7210 3992 
12749 6971 7757 2598 
12750 5585 7597 5597 
12751 4703 6325 4706 
12752 27 7306 26 
12753 3669 7502 7202 
12754 3563 6811 3564 
12755 4328 7825 4330 
12756 3971 4072 3969 
12757 4215 6687 4218 
12758 7246 7765 4008 
12759 4430 7071 4429 
12760 3637 7617 6520 
12761 3426 6549 6548 
12762 5172 7526 5169 
12763 3669 7202 6502 
12764 5627 5629 5628 
12765 4204 4205 4203 
12766 4818 7533 4833 
12767 4027 7286 6689 
12768 5096 5098 5097 
12769 4846 7092 4845 
12770 4677 7578 3778 
12771 4499 4500 4498 
12772 5374 7818 5375 
12773 4945 5230 4947 
12774 5720 5722 5721 
12775 5565 5568 5567 
12776 3745 7769 3829 
12777 5191 5192 5190 
12778 6544 7438 4019 
12779 5368 7687 5400 
12780 3298 3746 3745 
12781 7222 7806 5585 
12782 6101 6824 3566 
12783 6121 7757 5571 
12784 7309 7463 3765 
12785 4263 7816 7458 
12786 3998 7358 7011 
12787 3880 7809 2555 
12788 77 7091 2782 
12789 4235 7543 4233 
12790 43 7394 42 
12791 3250 3252 3251 
12792 7246 7557 4033 
12793 4830 6320 4829 
12794 6887 7266 3785 
12795 3298 7791 3744 
12796 3 7413 136 
12797 4224 6555 4228 
12798 4554 7524 4982 
12799 5758 6086 3825 
12800 5020 6378 5018 
12801 2520 7181 5334 
12802 3754 3756 3755 
12803 5197 7083 5218 
12804 2561 7111 61 
12805 4646 7711 4647 
12806 30 7436 29 
12807 5417 6368 5421 
12808 4760 7720 5318 
12809 5215 7532 6629 
12810 4063 4569 4568 
12811 2546 7135 6290 
12812 3750 3752 3751 
12813 74 7498 73 
12814 75 7203 6439 
12815 7045 7046 4768 
12816 6850 7084 3571 
12817 2604 5915 2872 
12818 5650 5651 5646 
12819 6434 6830 6056 
12820 4847 4932 4849 
12821 5581 7475 7474 
12822 5723 5724 5710 
12823 6699 7716 4754 
12824 4477 4574 4479 
12825 6937 6938 3694 
12826 42 7537 41 
12827 4782 7142 4736 
12828 6235 7805 3110 
12829 36 7548 35 
12830 6213 6336 6216 
12831 5179 6304 5183 
12832 6442 7400 5692 
12833 5785 7389 6984 
12834 4053 7281 4005 
12835 4552 6547 4548 
12836 4012 7240 4356 
12837 109 7175 2567 
12838 6012 7144 2896 
12839 116 7598 115 
12840 115 7600 114 
12841 3213 7754 3211 
12842 5350 6138 5348 
12843 7009 7102 4197 
12844 134 7829 133 
12845 6587 7567 3859 
12846 5389 7231 7068 
12847 2631 2633 2632 
12848 3252 3254 3253 
12849 6581 7131 3050 
12850 3018 6954 6953 
12851 3112 7199 106 
12852 4 7199 2781 
12853 5001 6615 5239 
12854 5291 6346 5295 
12855 4232 4233 4230 
12856 6632 6658 87 
12857 6929 7041 6466 
12858 3906 6851 3905 
12859 3044 7248 7170 
12860 3213 3381 3375 
12861 4281 7686 4282 
12862 6848 7414 3314 
12863 3746 3748 3747 
12864 3674 3675 3635 
12865 3748 3750 3749 
12866 5479 6690 5478 
12867 4918 7208 3604 
12868 3717 6786 3684 
12869 6246 6766 6765 
12870 4302 4581 4305 
12871 6782 7263 5030 
12872 3736 7069 3831 
12873 5354 7118 5395 
12874 4492 7604 6890 
12875 5274 5279 5277 
12876 3752 3754 3753 
12877 3838 7082 3542 
12878 4400 7235 4520 
12879 5721 7037 6653 
12880 76 7203 75 
12881 5856 7729 3220 
12882 6505 7122 6506 
12883 5282 7151 3372 
12884 20 7323 2565 
12885 3387 6881 4997 
12886 4265 7651 4294 
12887 6281 6702 6697 
12888 2568 7340 72 
12889 132 7343 2551 
12890 4708 6418 4704 
12891 7006 7274 3031 
12892 3830 7750 3749 
12893 5877 6608 5880 
12894 7100 7432 4914 
12895 6623 6725 130 
12896 5780 6194 5782 
12897 2566 7366 102 
12898 115 7598 6513 
12899 83 7370 2788 
12900 6513 7600 115 
12901 5061 5279 5066 
12902 6022 6666 3572 
12903 2789 7379 122 
12904 90 6853 89 
12905 6568 7217 5901 
12906 5538 6701 5540 
12907 128 6858 127 
12908 74 7742 3933 
12909 6113 6341 4267 
12910 6628 7158 3856 
12911 47 7440 2790 
12912 4084 7422 4080 
12913 7077 7119 2916 
12914 6078 7209 6321 
12915 5434 5541 5440 
12916 4219 6381 4217 
12917 3361 6453 6452 
12918 3555 6898 3858 
12919 3624 6922 3556 
12920 4595 6685 4596 
12921 6603 6604 3836 
12922 5039 7210 6711 
12923 5959 7501 6926 
12924 5590 7846 5591 
12925 3201 3210 3203 
12926 3256 3258 3257 
12927 5722 7037 5721 
12928 3731 7131 3653 
12929 5595 7782 3696 
12930 4270 7614 4273 
12931 5258 5821 5255 
12932 4579 6649 4565 
12933 50 7501 2553 
12934 5338 7053 5339 
12935 7101 7609 3648 
12936 5810 7180 5759 
12937 5187 5194 5186 
12938 6443 7379 2789 
12939 7356 7561 4511 
12940 4283 7115 3822 
12941 7031 7644 4309 
12942 6979 7120 3772 
12943 3258 3265 3264 
12944 3205 3209 3207 
12945 3794 3795 3793 
12946 2611 7222 7157 
12947 15 7567 2569 
12948 3402 7794 3400 
12949 3843 7696 3633 
12950 4722 6634 4723 
12951 3743 7003 5764 
12952 5310 5311 4781 
12953 64 7017 63 
12954 2555 7809 125 
12955 2627 2871 2629 
12956 3416 7173 3839 
12957 6981 7831 3605 
12958 4796 5176 4793 
12959 5145 6227 5150 
12960 4025 7602 7128 
12961 4630 4632 4631 
12962 63 7017 5859 
12963 5792 6772 6771 
12964 4343 6367 6366 
12965 4746 4748 4747 
12966 4142 7324 3368 
12967 4397 6817 6816 
12968 4707 7268 4705 
12969 6337 7192 4580 
12970 7344 7453 3424 
12971 5110 5111 5109 
12972 6165 7758 3826 
12973 2589 7280 6004 
12974 4321 6531 6528 
12975 4438 6333 4440 
12976 6489 7339 4408 
12977 4948 6292 4944 
12978 4808 7697 6448 
12979 5737 7466 5199 
12980 4681 7009 4287 
12981 3672 7517 3673 
12982 3831 7574 3814 
12983 2783 6865 58 
12984 5142 6758 4830 
12985 4348 4349 4346 
12986 5374 5375 5372 
12987 4761 7692 5130 
12988 4780 7457 4748 
12989 3840 7736 3892 
12990 2709 6909 2712 
12991 3747 7750 3830 
12992 5678 7212 5914 
12993 3722 7234 6882 
12994 3739 6991 6639 
12995 5329 7784 4412 
12996 5084 6521 5088 
12997 4227 4298 4225 
12998 3326 6948 3554 
12999 3791 7781 7727 
13000 6968 7291 3613 
13001 6470 7222 2611 
13002 5008 7339 2903 
13003 4024 4029 4028 
13004 6514 6962 3261 
13005 870 6914 871 
13006 4634 7779 6533 
13007 5528 5784 5526 
13008 5483 6005 5486 
13009 4062 7441 4569 
13010 3981 3982 3978 
13011 4928 7336 4866 
13012 4210 7348 7170 
13013 6936 7824 6739 
13014 4805 7603 4815 
13015 5420 5423 5418 
13016 6195 6238 3883 
13017 3852 7042 3757 
13018 3624 6725 6623 
13019 6335 7064 4776 
13020 5480 7015 7014 
13021 4629 7579 4676 
13022 4854 7717 4874 
13023 3429 6889 6461 
13024 2502 7234 3885 
13025 4662 7853 4663 
13026 5487 6039 5484 
13027 6436 6635 3403 
13028 4640 6942 3790 
13029 3348 7189 6928 
13030 5569 7605 3723 
13031 7300 7538 3407 
13032 6515 7836 4415 
13033 4345 4346 4344 
13034 3806 7770 3804 
13035 2911 7333 5327 
13036 3983 3984 3982 
13037 5629 6679 5628 
13038 4350 4351 4349 
13039 80 6917 2550 
13040 3697 3699 3698 
13041 2779 7017 64 
13042 3976 7557 3980 
13043 66 7048 65 
13044 6149 7320 2514 
13045 4338 4340 4336 
13046 5376 5378 5375 
13047 6458 7121 6375 
13048 3414 3435 3415 
13049 5087 6312 5085 
13050 4047 7553 6506 
13051 6521 7831 5134 
13052 4007 6838 4003 
13053 6572 7517 3672 
13054 5131 7692 4761 
13055 70 6901 3108 
13056 6709 7440 48 
13057 65 7048 2779 
13058 6704 6705 4032 
13059 3435 3628 3415 
13060 6448 7697 4843 
13061 3861 6933 3860 
13062 3375 7086 3213 
13063 6380 7419 4268 
13064 5293 6339 5290 
13065 7022 7182 5362 
13066 5092 7296 6338 
13067 6559 7809 3880 
13068 4466 7797 4116 
13069 4748 4750 4749 
13070 5568 6678 5567 
13071 4102 7527 7149 
13072 3726 6917 3884 
13073 3602 7572 7273 
13074 5606 7504 7161 
13075 6593 7265 2794 
13076 5742 5746 5740 
13077 6164 6165 3826 
13078 4907 4908 4906 
13079 5582 7474 5593 
13080 5679 7112 3646 
13081 4029 4042 4037 
13082 5186 5193 5189 
13083 6731 7464 5452 
13084 4359 7626 6531 
13085 3987 3988 3984 
13086 7725 7753 5064 
13087 7264 7792 4616 
13088 3575 3636 2616 
13089 3320 3321 2815 
13090 4352 4353 4351 
13091 4343 4344 4342 
13092 6179 7672 2900 
13093 3402 6891 6890 
13094 6520 7199 3112 
13095 2567 6960 6573 
13096 4130 6879 6361 
13097 4273 4275 4270 
13098 4893 4895 4894 
13099 2580 2793 2578 
13100 3554 6929 6466 
13101 4419 6795 6794 
13102 6444 7379 6443 
13103 3791 7163 6772 
13104 3050 7130 6730 
13105 4482 7012 4472 
13106 52 6926 51 
13107 3795 6976 6543 
13108 6626 7689 3835 
13109 3603 3875 3616 
13110 4771 4922 4920 
13111 3736 6517 3872 
13112 4750 4753 4752 
13113 6750 6869 4763 
13114 6057 7233 2933 
13115 5770 6939 5769 
13116 4660 7853 4662 
13117 3751 7664 7145 
13118 5151 7004 6717 
13119 4584 6267 4586 
13120 5514 7515 7075 
13121 3265 3323 3264 
13122 4341 4342 4340 
13123 4171 6998 6710 
13124 2915 6944 218 
13125 5668 7652 4122 
13126 3002 7116 5155 
13127 2721 6949 2723 
13128 5713 7052 2963 
13129 4128 7367 6866 
13130 3978 7277 3977 
13131 3785 7269 6887 
13132 7015 7163 3791 
13133 5202 7587 6841 
13134 3699 3708 3707 
13135 383 6952 3660 
13136 7462 7833 4357 
13137 5219 7587 5198 
13138 3658 7098 6170 
13139 4768 6957 4769 
13140 4779 7627 6550 
13141 3408 3544 3268 
13142 5913 6960 5909 
13143 3996 3997 3988 
13144 4767 7345 6465 
13145 6562 7091 78 
13146 6588 7759 3642 
13147 4607 6087 4609 
13148 5121 5124 5123 
13149 3324 7817 3326 
13150 2611 6964 873 
13151 4915 7473 4887 
13152 2885 6965 638 
13153 4281 4282 4280 
13154 2902 7188 6427 
13155 7231 7424 5390 
13156 4160 7133 4354 
13157 3405 7267 5894 
13158 3723 6786 6778 
13159 4561 7033 4570 
13160 4877 6766 6246 
13161 3194 7016 6061 
13162 6589 6712 5344 
13163 4729 6759 6342 
13164 6697 7526 5172 
13165 7170 7248 6459 
13166 4278 4280 4277 
13167 7302 7303 4921 
13168 4393 7484 7127 
13169 4664 7853 7146 
13170 6529 7366 2566 
13171 3848 6948 3535 
13172 5208 5443 5210 
13173 4276 4277 4275 
13174 3855 6978 5802 
13175 2565 7323 6536 
13176 6901 7340 5830 
13177 3768 7554 3827 
13178 6411 7648 6058 
13179 3209 3217 3207 
13180 5050 7396 5047 
13181 4904 7840 4906 
13182 3863 7773 2799 
13183 7189 7191 5122 
13184 3314 7414 5500 
13185 5452 7702 5450 
13186 4104 7827 6535 
13187 5597 7597 5576 
13188 4917 7093 4852 
13189 7074 7537 6232 
13190 4566 4571 4563 
13191 4019 6988 6544 
13192 6604 6605 3744 
13193 4143 7324 4142 
13194 5029 7391 6782 
13195 4049 7277 6775 
13196 4379 7337 4377 
13197 6489 7229 5786 
13198 2910 6995 595 
13199 3603 3616 3276 
13200 5384 7661 7381 
13201 4250 6598 5689 
13202 4994 6827 4262 
13203 4481 6945 6727 
13204 4832 6906 6883 
13205 4985 7172 4984 
13206 2810 7082 3838 
13207 3731 7591 7069 
13208 4868 7815 6766 
13209 3687 7762 6977 
13210 3663 6888 6868 
13211 606 7005 2889 
13212 4941 7151 6374 
13213 3371 6932 6505 
13214 3419 7419 4296 
13215 2621 3655 2623 
13216 3197 3365 3199 
13217 5205 6841 6674 
13218 4671 6912 4655 
13219 4546 6732 4545 
13220 6070 7348 6068 
13221 3359 6642 4138 
13222 4501 6579 4118 
13223 6509 7183 3718 
13224 6342 7096 4729 
13225 6553 7785 2708 
13226 91 6985 90 
13227 3878 7230 6919 
13228 3650 7773 6414 
13229 6548 6549 4398 
13230 5584 6582 5583 
13231 4474 4573 4477 
13232 7502 7822 2738 
13233 5215 6974 5213 
13234 6941 6972 6942 
13235 5139 7733 4921 
13236 2624 7418 2622 
13237 3145 7418 2624 
13238 5582 5583 5580 
13239 4843 7245 4825 
13240 3677 7708 3679 
13241 6868 7753 6168 
13242 3355 7253 7090 
13243 3836 6684 6053 
13244 3661 7022 381 
13245 367 7023 368 
13246 7103 7800 3660 
13247 3713 7186 7185 
13248 4011 7221 4010 
13249 4982 4983 4554 
13250 4118 4502 4501 
13251 4014 7635 4353 
13252 3889 6834 3334 
13253 7568 7720 5317 
13254 6485 7032 6486 
13255 220 7029 2917 
13256 3811 6976 6462 
13257 4470 4472 4471 
13258 4266 7105 4237 
13259 6592 7298 4330 
13260 3634 7180 6580 
13261 4137 7364 6316 
13262 4836 7383 6897 
13263 4648 4649 4647 
13264 5011 7088 4403 
13265 6828 7640 4686 
13266 6880 7392 4136 
13267 6361 7135 4130 
13268 7170 7348 6070 
13269 2569 7567 6587 
13270 7008 7297 3254 
13271 4650 4651 4649 
13272 5969 7298 2511 
13273 5513 7144 6609 
13274 5318 6699 4760 
13275 6637 7174 3216 
13276 5320 7648 6411 
13277 4956 7261 7097 
13278 5744 6996 3541 
13279 5913 7124 6960 
13280 4646 4647 4645 
13281 5908 7039 5911 
13282 3886 7795 3244 
13283 4587 7334 6749 
13284 2557 6991 31 
13285 5490 7231 5496 
13286 2617 2618 2613 
13287 2816 3194 2584 
13288 4867 7460 4859 
13289 2594 7342 5677 
13290 4642 4643 4638 
13291 6133 6793 4664 
13292 4324 7192 6592 
13293 6098 7353 4809 
13294 2952 7164 6183 
13295 85 7020 84 
13296 2918 7361 5730 
13297 5878 6746 4486 
13298 4166 4169 4167 
13299 6360 6878 4432 
13300 5877 5879 5878 
13301 6259 6870 4930 
13302 5483 5485 5484 
13303 5524 5527 5526 
13304 4900 4901 4899 
13305 5602 6872 4976 
13306 4486 6797 4485 
13307 7184 7782 3718 
13308 4437 6508 4450 
13309 6363 6364 4791 
13310 4311 7775 4309 
13311 5084 5086 5085 
13312 5762 7010 6511 
13313 4823 7482 4835 
13314 4438 4439 4436 
13315 4721 6859 4712 
13316 5124 5126 5125 
13317 5916 6715 5525 
13318 6237 6238 6195 
13319 4525 4527 4526 
13320 4794 4795 4793 
13321 5145 5147 5146 
13322 5299 6208 6207 
13323 4433 6880 5224 
13324 5621 6849 6157 
13325 4120 7564 6437 
13326 5308 6869 5323 
13327 4215 4218 4217 
13328 5705 6847 5713 
13329 5434 5436 5435 
13330 5667 6864 5661 
13331 5048 7684 5287 
13332 4942 7350 4444 
13333 5780 5781 5779 
13334 5459 6843 5457 
13335 5609 6595 5610 
13336 4925 6857 6247 
13337 4644 4645 4643 
13338 5273 5274 5272 
13339 5167 6852 5165 
13340 488 7051 3648 
13341 4653 4654 4651 
13342 6059 7504 3232 
13343 6318 6319 5143 
13344 4584 4585 4583 
13345 3044 7170 6070 
13346 3660 7611 7103 
13347 5070 5073 5072 
13348 5241 5244 5243 
13349 2916 7119 5676 
13350 6244 6246 6245 
13351 4176 4178 4175 
13352 5739 5741 5740 
13353 5218 7233 6294 
13354 3195 7657 3727 
13355 4155 4157 4154 
13356 4101 6842 4075 
13357 5498 7280 5914 
13358 124 7809 6559 
13359 5179 5181 5180 
13360 4687 6828 4684 
13361 6173 6840 4540 
13362 6689 7286 5392 
13363 4847 4848 4846 
13364 4549 4550 4548 
13365 4992 6827 4991 
13366 5859 7017 5851 
13367 5853 7048 5858 
13368 4098 4142 4126 
13369 3660 7059 384 
13370 127 7038 126 
13371 3700 7357 5259 
13372 6357 6820 6354 
13373 3804 7770 3803 
13374 3862 7440 6709 
13375 6877 7492 4390 
13376 6536 7323 6537 
13377 5417 5419 5418 
13378 5264 6250 6249 
13379 6306 6819 5543 
13380 2890 7062 604 
13381 592 7063 593 
13382 4720 7694 4726 
13383 4177 6831 6125 
13384 5640 5792 5475 
13385 4224 4226 4225 
13386 5024 6481 5022 
13387 3735 7066 6180 
13388 4156 6829 6187 
13389 4597 7254 6790 
13390 2575 7040 2820 
13391 4403 7081 5011 
13392 6460 6924 3407 
13393 4945 4946 4944 
13394 6371 6600 6174 
13395 3031 7274 5927 
13396 2629 7082 2631 
13397 5489 7213 5491 
13398 4129 7668 7420 
13399 60 7111 6676 
13400 2790 6933 6557 
13401 4009 6823 3968 
13402 3597 7074 3599 
13403 4198 7209 6665 
13404 4147 6805 4145 
13405 5620 7084 5622 
13406 5149 7107 6705 
13407 6484 7211 5116 
13408 3881 7774 3239 
13409 5263 5265 5262 
13410 5254 5256 5255 
13411 4493 7556 4480 
13412 4531 4533 4530 
13413 4772 7540 4740 
13414 5516 7317 6476 
13415 3832 7728 3852 
13416 5473 5476 5474 
13417 5021 6814 5017 
13418 5405 6999 4030 
13419 4385 7789 4383 
13420 2793 6060 6059 
13421 5420 7550 5425 
13422 4766 7539 6741 
13423 6279 6810 6278 
13424 5277 7405 5272 
13425 5682 5684 5683 
13426 5606 6597 5605 
13427 6053 6684 5531 
13428 4739 7518 4779 
13429 4655 4656 4654 
13430 4465 4467 4466 
13431 6214 6794 6219 
13432 6840 7363 4542 
13433 5501 7811 6597 
13434 6483 6641 3682 
13435 640 7097 2883 
13436 5516 5519 5517 
13437 3269 6768 3119 
13438 2567 7175 7039 
13439 6882 7234 5658 
13440 6885 7478 4404 
13441 5189 5193 5191 
13442 5465 6804 5624 
13443 4302 4304 4303 
13444 4590 4592 4589 
13445 4880 7525 6931 
13446 6815 7721 3841 
13447 5357 7741 7182 
13448 6348 7064 6335 
13449 4532 6375 6374 
13450 6234 6895 6222 
13451 7205 7206 4249 
13452 5211 7641 5210 
13453 6113 6526 6112 
13454 5464 6800 5465 
13455 5247 6885 5246 
13456 5030 7263 6683 
13457 3844 6910 4775 
13458 5949 7495 3837 
13459 4770 7477 4787 
13460 4701 6874 6233 
13461 5157 6896 5158 
13462 5080 5081 5079 
13463 5347 5349 5348 
13464 6530 7366 6529 
13465 6213 6215 6214 
13466 6058 7648 3341 
13467 5004 6860 5003 
13468 4509 6796 4488 
13469 4488 4507 4489 
13470 2577 2579 2578 
13471 2817 2818 2808 
13472 2808 2809 2792 
13473 4559 4561 4560 
13474 2604 2606 2605 
13475 2605 2812 2811 
13476 2574 2581 2575 
13477 4485 4510 4509 
13478 4899 6748 6737 
13479 483 7109 484 
13480 5939 7110 5940 
13481 4607 4608 4606 
13482 4603 6876 5014 
13483 2960 7740 7162 
13484 6466 7041 3574 
13485 4652 7737 6940 
13486 3247 3874 3841 
13487 6781 7653 4293 
13488 5420 5424 5423 
13489 6060 7504 6059 
13490 4188 4190 4189 
13491 5079 6793 6133 
13492 4773 6834 3845 
13493 2775 7158 6628 
13494 2616 3636 3367 
13495 502 7117 3645 
13496 4562 6813 6608 
13497 5466 5467 5464 
13498 5017 5019 5018 
13499 6911 7299 2909 
13500 4482 6797 6746 
13501 7110 7126 5940 
13502 4530 6791 4532 
13503 6196 7799 3641 
13504 4660 4662 4659 
13505 4611 6522 5221 
13506 5291 5292 5290 
13507 4604 6594 4602 
13508 78 7091 77 
13509 3409 7497 7307 
13510 4589 6790 4591 
13511 5624 5626 5625 
13512 6446 6789 4196 
13513 4714 6859 4718 
13514 3002 7678 7116 
13515 90 6985 6853 
13516 5517 6788 5518 
13517 5717 5719 5718 
13518 4145 4148 4146 
13519 3638 7124 5913 
13520 7261 7842 4951 
13521 7034 7258 5114 
13522 637 7125 2885 
13523 6923 6946 4828 
13524 5910 7805 6235 
13525 6219 6795 6220 
13526 3968 3970 3969 
13527 5940 7126 5941 
13528 5277 5279 5061 
13529 2551 6922 6623 
13530 4978 4985 4984 
13531 7009 7529 4287 
13532 5880 6813 6576 
13533 4838 7623 4837 
13534 3548 7247 6571 
13535 6281 6282 6279 
13536 2964 7037 7036 
13537 3367 6584 2617 
13538 4658 4659 4656 
13539 5233 5235 5234 
13540 5428 5429 5427 
13541 4854 7808 4852 
13542 7450 7835 4007 
13543 3992 7210 6664 
13544 5400 7534 5368 
13545 3974 7703 3976 
13546 5022 6773 5021 
13547 5561 5563 5562 
13548 5475 6771 5473 
13549 6125 6126 6124 
13550 4563 6821 4560 
13551 307 7137 2965 
13552 3200 7575 3198 
13553 4872 4887 4885 
13554 7133 7177 4014 
13555 6452 6453 3320 
13556 61 7111 60 
13557 4405 7468 5250 
13558 3643 7746 7140 
13559 3643 7140 500 
13560 4031 6544 5057 
13561 4935 4936 4934 
13562 7068 7621 7174 
13563 5528 5785 5784 
13564 4718 7804 4720 
13565 5448 7702 5452 
13566 6571 7079 6570 
13567 5543 5545 5544 
13568 5262 6783 5264 
13569 6623 6922 3624 
13570 4210 7659 7348 
13571 6480 7608 7259 
13572 6252 7672 6179 
13573 4060 4981 4980 
13574 4420 7077 6220 
13575 4242 6495 4247 
13576 3121 7667 2838 
13577 7411 7633 3812 
13578 4513 4516 4514 
13579 4703 4705 4704 
13580 6445 7161 6060 
13581 3837 7495 3650 
13582 4572 7516 4573 
13583 4856 7717 4854 
13584 5773 7237 5772 
13585 6354 6355 4147 
13586 4822 4836 4811 
13587 3758 7781 3756 
13588 6115 7150 3617 
13589 6513 7598 6512 
13590 6343 6477 4009 
13591 6858 7038 127 
13592 7247 7729 5857 
13593 7078 7119 7077 
13594 4283 7607 7115 
13595 4052 4056 4055 
13596 5658 7810 6882 
13597 5183 7255 5187 
13598 4453 4455 4454 
13599 4991 4994 4993 
13600 5413 5414 5412 
13601 7025 7716 5174 
13602 4748 7457 6590 
13603 2613 6605 2582 
13604 6654 6929 3554 
13605 5692 7522 5693 
13606 3658 7753 7098 
13607 751 7159 752 
13608 6174 6774 6173 
13609 4684 4686 4685 
13610 3673 7517 6545 
13611 7634 7823 2600 
13612 3535 6948 3326 
13613 4077 6842 4081 
13614 2960 7162 305 
13615 3877 7847 3235 
13616 6588 7446 3403 
13617 4158 6812 4161 
13618 4154 6767 4156 
13619 4064 7514 7197 
13620 6646 7350 4448 
13621 5439 6986 5437 
13622 5550 7780 5548 
13623 875 7168 2600 
13624 4200 7718 4511 
13625 4515 6837 4513 
13626 5206 7454 5237 
13627 6561 6978 2549 
13628 3833 6497 6496 
13629 4797 6983 4799 
13630 4175 6762 4177 
13631 6172 6763 5739 
13632 5505 6770 5640 
13633 6245 6765 5024 
13634 3405 7674 7267 
13635 6129 7311 6128 
13636 2510 6998 6993 
13637 4428 4430 4429 
13638 6617 6715 3721 
13639 4383 7789 4406 
13640 5821 7171 3606 
13641 4070 7759 4066 
13642 4179 6989 4182 
13643 4573 7516 4574 
13644 5105 6741 6740 
13645 6639 6991 2557 
13646 5578 7597 5585 
13647 2900 7672 7019 
13648 6886 7570 4614 
13649 4982 7524 4979 
13650 4787 6538 4770 
13651 4056 4058 4057 
13652 7027 7735 6276 
13653 7352 7707 6855 
13654 4000 7434 6611 
13655 4184 7676 4119 
13656 4049 7132 6372 
13657 7126 7600 6513 
13658 5508 5509 5507 
13659 5538 5540 5539 
13660 5239 6615 4732 
13661 6973 7257 4095 
13662 4039 7835 7194 
13663 6849 6850 3572 
13664 6853 6985 6178 
13665 681 7187 3419 
13666 3797 7670 4623 
13667 5143 6758 5142 
13668 5647 5648 5646 
13669 4789 7477 4770 
13670 4724 4774 4722 
13671 4546 7236 4169 
13672 4023 7107 6963 
13673 5554 6996 5558 
13674 4058 4061 4059 
13675 4572 7723 7516 
13676 6159 6472 4992 
13677 3522 7593 6674 
13678 4394 4395 4393 
13679 5319 7568 6913 
13680 4737 7577 4778 
13681 7082 7675 3542 
13682 7218 7592 7102 
13683 6326 7536 3345 
13684 897 7195 898 
13685 5165 5168 5166 
13686 4540 4542 4541 
13687 6915 7536 4789 
13688 5881 6576 4475 
13689 6638 7296 5095 
13690 4084 6677 4124 
13691 5168 6852 5171 
13692 6546 7006 3536 
13693 4884 7483 7055 
13694 4075 4077 4076 
13695 7228 7749 2885 
13696 2713 7202 2716 
13697 5132 7777 5097 
13698 4268 7458 4256 
13699 5064 7753 6868 
13700 5457 5460 5458 
13701 6247 6764 6244 
13702 4740 4742 4741 
13703 4021 6583 5066 
13704 6438 7203 2782 
13705 5356 6999 5358 
13706 3407 7538 3127 
13707 6647 7376 5900 
13708 4862 4864 4863 
13709 2782 7203 76 
13710 5503 7293 2497 
13711 3269 7813 7470 
13712 5149 7565 7107 
13713 5901 7217 6071 
13714 6063 7160 3030 
13715 3973 7304 3971 
13716 7749 7842 4956 
13717 110 7175 109 
13718 6220 6795 4420 
13719 4695 4697 4696 
13720 5634 5635 5633 
13721 2498 7004 6994 
13722 4061 4067 4062 
13723 4446 7320 6646 
13724 6781 6835 6159 
13725 6662 7248 3044 
13726 3682 6977 6483 
13727 5706 5707 5705 
13728 4697 7816 4263 
13729 5761 7260 5762 
13730 4085 7149 4087 
13731 4833 7533 4816 
13732 6476 7317 5236 
13733 7477 7536 4786 
13734 3964 6929 6654 
13735 5055 5058 5057 
13736 5260 6884 6883 
13737 5307 5309 5308 
13738 6342 6759 6318 
13739 4230 7196 4227 
13740 6907 7520 4818 
13741 4220 7404 4103 
13742 2551 7343 6898 
13743 5708 5725 5710 
13744 6157 6666 6021 
13745 4900 4902 4901 
13746 5877 5880 5879 
13747 7408 7463 3802 
13748 6925 7582 3846 
13749 2931 7317 5516 
13750 6427 7290 4515 
13751 6871 7336 4928 
13752 4103 6973 4221 
13753 386 7232 3662 
13754 2617 6584 2619 
13755 7432 7566 3608 
13756 6207 6756 5167 
13757 5224 5227 5226 
13758 4964 4966 4965 
13759 6901 7832 3108 
13760 5658 7234 2502 
13761 4182 6989 6577 
13762 3660 7800 7059 
13763 135 7158 2775 
13764 3115 7094 3575 
13765 4602 6803 4603 
13766 4606 6799 4611 
13767 5234 7325 5331 
13768 5221 7272 5222 
13769 4893 6738 6737 
13770 106 7199 4 
13771 4826 7139 4842 
13772 6439 7203 6438 
13773 2809 3360 2792 
13774 2577 3091 2579 
13775 2574 3115 2581 
13776 5636 7321 6743 
13777 5147 7565 5149 
13778 2884 7244 635 
13779 7204 7205 4249 
13780 4597 6790 4592 
13781 3406 7300 4886 
13782 6309 7838 4348 
13783 2631 7082 2810 
13784 5125 7679 6473 
13785 6297 6753 4525 
13786 4924 4926 4925 
13787 5747 6754 6237 
13788 5779 6755 5916 
13789 4852 7093 4848 
13790 6047 7247 3548 
13791 4967 7329 6625 
13792 3540 6997 5556 
13793 6952 7611 3660 
13794 4785 4787 4786 
13795 5034 5035 5033 
13796 6344 6501 4721 
13797 4207 4209 4208 
13798 6449 7664 3753 
13799 5003 5006 5005 
13800 4971 4972 4211 
13801 6066 7563 6811 
13802 4504 6578 6577 
13803 4455 4457 4454 
13804 5508 5510 5509 
13805 3684 3686 3685 
13806 6861 6862 4496 
13807 3263 7409 6175 
13808 4542 4543 4541 
13809 5661 5663 5662 
13810 6958 7214 3404 
13811 4936 4938 4934 
13812 4077 4078 4076 
13813 5563 5565 5562 
13814 2523 7464 5930 
13815 6281 6697 6282 
13816 6951 7820 3887 
13817 6777 7513 3721 
13818 5467 7613 6800 
13819 5338 5339 5082 
13820 4069 7723 4575 
13821 5719 5720 5718 
13822 5626 5627 5625 
13823 4966 4969 4965 
13824 6512 7598 2786 
13825 5466 5468 5467 
13826 4924 4927 4926 
13827 6357 7333 4222 
13828 4188 4191 4190 
13829 5034 5036 5035 
13830 4785 4788 4787 
13831 6276 7735 3331 
13832 5663 5665 5662 
13833 3643 7644 7031 
13834 4450 6749 6268 
13835 5323 6750 6363 
13836 4742 4744 4743 
13837 5318 7828 6810 
13838 5857 7729 5856 
13839 4312 7224 7197 
13840 6571 7247 7079 
13841 5347 5351 5349 
13842 5080 5082 5081 
13843 5377 7744 7207 
13844 3970 6823 3974 
13845 5855 7401 5857 
13846 6906 6907 5026 
13847 6128 6260 6259 
13848 5620 5622 5621 
13849 4976 4977 4975 
13850 4998 7289 4999 
13851 2787 7003 6565 
13852 6414 7773 3863 
13853 6764 6857 4877 
13854 5011 7081 5010 
13855 5159 6490 5157 
13856 5014 5015 4701 
13857 4304 4306 4303 
13858 4590 4593 4592 
13859 4714 4715 4713 
13860 4507 6796 4468 
13861 3756 7781 3866 
13862 4432 4434 4433 
13863 5612 5615 5614 
13864 4255 7067 6379 
13865 5684 5685 5683 
13866 4977 4978 4975 
13867 6660 7644 3643 
13868 4682 7102 4681 
13869 2610 7488 6914 
13870 5817 7569 6851 
13871 6361 6879 6360 
13872 5035 5037 5033 
13873 3145 7707 7352 
13874 5476 5477 5474 
13875 4544 6613 4035 
13876 6842 7364 4081 
13877 4964 4967 4966 
13878 5227 5228 5226 
13879 6605 7040 2582 
13880 5402 5405 4034 
13881 374 7308 375 
13882 5246 5248 5004 
13883 5601 6873 5602 
13884 5758 6449 5757 
13885 5525 6747 5524 
13886 4731 7496 6615 
13887 5501 6918 5500 
13888 6491 6534 3792 
13889 6504 7423 3990 
13890 5706 5708 5707 
13891 5254 5257 5256 
13892 5263 5266 5265 
13893 3359 7253 6643 
13894 6307 6947 6946 
13895 5634 5636 5635 
13896 5689 7724 6442 
13897 3686 3689 3688 
13898 3416 7307 7204 
13899 6698 6699 5318 
13900 5460 5461 5458 
13901 4712 4714 4713 
13902 4436 6752 4437 
13903 7239 7671 3797 
13904 7021 7393 3834 
13905 7474 7475 5593 
13906 5302 7545 5301 
13907 5168 5169 5166 
13908 6112 7719 4295 
13909 6607 7698 6606 
13910 6804 7613 5387 
13911 4945 4947 4946 
13912 5612 5614 5613 
13913 3802 6744 6742 
13914 5687 5689 5688 
13915 6686 7637 2960 
13916 2960 7637 6990 
13917 6372 7132 6371 
13918 6636 7798 3720 
13919 4289 7614 4272 
13920 4224 4228 4226 
13921 3314 6918 6445 
13922 5177 7461 6307 
13923 4656 7586 4657 
13924 4686 4688 4685 
13925 3111 7742 1 
13926 5417 5421 5419 
13927 6382 7227 4352 
13928 4994 4995 4993 
13929 4453 4456 4455 
13930 3174 6927 6779 
13931 7202 7502 2716 
13932 3887 6722 5549 
13933 4459 6975 4457 
13934 5158 5162 5161 
13935 6233 6875 6234 
13936 3989 7423 6504 
13937 3689 3691 3690 
13938 6186 7227 6382 
13939 4239 7412 4292 
13940 6278 7828 6913 
13941 4317 4318 4316 
13942 5545 5546 5544 
13943 4550 4552 4548 
13944 4847 4849 4848 
13945 4935 4937 4936 
13946 4253 7374 4259 
13947 4834 7152 6634 
13948 3570 7049 3264 
13949 5179 5183 5181 
13950 5561 5564 5563 
13951 5297 7786 2532 
13952 4416 7784 7029 
13953 6109 7428 6108 
13954 5428 5430 5429 
13955 5911 7805 5910 
13956 3418 7596 4693 
13957 6564 7362 3111 
13958 7148 7654 2890 
13959 5379 7043 6475 
13960 4583 7215 6228 
13961 5647 5649 5648 
13962 6970 7732 5667 
13963 4703 4706 4705 
13964 3641 7799 3843 
13965 6961 7382 4016 
13966 4425 4426 4424 
13967 6406 7362 3631 
13968 5240 7028 5241 
13969 7386 7730 6688 
13970 3970 3971 3969 
13971 2815 3632 2816 
13972 6625 7415 3813 
13973 4003 4005 4004 
13974 3816 6789 6446 
13975 5162 5163 5161 
13976 4148 4149 4146 
13977 6340 7437 5052 
13978 2552 7251 37 
13979 4573 4574 4477 
13980 3984 6902 6613 
13981 6892 7407 5703 
13982 4425 4427 4426 
13983 6456 7304 3973 
13984 7116 7678 4674 
13985 3620 7373 3618 
13986 4159 7177 4160 
13987 3845 6834 3724 
13988 5019 5020 5018 
13989 5106 7713 6833 
13990 6222 6895 6224 
13991 7165 7796 4653 
13992 2794 7265 28 
13993 7329 7415 6625 
13994 4190 4192 4189 
13995 6178 7380 3742 
13996 4372 4374 4373 
13997 6878 7392 4434 
13998 6503 7032 4010 
13999 5274 5277 5272 
14000 21 7323 20 
14001 4373 4375 4371 
14002 3608 7566 6967 
14003 4337 7288 7112 
14004 1 7742 74 
14005 5782 6777 5781 
14006 2604 2872 2606 
14007 2817 2819 2818 
14008 2812 2848 2811 
14009 4426 4428 4424 
14010 6213 6216 6215 
14011 3110 7282 111 
14012 5614 7249 5514 
14013 5780 5782 5781 
14014 6106 7455 5459 
14015 4419 7485 6795 
14016 4052 4070 4056 
14017 5283 7622 2534 
14018 5349 5350 5348 
14019 6631 7695 4046 
14020 4658 6912 4666 
14021 4201 7218 4682 
14022 4372 4373 4371 
14023 5444 6986 6954 
14024 6074 7653 5305 
14025 7225 7303 4919 
14026 6511 7010 5373 
14027 5379 5381 4045 
14028 72 7340 71 
14029 6938 6983 4827 
14030 133 7343 132 
14031 4752 7628 4773 
14032 4218 4219 4217 
14033 5434 5440 5436 
14034 5213 6904 5194 
14035 4302 4305 4304 
14036 2908 7705 7063 
14037 5272 7405 3659 
14038 5006 5007 5005 
14039 4612 6799 4608 
14040 6729 6989 4185 
14041 7325 7505 5236 
14042 4565 7033 4559 
14043 5195 6987 6728 
14044 4211 4972 4209 
14045 6491 7341 6457 
14046 4134 7499 4494 
14047 4005 4018 4017 
14048 4407 7476 7398 
14049 26 7306 2560 
14050 5291 5295 5292 
14051 5243 7275 6263 
14052 4489 6607 6606 
14053 4562 7444 4558 
14054 2820 7443 2573 
14055 2811 7442 2603 
14056 140 7445 3259 
14057 7362 7486 3631 
14058 6047 7729 7247 
14059 102 7366 101 
14060 4262 7080 4994 
14061 5145 5150 5147 
14062 4795 4796 4793 
14063 4274 7429 5267 
14064 5366 5367 5364 
14065 332 7430 5604 
14066 2615 7431 2817 
14067 713 7432 3608 
14068 84 7370 83 
14069 2885 7749 6965 
14070 3933 7433 3931 
14071 4865 6769 6480 
14072 7200 7248 4970 
14073 5401 6493 4046 
14074 4438 4440 4439 
14075 6634 7152 4723 
14076 4531 4534 4533 
14077 122 7379 121 
14078 3149 7354 3636 
14079 5409 7437 6340 
14080 6570 7079 2564 
14081 5710 6509 5709 
14082 4256 4257 4254 
14083 4160 6767 4157 
14084 5084 5088 5086 
14085 5256 5258 5255 
14086 7068 7174 5389 
14087 4181 6762 4178 
14088 5741 6763 5744 
14089 5454 7763 5448 
14090 5558 6996 5744 
14091 4353 7635 4351 
14092 5519 6761 5209 
14093 3767 3768 3766 
14094 6674 7178 3248 
14095 6974 7601 4399 
14096 6768 7469 6584 
14097 5648 5650 5646 
14098 5101 5102 5100 
14099 5494 7771 5499 
14100 4839 7767 4841 
14101 6923 7697 4808 
14102 3361 6541 6454 
14103 4561 4570 4564 
14104 5527 5528 5526 
14105 5483 5486 5485 
14106 2513 7535 6275 
14107 7573 7634 5596 
14108 4197 7592 4196 
14109 6498 7462 3647 
14110 5514 7249 3818 
14111 4946 4948 4944 
14112 5673 7627 3340 
14113 3636 6455 3367 
14114 6198 7678 3002 
14115 5235 7454 7425 
14116 6926 7501 51 
14117 7191 7427 5122 
14118 4369 7626 2508 
14119 5111 5115 5114 
14120 4278 6921 4288 
14121 4136 7018 5227 
14122 4169 4170 4167 
14123 5061 5066 5059 
14124 3344 7503 6622 
14125 4041 7363 6840 
14126 4226 4227 4225 
14127 4266 7751 4294 
14128 4505 7007 4116 
14129 5206 7709 7425 
14130 5485 5487 5484 
14131 5192 5198 5197 
14132 5380 7043 5378 
14133 5440 7279 5442 
14134 5470 6787 5386 
14135 6276 7793 7027 
14136 4705 4708 4704 
14137 4516 4517 4514 
14138 4100 7827 4104 
14139 5419 5420 5418 
14140 4332 4333 4329 
14141 4882 7291 6967 
14142 5516 6476 5519 
14143 3631 7486 6062 
14144 3989 6504 6503 
14145 4445 7358 4008 
14146 4104 4105 4100 
14147 576 7490 577 
14148 5664 7732 5424 
14149 5382 5383 5381 
14150 5086 5087 5085 
14151 4402 7447 6895 
14152 6861 7706 4497 
14153 3770 3771 3768 
14154 2799 7495 5949 
14155 4136 6677 4088 
14156 5384 5388 5383 
14157 6919 7230 2585 
14158 4236 4238 4237 
14159 4549 4551 4550 
14160 6545 7517 2562 
14161 2716 7502 2718 
14162 4917 7808 4874 
14163 3633 7696 5765 
14164 5120 7332 5121 
14165 48 7440 47 
14166 5181 5182 5180 
14167 3725 7708 3677 
14168 4562 6821 6813 
14169 6959 7369 3128 
14170 4689 7640 7141 
14171 4873 7089 6610 
14172 2548 7394 43 
14173 4155 4158 4157 
14174 4794 4797 4795 
14175 5147 5148 5146 
14176 4879 7303 7302 
14177 7425 7688 5204 
14178 5135 5136 5094 
14179 4233 4236 4235 
14180 6379 7067 6341 
14181 6590 7457 5316 
14182 5741 5742 5740 
14183 4176 4179 4178 
14184 5198 5200 5199 
14185 7020 7370 84 
14186 4238 4240 4239 
14187 5387 7136 5626 
14188 6930 7807 4777 
14189 3772 3773 3771 
14190 6459 7200 4211 
14191 6850 7402 3572 
14192 3661 7182 7022 
14193 6546 7274 7006 
14194 6328 7685 3994 
14195 4182 6578 4501 
14196 6356 6973 4117 
14197 5076 7541 5077 
14198 3240 7776 7470 
14199 4754 6700 6699 
14200 2549 7413 3 
14201 5649 7375 6817 
14202 5368 5369 5367 
14203 2701 7549 2703 
14204 5436 5437 5435 
14205 5689 6442 5688 
14206 4907 7724 4908 
14207 5404 7772 7232 
14208 7206 7472 4912 
14209 4584 4586 4585 
14210 5370 5371 5369 
14211 5174 7716 5170 
14212 6069 7576 3046 
14213 5499 7771 5492 
14214 5446 7763 5454 
14215 5333 7226 6937 
14216 4276 7599 6921 
14217 758 7560 3330 
14218 4841 7767 4804 
14219 2541 7561 6665 
14220 4634 4635 4632 
14221 5273 5275 5274 
14222 4240 4242 4241 
14223 4855 6839 4858 
14224 4878 7699 7525 
14225 3985 7423 6591 
14226 4366 7058 4012 
14227 4776 7630 4731 
14228 5027 7314 4833 
14229 4981 4982 4980 
14230 5386 7660 5469 
14231 7005 7264 2889 
14232 4621 4624 4623 
14233 3118 7095 3596 
14234 4307 7224 4312 
14235 29 7436 2794 
14236 3836 7791 3745 
14237 6953 7252 5729 
14238 2601 7584 6580 
14239 7251 7696 3843 
14240 5675 7650 6515 
14241 5026 7314 5027 
14242 3572 7847 3877 
14243 2560 7217 6568 
14244 51 7501 50 
14245 5292 5293 5290 
14246 6739 7556 4133 
14247 396 7588 397 
14248 6866 7456 4141 
14249 2611 7157 6964 
14250 5388 6637 5385 
14251 7136 7819 6475 
14252 7052 7846 5590 
14253 3653 7131 6581 
14254 6588 7701 3382 
14255 4334 4335 4333 
14256 3651 7822 3669 
14257 4368 7609 6464 
14258 4242 4244 4243 
14259 5650 6974 5215 
14260 7368 7731 3646 
14261 5212 7002 6955 
14262 5222 7570 6324 
14263 2558 7380 6985 
14264 867 7612 868 
14265 4117 7683 6356 
14266 6817 7375 5007 
14267 5520 7617 3637 
14268 4500 6578 4504 
14269 4880 6814 6773 
14270 4472 4474 4473 
14271 6542 6584 3367 
14272 3414 3415 3413 
14273 2631 2632 2630 
14274 3207 3208 3206 
14275 4827 6983 4797 
14276 5437 6986 5444 
14277 6001 7636 6000 
14278 4259 6671 4232 
14279 5182 6987 5195 
14280 4185 6989 4179 
14281 4887 7473 6958 
14282 4196 6789 4197 
14283 6039 7305 6106 
14284 5815 7645 5816 
14285 7397 7795 3523 
14286 2598 7757 6120 
14287 4714 4718 4716 
14288 4106 4107 4105 
14289 4113 7531 6621 
14290 6268 7334 6267 
14291 6490 6801 3817 
14292 5339 5341 5340 
14293 5176 7287 5177 
14294 5237 7454 5233 
14295 4258 4269 4257 
14296 3997 7221 7058 
14297 6465 7628 4752 
14298 4607 4609 4608 
14299 5126 6836 5127 
14300 6168 7753 3658 
14301 5746 7327 5747 
14302 4995 7080 4261 
14303 6884 7520 4832 
14304 4267 7510 4252 
14305 5539 7278 5541 
14306 589 7673 590 
14307 3605 7831 5933 
14308 710 7674 3405 
14309 5532 7726 5533 
14310 7720 7828 5318 
14311 16 7567 15 
14312 5363 7695 5355 
14313 5200 5202 5201 
14314 2600 7823 6618 
14315 4981 7843 4059 
14316 5846 7682 5849 
14317 3675 3677 3676 
14318 4356 7421 4344 
14319 73 7498 2568 
14320 5527 6747 6617 
14321 4840 6938 6937 
14322 5202 5205 5203 
14323 4893 4894 4892 
14324 3115 7243 7094 
14325 4401 6803 6594 
14326 6014 7241 6009 
14327 6009 7242 6050 
14328 5772 7243 5774 
14329 5168 5171 5170 
14330 7027 7793 5140 
14331 6601 7185 4814 
14332 5343 7764 5509 
14333 4195 4196 4193 
14334 6292 7315 6242 
14335 5208 7593 5443 
14336 3220 7729 6047 
14337 6316 7364 4101 
14338 3646 7731 486 
14339 7097 7261 2883 
14340 6679 7845 6109 
14341 7398 7761 4407 
14342 3804 3807 3806 
14343 4108 4109 4107 
14344 5169 7526 5173 
14345 6459 7248 7200 
14346 7094 7095 3575 
14347 4442 6752 4439 
14348 5115 5118 5117 
14349 6475 7819 5379 
14350 7408 7481 3763 
14351 5118 5120 5119 
14352 4415 4417 4414 
14353 6490 7377 6801 
14354 7316 7331 5037 
14355 7654 7792 4622 
14356 6097 7255 6304 
14357 3849 7785 3543 
14358 3601 7274 6546 
14359 6953 6954 5453 
14360 3125 7814 3126 
14361 4035 4546 4545 
14362 3667 7821 3668 
14363 4492 4493 4480 
14364 5576 5577 5575 
14365 4734 7630 7064 
14366 3333 7793 6276 
14367 5137 5139 5136 
14368 5709 6905 5707 
14369 3403 6727 6436 
14370 5598 7634 7168 
14371 41 7537 2778 
14372 4110 4111 4109 
14373 7065 7066 3735 
14374 5046 7665 5067 
14375 6610 7089 4909 
14376 3970 3974 3972 
14377 35 7548 2777 
14378 4591 7254 6368 
14379 4384 4385 4383 
14380 3774 7738 6478 
14381 4282 7607 4280 
14382 4077 4081 4079 
14383 4571 7803 6576 
14384 5093 6652 5091 
14385 2619 2620 2618 
14386 3195 3196 3194 
14387 3113 6979 6855 
14388 4779 7518 4737 
14389 5578 5579 5577 
14390 3523 7795 3886 
14391 4910 7347 4912 
14392 4805 4815 4814 
14393 4310 4311 4309 
14394 3744 7791 3836 
14395 4259 7374 3834 
14396 3705 7183 6897 
14397 4502 7388 4110 
14398 4112 4113 4111 
14399 2890 7654 7062 
14400 3341 7648 6950 
14401 3825 6449 5758 
14402 5574 5575 5573 
14403 4263 7458 6552 
14404 4574 7788 4479 
14405 7276 7694 4720 
14406 5372 5377 5371 
14407 4836 6897 4837 
14408 3541 7449 5743 
14409 4087 4089 4088 
14410 4610 4612 4608 
14411 4267 6526 6113 
14412 4755 4756 4753 
14413 4002 7835 7450 
14414 5572 5573 5570 
14415 3656 7754 7553 
14416 4295 7719 4234 
14417 4636 4637 4635 
14418 6776 7201 6778 
14419 2786 7598 116 
14420 6809 7396 4053 
14421 4159 4160 4157 
14422 4180 4181 4178 
14423 5741 5744 5743 
14424 114 7600 2563 
14425 5039 5041 5040 
14426 7078 7485 4418 
14427 6664 7210 5038 
14428 7301 7302 5257 
14429 3677 3679 3678 
14430 4336 7313 4335 
14431 5857 7401 7079 
14432 6600 7132 6775 
14433 4706 7338 6886 
14434 6208 6757 6756 
14435 5152 7106 5278 
14436 4913 7840 4904 
14437 3714 3715 3708 
14438 6378 7301 6377 
14439 4905 4916 4903 
14440 4114 4115 4113 
14441 3679 3681 3680 
14442 4853 4854 4852 
14443 4089 4096 4091 
14444 4921 7225 5139 
14445 6320 6612 4723 
14446 125 7809 124 
14447 4666 7672 6252 
14448 6802 7713 5112 
14449 3642 7759 4070 
14450 6491 7390 5163 
14451 4413 4414 4411 
14452 4386 4387 4385 
14453 4427 7390 6491 
14454 6638 7777 2507 
14455 7183 7184 3718 
14456 4072 7304 4073 
14457 6339 7377 5159 
14458 6778 7201 5566 
14459 7259 7608 4873 
14460 3670 6893 4493 
14461 4096 4126 4097 
14462 4080 7422 4130 
14463 3121 6768 6542 
14464 4718 4720 4719 
14465 4126 4142 4139 
14466 5948 7509 5945 
14467 5402 7179 5403 
14468 3807 3809 3808 
14469 5425 5664 5424 
14470 4639 7778 6527 
14471 4011 4051 4013 
14472 4778 7577 4734 
14473 4470 4471 4469 
14474 5622 6850 6849 
14475 4594 4597 4592 
14476 4835 7482 4820 
14477 6375 7121 4941 
14478 3332 7258 7034 
14479 4761 7395 5131 
14480 6458 6791 4533 
14481 6871 7319 6870 
14482 6689 7602 5890 
14483 5121 7332 5124 
14484 4887 6958 6854 
14485 3976 3980 3979 
14486 2852 3271 3124 
14487 3119 3121 2838 
14488 4546 6902 4016 
14489 6471 7798 4810 
14490 3809 3814 3810 
14491 5193 5212 5191 
14492 4463 6975 6862 
14493 5450 6951 6819 
14494 5041 5043 5042 
14495 4262 6827 6472 
14496 5362 7741 7611 
14497 6809 6838 4007 
14498 4927 6871 4928 
14499 4270 7114 4269 
14500 4338 7833 7462 
14501 6619 6708 3813 
14502 4126 4139 4127 
14503 6375 6791 6458 
14504 5872 7256 6119 
14505 6486 7032 3385 
14506 4313 7746 7031 
14507 4511 7718 7356 
14508 4720 4726 4724 
14509 3401 7604 6920 
14510 4387 6894 4389 
14511 4495 7824 4134 
14512 6897 7383 3705 
14513 5695 7310 5682 
14514 4613 7852 7239 
14515 5527 6617 5529 
14516 6495 6497 4247 
14517 5062 7471 5407 
14518 4850 4852 4848 
14519 4987 7655 4988 
14520 4457 6975 4463 
14521 3814 3820 3815 
14522 4855 4856 4854 
14523 6418 7371 6346 
14524 3206 6540 3204 
14525 6741 7539 4759 
14526 5947 7666 5211 
14527 6250 7403 6743 
14528 3974 3976 3975 
14529 2780 7376 6647 
14530 2775 7829 134 
14531 7139 7623 4838 
14532 4073 7304 6456 
14533 3980 3986 3985 
14534 4441 4442 4439 
14535 4757 4758 4756 
14536 4857 4859 4856 
14537 3149 7095 3118 
14538 7335 7601 6817 
14539 4810 7798 4822 
14540 6742 7408 3802 
14541 5549 5550 5548 
14542 3682 6641 3678 
14543 3820 3823 3821 
14544 4002 7439 7194 
14545 6890 7604 3401 
14546 4067 6436 4068 
14547 3724 3889 3715 
14548 3108 7832 6571 
14549 6941 6942 4640 
14550 3746 7061 3832 
14551 3805 7616 6462 
14552 5580 5587 5579 
14553 6445 7016 3314 
14554 4474 4477 4476 
14555 7169 7786 4288 
14556 3757 3758 3756 
14557 4133 6936 6739 
14558 4759 4764 4758 
14559 3640 7776 3240 
14560 4941 7121 4940 
14561 3211 7754 3656 
14562 7327 7328 3882 
14563 4970 7248 6662 
14564 3986 3991 3990 
14565 5945 7145 6086 
14566 3816 7607 4282 
14567 4613 7768 3798 
14568 3670 6891 3576 
14569 6061 7016 6445 
14570 7402 7847 3572 
14571 4192 7218 4201 
14572 4765 4768 4764 
14573 4980 4982 4979 
14574 5873 7318 5871 
14575 4051 4070 4052 
14576 6324 7338 6325 
14577 4527 7105 4266 
14578 5551 7740 6990 
14579 5313 5314 5311 
14580 6574 7376 2780 
14581 4093 4094 4086 
14582 6683 7263 2504 
14583 5438 5439 5437 
14584 6478 7737 4652 
14585 4408 7755 4382 
14586 4179 4182 4180 
14587 3761 7481 7014 
14588 4158 4161 4159 
14589 6249 7321 6251 
14590 7014 7015 3761 
14591 6474 6900 3687 
14592 4551 4554 4553 
14593 4797 4799 4798 
14594 6359 7359 5672 
14595 3802 7309 6744 
14596 3759 3760 3758 
14597 7104 7579 4629 
14598 4609 4615 4610 
14599 3233 3234 3120 
14600 4088 7663 4136 
14601 5089 5090 5087 
14602 6544 7479 5057 
14603 2875 6482 2873 
14604 4229 4230 4227 
14605 6644 6645 3328 
14606 5376 7818 7619 
14607 4855 4858 4857 
14608 5370 7534 5392 
14609 6489 7476 7229 
14610 4638 4667 4637 
14611 3258 3264 3257 
14612 4801 7662 4800 
14613 4763 6751 6750 
14614 2620 7061 3298 
14615 7039 7175 5911 
14616 5486 5489 5488 
14617 4326 7386 4065 
14618 6801 7377 5293 
14619 2517 7493 7191 
14620 5874 7585 7053 
14621 3720 7798 6471 
14622 6846 7076 4470 
14623 5294 6801 5293 
14624 7141 7465 4123 
14625 4440 4443 4441 
14626 6242 7329 6331 
14627 6313 7330 4687 
14628 6608 7444 4562 
14629 6602 7442 2811 
14630 6603 7443 2820 
14631 3259 7445 6606 
14632 4305 4323 4307 
14633 7267 7522 4913 
14634 6847 6905 5591 
14635 6598 7724 5689 
14636 5352 5356 5350 
14637 5518 7666 5947 
14638 7395 7854 5131 
14639 4232 6671 4233 
14640 5250 7468 5247 
14641 2872 2874 2873 
14642 5006 6860 6818 
14643 4220 4221 4219 
14644 7470 7813 3240 
14645 7475 7488 2610 
14646 4872 4885 4871 
14647 4880 6931 6814 
14648 3974 6823 6477 
14649 4880 6773 6481 
14650 3972 3973 3971 
14651 4020 6969 4018 
14652 7191 7493 7427 
14653 5069 7331 5070 
14654 7388 7790 4112 
14655 4988 7655 4646 
14656 4937 4940 4939 
14657 4994 7080 4995 
14658 6205 7375 6315 
14659 6479 6769 4876 
14660 5953 7442 6602 
14661 3568 7443 6603 
14662 5876 7444 6608 
14663 6606 7445 4487 
14664 6965 7749 4956 
14665 5185 5189 5188 
14666 5111 5130 5115 
14667 2622 7061 2620 
14668 3813 6626 6625 
14669 5140 7793 7649 
14670 3237 3238 3236 
14671 4545 7722 4035 
14672 5183 5187 5184 
14673 2778 7537 7074 
14674 4118 7790 7388 
14675 6478 6982 3774 
14676 4849 4851 4850 
14677 3235 3236 3234 
14678 3198 6848 3196 
14679 6818 6860 5248 
14680 7207 7744 4045 
14681 5442 7491 5441 
14682 5170 5172 5169 
14683 4322 4363 4360 
14684 4406 7789 7647 
14685 4732 7028 5240 
14686 4536 6458 4533 
14687 6334 7618 5001 
14688 5636 6743 6742 
14689 5708 5710 5709 
14690 4902 4904 4903 
14691 6825 6826 5091 
14692 5192 5219 5198 
14693 6594 6668 4401 
14694 4947 4950 4949 
14695 4967 6625 4968 
14696 4421 7119 7078 
14697 7024 7594 2630 
14698 7212 7213 5498 
14699 6808 7120 7024 
14700 4160 6829 6767 
14701 3239 3241 3238 
14702 4462 4490 4459 
14703 4082 4084 4080 
14704 4181 6831 6762 
14705 4376 4377 4375 
14706 6600 6775 4041 
14707 6776 6778 3717 
14708 4494 7499 4114 
14709 4420 7078 7077 
14710 3571 7402 6850 
14711 4650 7841 7165 
14712 4969 7200 4970 
14713 3680 3682 3678 
14714 4716 4717 4715 
14715 3988 7690 6961 
14716 4585 7216 7215 
14717 4766 6826 6825 
14718 4762 7025 5174 
14719 3980 7557 7246 
14720 6657 7223 3846 
14721 5127 7521 5300 
14722 4191 4194 4193 
14723 5171 6852 6756 
14724 3242 3243 3241 
14725 7400 7522 5692 
14726 5315 5316 5314 
14727 4598 7550 7435 
14728 5880 6576 5881 
14729 4448 7035 4447 
14730 4461 4464 4460 
14731 4708 7372 7371 
14732 4460 7007 4462 
14733 4816 7391 5029 
14734 6866 7367 4127 
14735 7134 7429 4274 
14736 4916 7608 4897 
14737 6061 6445 6060 
14738 5067 7665 5044 
14739 5618 7351 5617 
14740 4378 4379 4377 
14741 4098 7527 4143 
14742 5489 5491 5490 
14743 3269 7470 7469 
14744 6808 7024 6730 
14745 5540 7279 7278 
14746 6633 7645 2786 
14747 4500 6579 6578 
14748 4458 4459 4457 
14749 4799 4802 4801 
14750 3244 3245 3243 
14751 5441 5445 5439 
14752 4724 4775 4774 
14753 4904 4906 4905 
14754 5510 5512 5511 
14755 3866 7781 6772 
14756 4079 4080 4078 
14757 4930 7319 4929 
14758 4491 4499 4498 
14759 4377 7337 4403 
14760 7068 7231 5490 
14761 4800 4806 4803 
14762 5227 7018 5228 
14763 3361 6454 6453 
14764 3990 6966 6504 
14765 4273 7614 4289 
14766 2907 7579 7104 
14767 4182 4501 4183 
14768 4791 7322 4790 
14769 6580 7584 3674 
14770 4252 4253 4251 
14771 4810 4822 4811 
14772 6539 6540 3656 
14773 6945 7788 4068 
14774 4911 6610 4909 
14775 4380 7755 4408 
14776 3696 7542 5595 
14777 5364 5401 5363 
14778 5300 7521 5299 
14779 3246 3247 3245 
14780 3403 7446 6920 
14781 4927 7319 6871 
14782 5072 7851 6719 
14783 2562 7517 6572 
14784 4806 4810 4807 
14785 4663 7219 4662 
14786 4054 7386 6688 
14787 5362 7611 6952 
14788 4961 6543 3811 
14789 7181 7656 4842 
14790 6493 6494 4046 
14791 3522 7397 5451 
14792 4561 4563 4560 
14793 2579 2580 2578 
14794 2581 2582 2575 
14795 7503 7530 5313 
14796 4555 4568 4556 
14797 6608 6813 5880 
14798 4116 7416 4505 
14799 5529 7108 3719 
14800 4234 4251 4231 
14801 4718 6859 6501 
14802 5659 7810 5658 
14803 4042 7385 4037 
14804 4673 7165 7164 
14805 3248 3249 3247 
14806 6848 7621 7414 
14807 4746 4747 4744 
14808 5354 5363 5353 
14809 6622 7503 5312 
14810 3788 3794 3793 
14811 5189 5191 5190 
14812 2809 6541 3361 
14813 7060 7662 4801 
14814 5130 6740 4761 
14815 4095 4099 4094 
14816 6898 7343 3858 
14817 5670 7691 6301 
14818 4465 4466 4464 
14819 3250 3251 3249 
14820 6455 7354 3321 
14821 5191 5219 5192 
14822 6811 7563 3107 
14823 4038 7121 6458 
14824 3107 7563 6556 
14825 7098 7725 5054 
14826 4499 6579 4500 
14827 4862 4863 4861 
14828 4682 7218 7102 
14829 4462 7007 4505 
14830 6756 6757 5171 
14831 3749 7758 6165 
14832 4041 6774 6600 
14833 2559 7569 6563 
14834 5234 7505 7325 
14835 5110 5130 5111 
14836 6606 7698 3259 
14837 4024 4028 4022 
14838 3723 7605 6488 
14839 4248 6496 6495 
14840 3252 3253 3251 
14841 3801 7403 6822 
14842 4294 7751 4265 
14843 2818 7667 7166 
14844 6807 7129 3790 
14845 6617 6747 6715 
14846 6446 7633 7399 
14847 5391 7704 7620 
14848 4354 7133 4353 
14849 6961 7715 7382 
14850 4043 6494 6493 
14851 4115 7531 4113 
14852 3697 3698 3691 
14853 4053 6838 6809 
14854 4630 4631 4628 
14855 3321 7354 3632 
14856 4140 6682 6681 
14857 6656 6657 4743 
14858 4100 7420 4099 
14859 6508 6752 4442 
14860 3254 3255 3253 
14861 3977 3981 3978 
14862 4477 4479 4478 
14863 6480 7259 4865 
14864 5777 7390 6283 
14865 3783 3796 3786 
14866 5879 6746 5878 
14867 6746 6797 4486 
14868 4507 7643 7147 
14869 5006 6818 6816 
14870 5685 7155 5687 
14871 6972 7738 3774 
14872 2621 2622 2620 
14873 3197 3198 3196 
14874 5498 7213 5489 
14875 6942 6943 3790 
14876 4686 7640 4689 
14877 4097 7367 4422 
14878 3271 3654 3434 
14879 3368 7324 7297 
14880 3256 3257 3255 
14881 7425 7454 5206 
14882 4290 7429 7134 
14883 5507 7764 6845 
14884 6887 7269 7268 
14885 5591 7846 6847 
14886 4753 6465 4752 
14887 3828 7030 3872 
14888 3872 7030 3736 
14889 4771 6957 4922 
14890 6215 7760 6794 
14891 7649 7793 3333 
14892 3852 7728 7042 
14893 4652 7801 6478 
14894 4564 6916 4575 
14895 7516 7723 4069 
14896 6446 7399 3816 
14897 7062 7654 4622 
14898 5001 7618 6615 
14899 4131 4132 4115 
14900 3875 7160 3616 
14901 4047 6506 4017 
14902 4805 7767 7603 
14903 4828 7467 7245 
14904 5816 7645 6633 
14905 5077 7541 7273 
14906 7273 7541 3879 
14907 6677 7392 4124 
14908 5591 6905 6582 
14909 3794 3803 3795 
14910 5531 7839 5886 
14911 3803 6435 3804 
14912 3777 3780 3779 
14913 6728 7050 5733 
14914 7245 7697 6923 
14915 6436 6945 4068 
14916 4852 7808 4917 
14917 6506 7553 3371 
14918 5102 5105 5104 
14919 4748 4749 4747 
14920 5278 6704 5275 
14921 4330 7825 4325 
14922 6481 7815 4880 
14923 5421 7550 5419 
14924 3983 3987 3984 
14925 5881 7012 4482 
14926 3385 7032 6503 
14927 3981 3983 3982 
14928 4029 4037 4028 
14929 6522 6799 4612 
14930 3804 6435 3807 
14931 4170 6586 4172 
14932 7216 7557 3976 
14933 6602 7848 5773 
14934 3789 6972 6941 
14935 6954 6986 5453 
14936 4901 6748 4899 
14937 4485 6797 4510 
14938 4840 6983 6938 
14939 5690 7155 5685 
14940 3812 7632 6935 
14941 4750 4752 4749 
14942 4475 7012 5881 
14943 6544 6988 5050 
14944 3699 3707 3698 
14945 5533 7726 7680 
14946 7425 7709 5201 
14947 3987 3996 3988 
14948 6883 6884 4832 
14949 6862 6975 4496 
14950 3264 7049 3257 
14951 3790 7578 6807 
14952 2819 2839 2838 
14953 2852 3118 2848 
14954 6985 7380 6178 
14955 6776 6777 5782 
14956 3781 6808 6730 
14957 7214 7497 3409 
14958 5107 5110 5109 
14959 3773 3781 3775 
14960 6023 7739 6919 
14961 3688 6474 3685 
14962 3996 4010 3997 
14963 6506 7122 4017 
14964 4044 6667 4042 
14965 4744 6656 4743 
14966 6899 7595 3252 
14967 6643 7253 3258 
14968 7229 7476 4407 
14969 5235 7505 5234 
14970 4010 7032 6485 
14971 6699 6700 4760 
14972 6816 6817 5007 
14973 6931 7525 4879 
14974 6621 7090 4129 
14975 4908 4910 4909 
14976 4090 7527 4098 
14977 7141 7640 4125 
14978 4010 6485 4011 
14979 4083 4086 4085 
14980 4774 6634 4722 
14981 4626 6807 4624 
14982 6800 6804 5465 
14983 6215 6794 6214 
14984 4397 7335 6817 
14985 5059 6583 4031 
14986 5017 6814 5019 
14987 6775 7132 4049 
14988 4533 6791 4530 
14989 4145 6805 4148 
14990 4681 7102 7009 
14991 7293 7619 7294 
14992 5690 7156 7155 
14993 3968 6823 3970 
14994 3691 6695 3690 
14995 4884 7055 6839 
14996 5477 5480 5479 
14997 4566 4572 4571 
14998 4542 7363 4544 
14999 3113 7120 6979 
15000 4181 6832 6831 
15001 6481 6773 5022 
15002 6125 6831 6126 
15003 5792 6771 5475 
15004 7657 7837 3434 
15005 5264 6783 6250 
15006 5543 6819 5545 
15007 4789 7536 7477 
15008 2809 7166 6541 
15009 7427 7493 5129 
15010 6354 6820 6355 
15011 4829 4834 4821 
15012 6695 6903 3690 
15013 4103 7827 7257 
15014 7262 7272 6522 
15015 4488 6796 4507 
15016 2875 6641 6483 
15017 5081 6793 5079 
15018 4991 6827 4994 
15019 5467 6800 5464 
15020 4532 6791 6375 
15021 4592 6790 4589 
15022 5624 6804 5626 
15023 4306 4310 4309 
15024 5519 6788 5517 
15025 5199 7709 5737 
15026 6794 6795 6219 
15027 6774 6840 6173 
15028 4684 6828 4686 
15029 4254 7783 4253 
15030 5443 7593 3522 
15031 6282 6810 6279 
15032 4157 6767 4154 
15033 5473 6771 5476 
15034 6773 6814 5021 
15035 4178 6762 4175 
15036 5739 6763 5741 
15037 6246 6765 6245 
15038 5265 6783 5262 
15039 4407 7761 7188 
15040 6967 7566 4889 
15041 6355 6805 4147 
15042 3985 6591 3979 
15043 4411 6648 4410 
15044 6477 6823 4009 
15045 5355 7752 6999 
15046 5606 7161 6597 
15047 6411 7568 5320 
15048 4308 7644 6660 
15049 5724 6509 5710 
15050 6600 6774 6174 
15051 3887 7507 6722 
15052 3541 7774 7449 
15053 5056 7316 5037 
15054 6767 6829 4156 
15055 6319 6758 5143 
15056 4285 7066 7065 
15057 3781 6730 3828 
15058 6762 6831 4177 
15059 5024 6765 6481 
15060 5640 6770 5792 
15061 6794 7760 4419 
15062 4517 4520 4519 
15063 6591 7423 3989 
15064 4034 7565 7179 
15065 5547 7637 6686 
15066 6730 7024 3050 
15067 7083 7466 5207 
15068 5627 6475 5629 
15069 4597 7435 7254 
15070 5165 6852 5168 
15071 5094 6554 5093 
15072 4570 6916 4564 
15073 5720 5723 5722 
15074 4391 4394 4393 
15075 4819 4824 4817 
15076 4587 7246 4033 
15077 2617 2619 2618 
15078 2816 3195 3194 
15079 2793 6061 6060 
15080 4124 7392 6878 
15081 6618 7823 5588 
15082 6851 7569 2559 
15083 6247 6857 6764 
15084 5457 6843 5460 
15085 6472 6827 4992 
15086 6508 7765 6749 
15087 7112 7368 3646 
15088 6778 6786 3717 
15089 4781 7747 7489 
15090 4540 6840 4542 
15091 6159 6835 6472 
15092 6914 7488 5586 
15093 4075 6842 4077 
15094 7727 7781 3758 
15095 6244 6764 6246 
15096 4875 7208 4863 
15097 7238 7239 3797 
15098 5546 5549 5548 
15099 5707 6847 5705 
15100 6371 7132 6600 
15101 4118 7388 4502 
15102 3540 7544 6722 
15103 5172 6698 6697 
15104 4468 7643 4507 
15105 6897 7183 5724 
15106 7155 7156 4250 
15107 5309 6869 5308 
15108 4740 4741 4738 
15109 4846 7093 7092 
15110 7237 7243 5772 
15111 4054 7834 7386 
15112 5420 5425 5424 
15113 5049 5050 5047 
15114 6157 6849 6666 
15115 4479 4481 4480 
15116 6318 6759 6319 
15117 7680 7726 5502 
15118 6208 6756 6207 
15119 5224 6880 5227 
15120 4479 6945 4481 
15121 6238 7026 3883 
15122 5552 5556 5554 
15123 6756 6852 5167 
15124 7044 7045 4769 
15125 4035 6902 4546 
15126 5241 7028 5244 
15127 4209 4972 4212 
15128 5039 5040 5036 
15129 4427 6491 6457 
15130 4525 6753 4527 
15131 6237 6754 6238 
15132 5916 6755 6715 
15133 4116 7797 4494 
15134 3684 3685 3681 
15135 4585 7215 4583 
15136 6501 6859 4721 
15137 5781 6755 5779 
15138 4926 6857 4925 
15139 4627 7289 7104 
15140 2623 2624 2622 
15141 3199 3200 3198 
15142 4635 7519 4632 
15143 4895 4897 4894 
15144 3596 7095 7094 
15145 6688 7387 4054 
15146 5184 5186 5185 
15147 5163 6534 6491 
15148 6437 7564 4106 
15149 5661 6864 5663 
15150 5097 7777 6638 
15151 6739 7824 4495 
15152 4832 6907 6906 
15153 3823 7173 3833 
15154 4473 4495 4471 
15155 6508 6749 4450 
15156 6363 6750 6364 
15157 6657 7365 4743 
15158 4559 7033 4561 
15159 5323 6869 6750 
15160 5055 5057 5053 
15161 6260 6870 6259 
15162 4976 6872 4977 
15163 4920 6652 6554 
15164 3369 6894 6692 
15165 6832 7676 4184 
15166 5622 6849 5621 
15167 4011 6485 4051 
15168 4730 6925 4726 
15169 4310 7514 4311 
15170 6462 6976 3805 
15171 4432 6878 4434 
15172 5773 7848 7237 
15173 4434 6880 4433 
15174 4396 6548 4395 
15175 6817 7601 5649 
15176 6360 6879 6878 
15177 5244 7276 7275 
15178 6583 7438 4031 
15179 5385 6667 4044 
15180 6665 7561 4202 
15181 5244 7275 5243 
15182 3252 7355 6899 
15183 4231 4232 4229 
15184 4482 7076 6797 
15185 5615 5616 5614 
15186 5524 6747 5527 
15187 5602 6873 6872 
15188 6307 7461 6947 
15189 7293 7294 2497 
15190 4977 4979 4978 
15191 5343 5344 5341 
15192 6715 6747 5525 
15193 5035 5056 5037 
15194 4209 4212 4208 
15195 5339 5340 5082 
15196 4714 4716 4715 
15197 4967 4968 4966 
15198 4003 4004 4001 
15199 5459 7455 6843 
15200 3124 7837 3149 
15201 6542 6768 6584 
15202 4437 6752 6508 
15203 5708 5709 5707 
15204 6855 7707 2626 
15205 5636 6742 5635 
15206 4712 6859 4714 
15207 4439 6752 4436 
15208 4897 6479 4894 
15209 4253 7783 7374 
15210 5460 5462 5461 
15211 4867 4888 4878 
15212 3846 7365 6657 
15213 5353 5355 5352 
15214 4861 4918 4860 
15215 5168 5170 5169 
15216 6790 7254 4591 
15217 7205 7497 3430 
15218 5233 7454 5235 
15219 6464 7609 4331 
15220 4513 6837 4516 
15221 3359 7668 7090 
15222 4130 7422 6879 
15223 4515 7290 6837 
15224 4101 7364 6842 
15225 4686 4689 4688 
15226 4472 4473 4471 
15227 4773 7628 6834 
15228 2809 3361 3360 
15229 4937 4939 4936 
15230 5173 7526 6702 
15231 5588 7823 7573 
15232 6522 7272 5221 
15233 4394 4396 4395 
15234 3999 4006 3991 
15235 4247 4249 4244 
15236 4207 4208 4205 
15237 5391 7619 7293 
15238 3970 3972 3971 
15239 4742 4743 4741 
15240 5663 5666 5665 
15241 6946 6947 4828 
15242 4148 4150 4149 
15243 3764 3767 3766 
15244 6275 7535 7118 
15245 6803 6876 4603 
15246 4608 6799 4606 
15247 4788 6538 4787 
15248 6641 7693 3676 
15249 6788 7666 5518 
15250 4927 4928 4926 
15251 2872 2873 2606 
15252 2819 2838 2818 
15253 2812 2852 2848 
15254 4317 4319 4318 
15255 4843 7697 7245 
15256 6216 6217 6215 
15257 4910 4912 4911 
15258 2839 3120 3119 
15259 3124 3149 3118 
15260 5349 5352 5350 
15261 7047 7345 4767 
15262 5003 6860 5006 
15263 6128 7311 6260 
15264 6619 7616 3805 
15265 4373 4376 4375 
15266 4888 7589 7044 
15267 6684 7839 5531 
15268 4305 4307 4304 
15269 6907 7314 5026 
15270 4611 6799 6522 
15271 6594 6803 4602 
15272 4098 4143 4142 
15273 5682 7310 5684 
15274 5880 5881 5879 
15275 4902 4903 4901 
15276 5110 6740 5130 
15277 2875 7693 6641 
15278 5540 7278 5539 
15279 2625 2626 2624 
15280 3201 3202 3200 
15281 5006 6816 5007 
15282 4083 4085 4082 
15283 5591 6582 5584 
15284 3707 3737 3698 
15285 4534 4536 4533 
15286 4752 4773 4749 
15287 3760 3824 3762 
15288 7188 7761 6427 
15289 6490 6896 5157 
15290 5015 6874 4701 
15291 5587 5595 5579 
15292 5400 7602 6689 
15293 3686 3688 3685 
15294 4037 4048 4028 
15295 4203 6935 4199 
15296 3983 3989 3987 
15297 2582 7040 2575 
15298 4427 6457 4426 
15299 7059 7800 5404 
15300 4016 7382 6586 
15301 5469 7613 5467 
15302 6631 7752 7695 
15303 4883 4884 4851 
15304 5098 5101 5100 
15305 4688 7099 4691 
15306 4226 4229 4227 
15307 5014 6876 5015 
15308 5314 7747 5311 
15309 4077 4079 4078 
15310 4314 4317 4316 
15311 3803 6517 6435 
15312 5360 5405 5402 
15313 7288 7368 7112 
15314 4358 7368 7288 
15315 5246 6885 5248 
15316 7428 7704 5391 
15317 4542 4544 4543 
15318 5294 7606 6801 
15319 4864 4875 4863 
15320 5162 6534 5163 
15321 3050 7131 7130 
15322 4046 7695 5401 
15323 6250 7321 6249 
15324 3689 3690 3688 
15325 4551 4553 4550 
15326 3655 7551 2623 
15327 3365 7552 3199 
15328 4848 7093 4846 
15329 4887 6854 4885 
15330 5248 6860 5004 
15331 4447 7011 4443 
15332 4351 7635 4366 
15333 4158 4159 4157 
15334 6740 6741 4761 
15335 5741 5743 5742 
15336 4179 4180 4178 
15337 5510 5511 5509 
15338 3795 7770 6976 
15339 4245 7347 7346 
15340 4806 6471 4810 
15341 5509 7764 5507 
15342 4687 7330 6828 
15343 4621 4623 4619 
15344 2627 2628 2626 
15345 3203 3204 3202 
15346 6505 6932 3385 
15347 6875 6895 6234 
15348 5158 6896 5162 
15349 6874 6875 6233 
15350 7094 7237 3596 
15351 5070 7331 5073 
15352 5436 5438 5437 
15353 4005 4017 4004 
15354 4953 7842 7749 
15355 4797 4798 4795 
15356 5147 5149 5148 
15357 6835 7710 4292 
15358 4706 6886 4707 
15359 5615 7309 5616 
15360 5747 7327 6754 
15361 5086 5089 5087 
15362 2563 7600 7126 
15363 3792 7341 6491 
15364 4455 4458 4457 
15365 4132 6908 4115 
15366 4469 6863 4467 
15367 5292 5294 5293 
15368 6478 7738 7737 
15369 5101 6780 5102 
15370 4892 6525 4890 
15371 2629 2630 2628 
15372 3205 3206 3204 
15373 4253 4259 4251 
15374 4326 7730 7386 
15375 6478 7801 4657 
15376 3321 3632 2815 
15377 5527 5529 5528 
15378 5486 5488 5485 
15379 7241 7242 6009 
15380 7268 7372 4708 
15381 6757 6836 4762 
15382 5050 7479 6544 
15383 4018 4047 4017 
15384 3253 3542 3251 
15385 4440 4441 4439 
15386 7287 7461 5177 
15387 4570 7033 6649 
15388 4381 4384 4383 
15389 4609 4610 4608 
15390 6822 7014 3801 
15391 6749 7334 6268 
15392 4218 4220 4219 
15393 3675 3676 3635 
15394 5563 5566 5565 
15395 7107 7565 4034 
15396 4241 7850 7412 
15397 4954 6462 4952 
15398 4099 4102 4094 
15399 4087 7149 4090 
15400 7240 7421 4356 
15401 5193 7558 7002 
15402 7555 7680 5502 
15403 6697 6698 6282 
15404 3249 3874 3247 
15405 4805 4814 4802 
15406 3991 6966 3990 
15407 6936 7453 4131 
15408 3767 3770 3768 
15409 5493 5495 5491 
15410 6667 7085 3214 
15411 6847 7846 5713 
15412 5183 5184 5181 
15413 6582 7378 5583 
15414 4856 7460 7336 
15415 3770 3772 3771 
15416 4849 4850 4848 
15417 4403 7337 7081 
15418 4718 4719 4716 
15419 4430 7073 7072 
15420 6996 6997 3541 
15421 7079 7401 2564 
15422 5052 7437 7057 
15423 2629 2631 2630 
15424 3205 3207 3206 
15425 2520 7656 7181 
15426 3772 6808 3773 
15427 7305 7455 6106 
15428 4947 4949 4946 
15429 6480 6769 6479 
15430 5468 5469 5467 
15431 5299 7521 6208 
15432 3243 3362 3241 
15433 2583 2584 2580 
15434 2612 2613 2582 
15435 4564 4566 4563 
15436 7272 7570 5222 
15437 4537 7193 4534 
15438 4195 6446 4196 
15439 4414 6648 4411 
15440 7257 7827 4100 
15441 3990 7423 3985 
15442 7326 7606 3787 
15443 4624 4677 4623 
15444 4191 4193 4190 
15445 3750 3852 3752 
15446 5266 6822 5265 
15447 5082 7056 5081 
15448 6870 7319 4930 
15449 4885 4886 4871 
15450 6216 6551 6217 
15451 3149 7837 7354 
15452 3754 3757 3756 
15453 6955 7002 3426 
15454 6364 7322 4791 
15455 4143 7527 6642 
15456 4402 7448 7447 
15457 3746 3832 3748 
15458 6715 6755 3721 
15459 3238 3240 3236 
15460 5375 5377 5372 
15461 4346 4356 4344 
15462 3678 6641 3676 
15463 5575 6488 5573 
15464 3677 3678 3676 
15465 4593 4594 4592 
15466 4906 7089 4905 
15467 5573 7605 5570 
15468 5565 7201 5568 
15469 4351 4366 4349 
15470 4908 4909 4906 
15471 5041 5042 5040 
15472 6649 7033 4565 
15473 2626 7707 2624 
15474 4275 7114 4270 
15475 4632 7519 4631 
15476 4340 7313 4336 
15477 7433 7742 3111 
15478 5556 6996 5554 
15479 5205 7593 5208 
15480 4802 7060 4801 
15481 4280 7607 4283 
15482 4922 6957 4765 
15483 4138 6642 4102 
15484 5570 7605 5569 
15485 4318 6934 4322 
15486 7015 7727 3761 
15487 6427 7761 7290 
15488 2616 2617 2613 
15489 2815 2816 2584 
15490 6766 7815 6765 
15491 3805 6708 6619 
15492 5491 7068 5490 
15493 5556 6997 6996 
15494 6839 7055 4858 
15495 4647 6940 4645 
15496 4280 4283 4277 
15497 4596 7250 4593 
15498 5367 5401 5364 
15499 2838 7667 2818 
15500 4706 4707 4705 
15501 4764 4767 4758 
15502 4162 7177 4159 
15503 4850 4853 4852 
15504 3889 3892 3715 
15505 5583 5587 5580 
15506 4651 4652 4649 
15507 4474 4476 4473 
15508 4756 6465 4753 
15509 4618 7792 7654 
15510 5159 7377 6490 
15511 2630 7594 2628 
15512 4384 4386 4385 
15513 2619 2621 2620 
15514 3195 3197 3196 
15515 4335 6688 4333 
15516 5118 5131 5120 
15517 6609 7515 5513 
15518 3809 3831 3814 
15519 3976 3979 3975 
15520 5171 5174 5170 
15521 2624 7707 3145 
15522 6652 6825 5091 
15523 3679 3680 3678 
15524 4815 6601 4814 
15525 3271 3434 3124 
15526 6722 7507 3540 
15527 5549 6722 5550 
15528 7449 7774 3881 
15529 6924 7300 3407 
15530 5311 7747 4781 
15531 4853 4855 4854 
15532 4105 7420 4100 
15533 4384 6681 4386 
15534 5148 7285 5152 
15535 6457 7341 3799 
15536 5126 6930 6836 
15537 7118 7535 5395 
15538 3708 7844 3707 
15539 4087 4090 4089 
15540 4236 4248 4238 
15541 7019 7672 4666 
15542 7611 7741 5359 
15543 5212 5219 5191 
15544 6900 7762 3687 
15545 4386 6692 4387 
15546 6275 7118 5351 
15547 3980 3985 3979 
15548 4637 4640 4635 
15549 6958 6959 6854 
15550 2875 6483 6482 
15551 4109 4129 4107 
15552 5202 6841 5205 
15553 4099 4138 4102 
15554 6554 6652 5093 
15555 4242 4247 4244 
15556 5066 6583 5059 
15557 4477 4478 4476 
15558 5424 7732 6970 
15559 4726 4775 4724 
15560 3874 7675 2871 
15561 4269 4271 4257 
15562 4720 4724 4719 
15563 4610 4613 4612 
15564 5626 7136 5627 
15565 2579 2583 2580 
15566 2581 2612 2582 
15567 4561 4564 4563 
15568 5247 7468 6885 
15569 3815 7384 7115 
15570 3669 7822 7502 
15571 4857 4860 4859 
15572 7103 7611 5359 
15573 3986 3990 3985 
15574 7090 7668 4129 
15575 4479 7788 6945 
15576 7282 7805 5911 
15577 6476 6761 5519 
15578 4643 4667 4638 
15579 5449 7820 7702 
15580 6341 7067 4267 
15581 4855 4857 4856 
15582 4194 4195 4193 
15583 6913 7828 5319 
15584 4950 6619 4949 
15585 5136 6554 5094 
15586 3757 3759 3758 
15587 4656 4657 4654 
15588 4908 7724 6598 
15589 4520 6668 4519 
15590 5043 6809 5042 
15591 6643 7324 4143 
15592 3974 3975 3972 
15593 6496 6497 6495 
15594 3369 7271 6894 
15595 4136 7392 6677 
15596 3827 6712 6589 
15597 5438 5441 5439 
15598 4799 4801 4798 
15599 4443 4445 4441 
15600 5089 5091 5090 
15601 5489 5490 5488 
15602 4886 7300 6924 
15603 2616 3367 2617 
15604 4458 4462 4459 
15605 3759 6992 3760 
15606 4037 6539 4048 
15607 5405 6963 4034 
15608 4079 4082 4080 
15609 4182 4183 4180 
15610 4161 4162 4159 
15611 7495 7773 3650 
15612 4564 4575 4566 
15613 2583 2815 2584 
15614 2612 2616 2613 
15615 4501 4502 4183 
15616 5193 7002 5212 
15617 4376 4378 4377 
15618 2874 2875 2873 
15619 6625 6626 4968 
15620 6743 7408 6742 
15621 4940 6611 4939 
15622 7215 7216 4050 
15623 4422 7367 4128 
15624 4399 7601 7335 
15625 4462 4505 4490 
15626 3680 3687 3682 
15627 3203 3205 3204 
15628 2627 2629 2628 
15629 5742 7328 7327 
15630 4904 4905 4903 
15631 6109 7704 7428 
15632 4479 4480 4478 
15633 4378 4409 4379 
15634 5649 7601 5648 
15635 7179 7565 5150 
15636 3197 3199 3198 
15637 2621 2623 2622 
15638 4897 6480 6479 
15639 3654 3727 3434 
15640 3201 3203 3202 
15641 2625 2627 2626 
15642 6784 7811 5502 
15643 6238 6754 3882 
15644 3798 7768 7266 
15645 6621 7531 3355 
15646 2839 3119 2838 
15647 2852 3124 3118 
15648 3718 7378 6582 
15649 3120 3269 3119 
15650 4912 4915 4911 
15651 5476 7163 5477 
15652 4910 4911 4909 
15653 3199 3201 3200 
15654 2623 2625 2624 
15655 6775 7277 3978 
15656 4481 4492 4480 
15657 2532 7786 7169 
15658 5713 7846 7052 
15659 3813 7689 6626 
15660 6890 6891 3670 
15661 4086 7149 4085 
15662 4329 7730 4326 
15663 7315 7329 6242 
15664 4333 7730 4329 
15665 6324 7570 7338 
15666 4612 7262 6522 
15667 4039 7500 7316 
15668 7196 7543 4264 
15669 5266 7013 6822 
15670 2816 7657 3195 
15671 4537 7500 7193 
15672 3794 7638 3803 
15673 3632 7657 2816 
15674 5821 7658 7171 
15675 4747 6656 4744 
15676 7269 7270 3800 
15677 4131 7453 4132 
15678 7168 7634 2600 
15679 7154 7725 5064 
15680 6950 7648 5320 
15681 5256 7733 5258 
15682 5720 7745 5723 
15683 4181 7676 6832 
15684 4913 7522 7400 
15685 4820 7520 6884 
15686 7778 7779 4633 
15687 3269 7469 6768 
15688 7127 7478 4405 
15689 4136 7663 7018 
15690 3406 7538 7300 
15691 4596 7610 7250 
15692 4030 6963 5405 
15693 7044 7589 4860 
15694 3360 7241 6014 
15695 6050 7242 3091 
15696 5774 7243 3115 
15697 5945 7509 7145 
15698 4169 7236 4170 
15699 7029 7784 2917 
15700 7487 7778 4633 
15701 5390 7381 5462 
15702 7153 7718 4200 
15703 2580 7642 2793 
15704 6749 7765 4587 
15705 6854 6959 3406 
15706 5629 7845 6679 
15707 6987 7050 6728 
15708 6789 7686 4197 
15709 7162 7740 5555 
15710 7459 7571 4057 
15711 6355 7683 6805 
15712 3698 6695 3691 
15713 4822 7383 4836 
15714 7140 7746 4320 
15715 7013 7014 6822 
15716 4754 7716 7025 
15717 6719 7851 4537 
15718 5361 7800 7103 
15719 3882 7026 6238 
15720 7406 7507 3887 
15721 4918 7045 7044 
15722 7069 7574 3831 
15723 7239 7768 4613 
15724 6942 6972 3776 
15725 4618 7654 7148 
15726 4507 7147 4489 
15727 3540 7417 6997 
15728 4743 7365 4741 
15729 6908 7295 3355 
15730 4442 7765 6508 
15731 2808 7166 2809 
15732 2818 7166 2808 
15733 2606 7167 2605 
15734 2605 7167 2812 
15735 7002 7558 6549 
15736 6797 7076 4510 
15737 6667 7385 4042 
15738 4877 7292 6766 
15739 7311 7312 6260 
15740 3240 7813 3236 
15741 3843 7799 7548 
15742 4366 7635 7058 
15743 4489 7147 6607 
15744 7468 7478 6885 
15745 5386 7661 7660 
15746 4853 6839 4855 
15747 4628 7129 4626 
15748 7197 7571 4064 
15749 6886 6887 4707 
15750 6368 7254 5421 
15751 3434 7837 3124 
15752 6304 7255 5183 
15753 6895 7447 6224 
15754 6377 7301 5257 
15755 3717 7513 6777 
15756 5541 7278 5440 
15757 5054 7480 7057 
15758 3404 7369 6959 
15759 5724 7183 6509 
15760 6750 6751 6364 
15761 7146 7853 4660 
15762 7113 7822 3651 
15763 6576 7803 4475 
15764 4648 7711 7655 
15765 4796 7287 5176 
15766 6864 7732 5664 
15767 3787 7606 7270 
15768 6807 7578 4677 
15769 3403 6920 6727 
15770 4800 7662 4806 
15771 6119 7256 5468 
15772 4172 7849 6812 
15773 4772 7359 6359 
15774 6876 6877 5015 
15775 6932 7086 3375 
15776 4312 7514 4310 
15777 5042 6867 5040 
15778 7086 7754 3213 
15779 6086 7145 3825 
15780 5258 7658 5821 
15781 7575 7669 6637 
15782 4319 6934 4318 
15783 4728 7804 6501 
15784 6943 7578 3790 
15785 5487 7305 6039 
15786 4018 6969 4047 
15787 7356 7718 4204 
15788 4869 7336 6871 
15789 4161 7382 4162 
15790 5020 7301 6378 
15791 7232 7772 3662 
15792 3727 7657 3434 
15793 3971 7304 4072 
15794 5302 7546 7545 
15795 4160 7177 7133 
15796 3636 7354 6455 
15797 6702 7526 6697 
15798 6937 7226 4840 
15799 4948 7315 6292 
15800 7128 7602 5400 
15801 6783 7403 6250 
15802 6819 6951 5545 
15803 3705 7184 7183 
15804 7031 7775 4313 
15805 4918 7044 4860 
15806 6831 6832 6126 
15807 4286 7529 7009 
15808 4995 7310 5695 
15809 3826 7509 5948 
15810 7250 7610 4184 
15811 7102 7592 4197 
15812 4629 7624 7104 
15813 6988 7396 5050 
15814 5583 7378 5587 
15815 6217 7760 6215 
15816 7378 7782 5587 
15817 7061 7418 3832 
15818 5742 7327 5746 
15819 6452 7242 7241 
15820 6814 6931 5019 
15821 4985 7524 4554 
15822 4322 6934 4363 
15823 5453 7252 6953 
15824 4020 7426 6969 
15825 7063 7705 4639 
15826 7161 7504 6060 
15827 6267 7334 4586 
15828 6882 7810 3725 
15829 4464 7007 4460 
15830 3242 7774 7417 
15831 4889 7566 7100 
15832 7382 7849 6586 
15833 5461 7318 5873 
15834 6772 7781 3791 
15835 5743 7449 7328 
15836 6251 7321 5636 
15837 7290 7647 6837 
15838 6908 7531 4115 
15839 6637 7085 5385 
15840 4953 7749 7228 
15841 5568 7201 6776 
15842 6832 7610 6126 
15843 4272 7802 4697 
15844 6346 7371 5295 
15845 4103 7257 6973 
15846 6331 7329 4967 
15847 5228 7330 6313 
15848 6796 6846 4468 
15849 4826 7623 7139 
15850 7695 7752 5355 
15851 4050 7703 6477 
15852 5102 6780 5105 
15853 5037 7331 5069 
15854 4691 7099 6551 
15855 2793 7642 6061 
15856 6688 7700 7387 
15857 5587 7782 5595 
15858 7472 7473 4915 
15859 3214 7385 6667 
15860 6325 7338 4706 
15861 3772 7120 6808 
15862 5469 7660 7613 
15863 3200 7669 7575 
15864 7470 7776 3655 
15865 4048 7426 4028 
15866 5480 7013 5479 
15867 7365 7581 7580 
15868 7459 7843 4060 
15869 4907 7400 6442 
15870 3404 6959 6958 
15871 4708 7371 6418 
15872 6911 7506 7299 
15873 5622 7084 6850 
15874 7365 7580 4741 
15875 6315 7375 5649 
15876 3202 7669 3200 
15877 7092 7093 4917 
15878 6834 7628 3334 
15879 3368 7297 7008 
15880 3773 6808 3781 
15881 6977 7762 3365 
15882 5617 7351 5615 
15883 3426 7355 6955 
15884 4929 7319 4927 
15885 4978 7524 4985 
15886 2628 7594 3113 
15887 6692 6894 4387 
15888 4916 7812 7608 
15889 7219 7220 4662 
15890 4790 7322 4788 
15891 6578 6579 4501 
15892 4939 7176 4936 
15893 5293 7377 6339 
15894 3604 7046 7045 
15895 7042 7728 3145 
15896 7546 7547 5051 
15897 5665 7691 5670 
15898 6920 7446 3384 
15899 6708 7689 3813 
15900 3737 6695 3698 
15901 4745 7639 6538 
15902 7398 7476 4382 
15903 7316 7835 4039 
15904 5007 7375 6205 
15905 7345 7628 6465 
15906 7090 7253 3359 
15907 7283 7284 3818 
15908 7313 7421 4015 
15909 6990 7780 5551 
15910 3717 6777 6776 
15911 4639 7779 7778 
15912 6841 7587 3427 
15913 7120 7594 7024 
15914 3803 7638 6517 
15915 7058 7221 4012 
15916 4787 7477 4786 
15917 5462 7381 6787 
15918 4331 7609 7101 
15919 4037 7385 6539 
15920 3973 7277 6456 
15921 3256 7324 6643 
15922 4624 6807 4677 
15923 4897 7608 6480 
15924 4099 7420 4138 
15925 4287 7529 7065 
15926 5316 7457 5314 
15927 3344 7530 7503 
15928 4055 7571 7197 
15929 3382 7446 6588 
15930 6456 7277 4049 
15931 4022 7426 4020 
15932 5391 7620 7619 
15933 4204 7718 7153 
15934 6477 7703 3974 
15935 6810 7828 6278 
15936 7185 7186 3720 
15937 7389 7810 5659 
15938 2738 7822 7113 
15939 7371 7372 5295 
15940 3371 7086 6932 
15941 4614 7272 7262 
15942 7094 7243 7237 
15943 5390 7424 7381 
15944 7631 7632 4195 
15945 4017 7122 4004 
15946 5737 7709 5206 
15947 4161 7849 7382 
15948 4202 7561 7356 
15949 4661 7841 7734 
15950 5886 7839 3829 
15951 5020 7302 7301 
15952 6642 7527 4102 
15953 7275 7276 4728 
15954 4162 7715 7177 
15955 4891 7677 7100 
15956 4776 7618 6334 
15957 5053 7479 5049 
15958 3757 7042 3759 
15959 5502 7811 7555 
15960 4291 7599 7134 
15961 5667 7732 6864 
15962 4060 7843 4981 
15963 7018 7663 4125 
15964 7457 7747 5314 
15965 6486 7701 3642 
15966 2552 7696 7251 
15967 4723 7152 6320 
15968 5163 7390 5777 
15969 6320 7152 4829 
15970 4205 7410 4203 
15971 6526 7719 6112 
15972 6283 7390 4427 
15973 6957 7452 4769 
15974 4890 7483 4883 
15975 3371 7754 7086 
15976 6501 7804 4718 
15977 4394 7271 4396 
15978 7469 7470 3655 
15979 4821 7511 4819 
15980 7147 7643 4465 
15981 4948 7415 7315 
15982 4874 7312 7311 
15983 7354 7837 3632 
15984 7702 7820 5450 
15985 3334 7345 7047 
15986 5073 7851 5072 
15987 5550 7544 5552 
15988 6976 7770 3805 
15989 5044 7547 7546 
15990 4726 6925 4775 
15991 4006 6966 3991 
15992 4938 7176 7035 
15993 3365 7762 7552 
15994 5419 7550 5420 
15995 4406 7761 7398 
15996 4952 7616 4950 
15997 7650 7836 6515 
15998 4257 7783 4254 
15999 4626 7129 6807 
16000 5743 7328 5742 
16001 6727 7604 4481 
16002 4806 7662 6471 
16003 7297 7324 3256 
16004 5278 7106 6704 
16005 4640 7519 4635 
16006 7313 7700 4335 
16007 4817 7523 4815 
16008 4480 7556 4478 
16009 4735 7581 4733 
16010 4912 7472 4915 
16011 6841 7178 6674 
16012 3827 7554 7220 
16013 3763 7463 7408 
16014 4015 7421 7240 
16015 3427 7178 6841 
16016 7386 7834 4065 
16017 5497 7455 7305 
16018 3329 7451 7047 
16019 4421 7836 7650 
16020 5590 7508 7138 
16021 3789 7738 6972 
16022 4738 7580 4735 
16023 6442 7724 4907 
16024 7193 7194 4536 
16025 2584 7642 2580 
16026 4199 7631 4194 
16027 3784 7586 7220 
16028 4631 7129 4628 
16029 6999 7752 4030 
16030 3760 6992 3824 
16031 4803 7461 7287 
16032 4859 7589 4867 
16033 4909 7089 4906 
16034 4815 7523 6601 
16035 6637 7669 7085 
16036 7387 7700 4015 
16037 7651 7710 4293 
16038 3110 7805 7282 
16039 4265 7710 7651 
16040 7500 7851 5073 
16041 7115 7384 3822 
16042 6988 7281 4053 
16043 6836 6930 4762 
16044 4001 7615 3999 
16045 4979 7524 4978 
16046 7122 7615 4004 
16047 4814 7060 4802 
16048 5719 7745 5720 
16049 6488 7605 5573 
16050 5616 7249 5614 
16051 5340 7056 5082 
16052 4572 7803 4571 
16053 4642 7506 6911 
16054 5495 7068 5491 
16055 4206 7714 7153 
16056 4537 7851 7500 
16057 4255 7510 7067 
16058 4443 7011 4445 
16059 6109 7845 7704 
16060 4733 7582 4730 
16061 3828 7130 7030 
16062 3791 7727 7015 
16063 7057 7480 5052 
16064 7130 7131 3731 
16065 3696 7782 7184 
16066 7514 7629 4311 
16067 7254 7435 5421 
16068 7551 7776 3640 
16069 7416 7790 4505 
16070 3655 7776 7551 
16071 4496 7706 6861 
16072 7134 7599 4290 
16073 4816 7603 7391 
16074 4829 7152 4834 
16075 7400 7840 4913 
16076 5194 7558 5186 
16077 7220 7554 3784 
16078 7058 7635 4014 
16079 3145 7352 7042 
16080 4689 7099 4688 
16081 4311 7629 4314 
16082 5627 7136 6475 
16083 3430 7472 7206 
16084 7545 7546 5051 
16085 3933 7742 7433 
16086 4911 7712 6610 
16087 5385 7085 6667 
16088 7268 7269 3800 
16089 7737 7738 3789 
16090 7349 7796 4673 
16091 6722 7544 5550 
16092 7620 7704 5380 
16093 3822 7384 7021 
16094 5566 7201 5565 
16095 5152 7285 7106 
16096 4619 7670 4617 
16097 4860 7589 4859 
16098 4019 7281 6988 
16099 5055 7725 7154 
16100 5120 7854 7332 
16101 4617 7671 4615 
16102 3635 7693 2874 
16103 6919 7739 3878 
16104 6766 7292 4868 
16105 3325 7817 7295 
16106 4405 7478 7468 
16107 5450 7820 6951 
16108 2622 7418 7061 
16109 5477 7163 5480 
16110 6688 7730 4333 
16111 2799 7773 7495 
16112 3827 7220 7219 
16113 4905 7812 4916 
16114 5548 7780 6990 
16115 3827 7219 6712 
16116 6551 7099 4123 
16117 4195 7632 6446 
16118 4819 7511 4824 
16119 4335 7700 6688 
16120 5188 7050 6987 
16121 3362 7721 3640 
16122 4192 7592 7218 
16123 4061 7756 4066 
16124 6730 7130 3828 
16125 4534 7193 4536 
16126 6765 7815 6481 
16127 4309 7775 7031 
16128 4170 7236 6586 
16129 7128 7687 5397 
16130 3375 7701 6486 
16131 2623 7551 2625 
16132 3199 7552 3201 
16133 4593 7250 4594 
16134 3812 7633 7632 
16135 4184 7610 6832 
16136 5378 7744 5375 
16137 6872 6873 4364 
16138 5049 7479 5050 
16139 4950 7616 6619 
16140 7391 7603 4839 
16141 3737 7736 3840 
16142 4194 7631 4195 
16143 3809 7826 3831 
16144 7553 7754 3371 
16145 3841 7721 3362 
16146 6782 7391 4839 
16147 7106 7285 6705 
16148 7100 7677 4889 
16149 7030 7130 3731 
16150 5149 7285 5148 
16151 4069 7787 7516 
16152 3639 7830 6645 
16153 4771 7452 6957 
16154 7548 7799 2777 
16155 5124 7807 5126 
16156 6878 6879 4124 
16157 7138 7508 5589 
16158 5186 7558 5193 
16159 5197 7466 7083 
16160 4907 7840 7400 
16161 7374 7783 4271 
16162 4865 7743 6769 
16163 7065 7529 4285 
16164 4230 7543 7196 
16165 7299 7506 4641 
16166 7069 7591 3732 
16167 4064 7629 7514 
16168 3424 7562 7344 
16169 4021 7438 6583 
16170 4730 7582 6925 
16171 7447 7448 4392 
16172 7332 7807 5124 
16173 4028 7426 4022 
16174 7660 7661 5382 
16175 4402 6875 6874 
16176 2874 7693 2875 
16177 5130 7692 5115 
16178 7197 7834 4055 
16179 5118 7692 5131 
16180 3776 6943 6942 
16181 7104 7624 4627 
16182 7552 7762 6900 
16183 3765 7284 7283 
16184 3999 7615 4006 
16185 3782 7239 7238 
16186 7067 7510 4267 
16187 6586 7849 4172 
16188 5387 7819 7136 
16189 3759 7352 6992 
16190 4654 7801 4651 
16191 5400 7687 7128 
16192 4127 7456 6866 
16193 4203 7410 6935 
16194 4615 7852 4610 
16195 6940 7737 3789 
16196 5115 7692 5118 
16197 4271 7783 4257 
16198 4406 7647 7290 
16199 3113 7594 7120 
16200 4467 7797 4466 
16201 4481 7604 4492 
16202 4006 7615 7122 
16203 4208 7410 4205 
16204 4915 7712 4911 
16205 3845 7223 6657 
16206 3846 7581 7365 
16207 7080 7850 4261 
16208 3216 7575 6637 
16209 4056 7756 4058 
16210 7572 7830 3639 
16211 4834 7511 4821 
16212 3236 7813 3234 
16213 5057 7479 5053 
16214 6525 7483 4890 
16215 4883 7483 4884 
16216 3632 7837 7657 
16217 7153 7714 4204 
16218 5616 7283 7249 
16219 4879 7699 7303 
16220 5552 7544 5556 
16221 7418 7728 3832 
16222 4824 7523 4817 
16223 5126 7807 6930 
16224 4670 7796 7349 
16225 3384 7794 6920 
16226 3778 7578 6943 
16227 4741 7580 4738 
16228 7704 7845 5380 
16229 5131 7854 5120 
16230 3355 7531 6908 
16231 4404 7478 7127 
16232 3821 7393 7021 
16233 3785 7270 7269 
16234 3707 7736 3737 
16235 7336 7460 4866 
16236 4566 7723 4572 
16237 5616 7309 7283 
16238 4777 7807 7332 
16239 4867 7589 4888 
16240 4282 7686 6789 
16241 6435 7826 3807 
16242 7312 7717 4869 
16243 6935 7631 4199 
16244 4068 7788 7787 
16245 4004 7615 4001 
16246 5492 7213 7212 
16247 4575 7723 4566 
16248 7081 7337 4380 
16249 6462 7616 4952 
16250 3807 7826 3809 
16251 7089 7812 4905 
16252 4623 7670 4619 
16253 4314 7629 4317 
16254 3676 7693 3635 
16255 7787 7788 4574 
16256 4657 7801 4654 
16257 5666 7652 5665 
16258 5668 7691 7652 
16259 4033 7557 7216 
16260 7245 7467 4825 
16261 4727 7694 7276 
16262 6920 7794 3401 
16263 7404 7827 4103 
16264 7671 7852 4615 
16265 7237 7848 3596 
16266 4544 7722 4543 
16267 5375 7744 5377 
16268 7802 7816 4697 
16269 3430 7473 7472 
16270 3237 7847 7402 
16271 6879 7422 4124 
16272 6969 7426 4048 
16273 4058 7756 4061 
16274 7580 7581 4735 
16275 4112 7790 7416 
16276 3715 7844 3708 
16277 4651 7801 4652 
16278 6812 7849 4161 
16279 4936 7176 4938 
16280 4610 7852 4613 
16281 7489 7747 4780 
16282 7166 7667 6541 
16283 4053 7396 6988 
16284 7249 7283 3818 
16285 7581 7582 4733 
16286 7420 7668 4138 
16287 5494 7680 7555 
16288 7647 7789 4400 
16289 7174 7621 3216 
16290 4614 7570 7272 
16291 3806 7689 6708 
16292 7655 7711 4646 
16293 3334 7628 7345 
16294 4091 7465 7141 
16295 7021 7384 3821 
16296 7290 7761 4406 
16297 7608 7812 4873 
16298 3246 7795 7397 
16299 7670 7671 4617 
16300 7266 7768 3782 
16301 3725 7810 7389 
16302 5389 7424 7231 
16303 4015 7700 7313 
16304 3732 7574 7069 
16305 7295 7817 3265 
16306 7525 7699 4879 
16307 3800 7372 7268 
16308 7555 7811 5501 
16309 7619 7620 5376 
16310 5201 7688 7425 
16311 3886 7507 7406 
16312 7734 7841 4650 
16313 4780 7747 7457 
16314 3797 7671 7670 
16315 3782 7768 7239 
16316 7516 7787 4574 
16317 3233 7830 7572 
16318 7382 7715 4162 
16319 3846 7582 7581 
16320 3707 7844 7736 
16321 7332 7854 4777 
16322 7399 7633 3810 
16323 3145 7728 7418 
16324 4258 7816 7802 
16325 7042 7352 3759 
16326 7652 7691 5665 
16327 3748 3852 3750 
16328 3752 3757 3754 
16329 3762 3767 3764 
16330 3775 3780 3777 
16331 3779 3796 3783 
16332 3786 3794 3788 
16333 4244 7347 4245 
16334 7614 7802 4272 
16335 4277 7114 4275 
16336 4349 4356 4346 
16337 4379 4384 4381 
16338 4389 4394 4391 
16339 4490 6579 4499 
16340 4516 4520 4517 
16341 4543 6270 6211 
16342 4618 7148 4620 
16343 4645 4667 4643 
16344 4649 6940 4647 
16345 4953 7228 4955 
16346 4957 6462 4954 
16347 6867 7316 5056 
16348 5096 5101 5098 
16349 5106 6833 5103 
16350 5104 5110 5107 
16351 5358 5405 5360 
16352 5361 7103 5359 
16353 6475 7845 5629 
16354 6751 7322 6364 
$EndElements
